1,2984,4,547.0,'Connected',939,'9340653','6559236',-0.008,203.00,810,0.0014,0.0039,1
2,7728,48,199.0,'Connected',408,'1943398','5033445',0.005,216.00,985,-0.0074,0.0011,2
3,5759,41,441.0,'Disconnected',981,'5199723','8934815',0.003,431.00,649,-0.0046,0.0037,3
4,132,65,409.0,'Disconnected',453,'9988341','8496843',0.004,564.00,796,0.0005,0.0007,4
5,8180,1,412.0,'Disconnected',867,'5443901','3825955',-0.005,786.00,411,-0.0095,0.0044,5
6,5569,55,833.0,'Connected',938,'1737537','3884002',-0.003,450.00,423,-0.0054,0.0077,6
7,7529,53,756.0,'Connected',875,'2602475','5627461',0.006,694.00,322,-0.0021,0.0089,7
8,1706,93,373.0,'Connected',679,'3978770','9627536',-0.008,990.00,88,-0.0049,0.0017,8
9,6666,87,226.0,'Disconnected',747,'4166930','3398493',0.006,803.00,448,-0.0044,0.0094,9
10,4006,3,796.0,'Connected',951,'3206388','4675537',-0.005,136.00,690,-0.0094,0.0048,10
11,7642,72,849.0,'Connected',858,'2912139','7171657',0.007,699.00,682,0.0091,0.0043,11
12,1520,12,294.0,'Connected',488,'1270177','7778036',-0.004,349.00,994,-0.0061,0.0063,12
13,997,33,716.0,'Connected',464,'5467630','7507660',-0.005,647.00,313,-0.0032,0.0076,13
14,5311,31,331.0,'Connected',714,'5332356','6177758',-0.001,80.00,50,0.007,0.0028,14
15,8061,75,893.0,'Connected',795,'1816826','1636098',0.005,354.00,897,-0.0011,0.0089,15
16,678,48,164.0,'Disconnected',105,'2314991','8713601',-0.009,297.00,572,0.0051,0.0038,16
17,3441,62,651.0,'Connected',450,'8822144','3976861',-0.008,302.00,631,-0.0073,0.004,17
18,5278,23,92.0,'Disconnected',335,'1460914','2829561',-0.002,813.00,720,-0.0036,0.0018,18
19,1496,25,898.0,'Connected',923,'8244067','3519573',-0.008,526.00,630,-0.0028,0.0062,19
20,5249,90,697.0,'Disconnected',651,'3709788','3665751',-0.004,148.00,141,0.0082,0.0007,20
21,2477,70,616.0,'Disconnected',947,'8243572','8280726',-0.002,137.00,523,-0.0069,0.0093,21
22,6532,63,284.0,'Disconnected',787,'6713555','6116338',-0.008,53.00,613,0.0032,0.0064,22
23,3142,96,245.0,'Connected',701,'5558148','9287922',-0.001,347.00,739,-0.0009,0.006,23
24,1474,23,621.0,'Disconnected',274,'2728981','1445347',0.010,67.00,84,-0.0007,0.0011,24
25,3452,8,545.0,'Disconnected',123,'4587274','5429880',0.007,850.00,936,0.0029,0.0062,25
26,3946,63,631.0,'Disconnected',849,'9936555','6822352',-0.010,694.00,288,-0.008,0.0074,26
27,7285,46,945.0,'Disconnected',517,'8390537','7109986',0.000,858.00,220,-0.0053,0.0067,27
28,5393,13,599.0,'Connected',28,'6142420','2936555',0.008,111.00,795,0.004,0.0032,28
29,7258,67,820.0,'Connected',735,'2532868','6054286',0.005,707.00,157,-0.0083,0.006,29
30,6591,57,778.0,'Connected',483,'9312736','6133095',0.005,291.00,194,-0.0072,0.007,30
31,8708,76,282.0,'Disconnected',120,'9645626','6478908',0.010,281.00,828,-0.0011,0.0051,31
32,5935,97,858.0,'Disconnected',622,'5287649','1293534',-0.001,387.00,769,0.0021,0.0009,32
33,5953,77,446.0,'Connected',206,'7497255','7762729',-0.007,552.00,724,-0.0005,0.0024,33
34,393,60,959.0,'Connected',108,'1250728','8896415',0.003,106.00,451,0.0001,0.01,34
35,4141,4,170.0,'Connected',882,'7316269','2258553',0.003,318.00,798,-0.0084,0.0035,35
36,7303,6,163.0,'Connected',969,'6868267','2601233',0.008,654.00,281,-0.0004,0.0054,36
37,3175,13,703.0,'Connected',626,'3997791','4292546',0.004,666.00,203,-0.0092,0.0008,37
38,7145,97,822.0,'Connected',478,'4620755','1576936',0.001,356.00,399,0.01,0.0064,38
39,2131,57,920.0,'Connected',584,'2446833','7055229',-0.004,776.00,892,0.006,0.0079,39
40,914,8,424.0,'Connected',701,'1954528','4358298',0.004,770.00,873,-0.0036,0.0047,40
41,7193,10,56.0,'Connected',767,'6283191','7410880',-0.007,95.00,527,0.008,0.0098,41
42,1760,14,594.0,'Connected',139,'5232316','4059914',-0.010,127.00,530,0.004,0.0037,42
43,1404,22,267.0,'Connected',785,'2388895','4826823',-0.005,450.00,941,-0.01,0.0043,43
44,537,55,930.0,'Disconnected',757,'7066864','3849103',-0.009,670.00,164,0.0047,0.0002,44
45,6231,91,993.0,'Disconnected',495,'3934181','4204389',0.003,754.00,158,0.0033,0.0067,45
46,8836,69,441.0,'Connected',117,'4258442','2258414',0.008,10.00,702,0.0095,0.001,46
47,4170,85,690.0,'Disconnected',419,'1946350','4509705',-0.007,978.00,890,0.0,0.0083,47
48,8822,92,347.0,'Disconnected',423,'7618056','8902421',0.008,325.00,36,-0.0076,0.0097,48
49,4313,58,292.0,'Disconnected',887,'8507772','7214810',-0.003,195.00,358,0.0002,0.0048,49
50,1332,93,168.0,'Disconnected',170,'2017308','9999688',-0.004,680.00,790,-0.0031,0.0028,50
51,9672,81,323.0,'Connected',887,'4805101','8664716',0.002,249.00,184,0.0076,0.0002,51
52,7993,57,78.0,'Disconnected',315,'5386126','5146456',0.002,7.00,418,0.0092,0.0058,52
53,4286,50,106.0,'Connected',624,'1512812','4068788',-0.009,527.00,416,0.0067,0.0006,53
54,4508,44,83.0,'Disconnected',138,'6835237','3844896',-0.005,372.00,426,0.0005,0.0068,54
55,1914,85,149.0,'Disconnected',884,'9726877','8995243',0.010,123.00,109,-0.0041,0.0046,55
56,7954,74,891.0,'Disconnected',17,'2498975','5925775',0.005,513.00,553,0.0079,0.0058,56
57,3835,65,101.0,'Connected',651,'4238239','1517386',0.005,333.00,239,0.0041,0.0037,57
58,4682,68,189.0,'Disconnected',473,'3212201','1157093',0.007,875.00,716,-0.0047,0.0005,58
59,9483,47,931.0,'Disconnected',500,'6192092','6997769',0.005,436.00,94,-0.0086,0.0042,59
60,6836,69,146.0,'Disconnected',361,'1878093','7594014',-0.005,471.00,745,0.0015,0.003,60
61,5807,25,221.0,'Connected',586,'2141718','5930618',0.001,896.00,307,-0.0016,0.0037,61
62,1875,85,220.0,'Connected',905,'5458664','1294024',-0.006,808.00,90,0.0003,0.0061,62
63,4972,38,225.0,'Disconnected',753,'6838900','8257778',-0.007,552.00,699,-0.0059,0.0043,63
64,3781,64,31.0,'Connected',501,'9367304','7601622',0.006,682.00,723,-0.0063,0.0004,64
65,3042,62,754.0,'Connected',163,'4297106','4197921',-0.001,252.00,989,-0.0065,0.0071,65
66,5239,0,576.0,'Disconnected',301,'5964836','4484474',0.004,906.00,809,0.0008,0.0043,66
67,2694,40,882.0,'Disconnected',493,'8751809','2173366',-0.006,268.00,534,0.0096,0.0011,67
68,5129,36,242.0,'Disconnected',849,'4372651','9594391',0.006,268.00,944,-0.0055,0.0088,68
69,7022,42,466.0,'Connected',743,'9790341','6055424',0.010,200.00,980,-0.0029,0.0003,69
70,6626,76,463.0,'Connected',909,'1985723','7437259',-0.007,329.00,606,0.0045,0.0065,70
71,6599,40,380.0,'Connected',503,'5264518','2741594',0.009,615.00,525,-0.007,0.0022,71
72,7129,9,19.0,'Disconnected',65,'7304267','7769121',0.004,687.00,758,-0.0064,0.01,72
73,3273,40,190.0,'Connected',502,'6348251','7435404',0.007,681.00,974,-0.0043,0.0045,73
74,5069,46,662.0,'Connected',659,'3378189','8879080',-0.008,500.00,185,0.0036,0.0071,74
75,831,20,718.0,'Connected',422,'2993557','7572046',0.008,344.00,853,0.0075,0.0097,75
76,850,96,748.0,'Connected',484,'4674468','7346458',-0.009,323.00,898,-0.0029,0.0062,76
77,5227,52,138.0,'Connected',41,'1235312','9495500',-0.005,329.00,219,0.0019,0.0001,77
78,3652,52,205.0,'Connected',511,'9581651','7305914',-0.005,284.00,863,-0.0059,0.0091,78
79,1862,70,534.0,'Connected',920,'6340969','9656330',-0.007,292.00,942,0.0058,0.0025,79
80,4472,34,357.0,'Disconnected',499,'5306581','3057022',0.009,741.00,753,0.0096,0.0058,80
81,4443,92,350.0,'Connected',567,'6644473','7505781',0.005,905.00,230,0.0038,0.0064,81
82,9080,17,354.0,'Connected',663,'4123976','6011308',-0.004,526.00,528,0.0068,0.0094,82
83,8811,47,808.0,'Disconnected',955,'5255708','7835985',0.004,540.00,926,-0.0026,0.0031,83
84,631,3,481.0,'Connected',756,'5468470','8389387',0.002,34.00,827,0.0089,0.0082,84
85,7602,72,770.0,'Connected',66,'4941184','7527386',0.000,38.00,519,-0.0013,0.0022,85
86,603,82,438.0,'Connected',651,'9020623','5445955',0.005,644.00,18,0.0046,0.0022,86
87,4528,88,192.0,'Disconnected',854,'6351762','4482464',-0.001,90.00,654,0.0067,0.0001,87
88,500,44,874.0,'Connected',964,'9012820','2299384',-0.002,569.00,8,-0.0009,0.0033,88
89,1709,54,81.0,'Connected',636,'7382708','4746158',0.000,250.00,793,-0.0042,0.0074,89
90,8989,12,51.0,'Disconnected',107,'7885032','8787238',0.008,664.00,375,-0.0026,0.0072,90
91,7017,69,40.0,'Connected',759,'5648502','1657035',-0.009,579.00,88,-0.0047,0.0004,91
92,677,12,680.0,'Connected',615,'3562291','9376159',0.002,915.00,307,-0.0083,0.004,92
93,404,11,665.0,'Disconnected',448,'3282034','2287062',0.002,136.00,886,0.0023,0.0004,93
94,8586,39,192.0,'Disconnected',793,'1580960','1731615',0.008,454.00,247,-0.0099,0.0097,94
95,8773,57,133.0,'Disconnected',265,'3506668','1112383',-0.007,613.00,821,0.0034,0.0002,95
96,5355,73,904.0,'Connected',712,'8973627','8597750',0.010,691.00,801,-0.0039,0.0046,96
97,7383,24,231.0,'Connected',225,'9713348','4508918',0.010,494.00,735,0.0011,0.0029,97
98,6567,21,689.0,'Connected',908,'4578668','1934148',0.006,945.00,799,0.0072,0.0088,98
99,5301,88,708.0,'Connected',228,'7395229','4501393',0.001,347.00,695,-0.0025,0.0046,99
100,557,86,827.0,'Connected',166,'7055312','3156632',-0.004,606.00,727,-0.004,0.002,100
101,2527,12,294.0,'Connected',446,'6108021','8230638',-0.005,691.00,323,0.0052,0.0041,101
102,6973,62,931.0,'Disconnected',256,'1611208','8235162',0.001,719.00,275,0.0066,0.0073,102
103,8326,32,538.0,'Connected',363,'8215446','2524986',-0.009,496.00,184,0.001,0.0066,103
104,3740,43,721.0,'Connected',956,'9818856','8209666',-0.009,583.00,600,-0.0001,0.004,104
105,5903,43,324.0,'Connected',906,'4266949','2117956',-0.002,999.00,782,0.0069,0.0097,105
106,412,73,702.0,'Connected',632,'1577353','8839476',0.000,487.00,359,-0.0038,0.005,106
107,8314,6,743.0,'Connected',219,'5360035','5223898',0.004,54.00,55,0.0075,0.0019,107
108,8464,94,236.0,'Connected',41,'7564379','2769496',-0.010,366.00,793,-0.0078,0.0034,108
109,1048,88,7.0,'Disconnected',969,'7475538','9519788',0.008,714.00,854,-0.0087,0.0003,109
110,8268,17,666.0,'Connected',532,'4549402','2399334',-0.002,913.00,802,-0.01,0.005,110
111,3350,32,597.0,'Connected',792,'2803454','9643477',-0.005,317.00,562,-0.0042,0.0079,111
112,7905,68,418.0,'Disconnected',309,'8046334','1138383',-0.007,903.00,465,0.0058,0.0079,112
113,6547,78,861.0,'Disconnected',420,'8518530','4968488',0.003,354.00,944,-0.0099,0.0075,113
114,2565,43,862.0,'Disconnected',689,'2606721','1377296',-0.003,299.00,282,-0.0028,0.0008,114
115,304,19,982.0,'Connected',54,'8133021','6703392',-0.010,233.00,972,-0.0056,0.008,115
116,7708,68,28.0,'Connected',610,'3799252','2372994',0.000,551.00,881,0.0024,0.0085,116
117,3511,97,978.0,'Disconnected',936,'7873528','6137017',-0.003,663.00,886,0.0028,0.0035,117
118,9590,77,933.0,'Connected',109,'8516665','2402541',-0.002,273.00,587,-0.0047,0.0092,118
119,4096,4,783.0,'Connected',599,'1470728','5367194',0.001,533.00,303,0.0095,0.0073,119
120,1686,72,880.0,'Disconnected',781,'7577389','5890913',-0.006,205.00,264,0.0062,0.0072,120
121,1660,52,490.0,'Connected',773,'6715275','9035524',0.008,86.00,102,0.0023,0.0066,121
122,2763,40,902.0,'Connected',409,'8092324','7999787',0.003,694.00,72,0.0081,0.009,122
123,8313,30,101.0,'Connected',484,'5664464','1422020',-0.007,718.00,345,0.0069,0.0014,123
124,8701,16,797.0,'Connected',672,'9233540','8209229',0.002,361.00,151,-0.0058,0.0039,124
125,7621,79,407.0,'Connected',498,'1867448','6425416',0.007,570.00,662,0.0086,0.0018,125
126,319,2,259.0,'Connected',715,'1040245','1518790',-0.002,811.00,395,-0.0053,0.0044,126
127,6751,2,920.0,'Disconnected',747,'7158349','2909423',0.004,507.00,366,-0.0065,0.0069,127
128,8859,68,755.0,'Connected',497,'4813042','1937388',0.002,355.00,770,0.0002,0.0042,128
129,685,19,932.0,'Disconnected',949,'8434652','6458151',0.007,266.00,194,0.0006,0.0064,129
130,6836,70,513.0,'Connected',235,'9607692','7064056',-0.007,790.00,446,0.0052,0.0091,130
131,3417,85,519.0,'Disconnected',402,'7311582','9711743',-0.010,760.00,871,-0.0007,0.0066,131
132,6070,21,891.0,'Disconnected',929,'1676276','5758131',-0.005,949.00,529,0.0033,0.0041,132
133,6634,77,856.0,'Connected',95,'3890614','2065169',-0.009,980.00,959,-0.003,0.0064,133
134,5893,32,330.0,'Connected',954,'5416442','3192225',0.006,276.00,416,-0.0043,0.0027,134
135,3252,19,268.0,'Disconnected',253,'3124291','3508346',-0.003,676.00,222,-0.0098,0.0053,135
136,7250,29,303.0,'Connected',728,'9684038','5604084',-0.003,966.00,156,0.0061,0.009,136
137,7262,73,920.0,'Disconnected',90,'1668500','7274737',-0.003,992.00,116,0.01,0.0086,137
138,178,55,672.0,'Disconnected',250,'1683633','6209433',0.006,397.00,617,-0.009,0.002,138
139,3668,5,987.0,'Disconnected',747,'6885253','6389852',-0.008,128.00,155,-0.0087,0.0088,139
140,4317,82,702.0,'Connected',378,'1161552','2133367',0.008,417.00,276,0.0085,0.0088,140
141,1809,2,681.0,'Disconnected',84,'1220217','7705748',-0.006,147.00,293,0.0078,0.0055,141
142,7770,84,13.0,'Connected',624,'8474619','2743524',-0.009,686.00,848,-0.0059,0.0027,142
143,3778,66,30.0,'Disconnected',856,'6708720','2075122',0.006,65.00,315,0.0078,0.0085,143
144,4333,40,37.0,'Connected',671,'2645113','3719723',-0.006,64.00,493,-0.0027,0.0075,144
145,4739,18,956.0,'Connected',942,'1736930','1853668',0.000,836.00,253,0.009,0.0079,145
146,8513,9,946.0,'Connected',695,'7077657','3870111',-0.001,74.00,303,0.001,0.0036,146
147,8679,33,526.0,'Connected',982,'1769875','7034487',0.009,938.00,743,0.0,0.0075,147
148,4993,50,211.0,'Disconnected',17,'8363274','3476559',0.009,698.00,996,0.0095,0.0024,148
149,4689,10,726.0,'Connected',222,'8276250','3621344',0.005,363.00,11,-0.0076,0.0086,149
150,1093,95,793.0,'Disconnected',150,'6622086','3633173',-0.009,39.00,746,0.0061,0.009,150
151,3586,47,797.0,'Connected',861,'8804315','1206805',-0.004,575.00,996,0.0053,0.0057,151
152,3216,94,87.0,'Disconnected',588,'4786639','5579752',-0.001,500.00,134,0.0059,0.0028,152
153,3617,34,543.0,'Disconnected',247,'1800610','7559707',0.002,498.00,946,0.0099,0.0052,153
154,2571,45,859.0,'Connected',497,'3320392','2346414',0.007,18.00,876,-0.0023,0.0093,154
155,7875,84,388.0,'Disconnected',338,'1707133','9052287',-0.006,408.00,889,-0.007,0.0003,155
156,5426,68,478.0,'Connected',944,'1648611','2049861',0.000,9.00,821,0.0037,0.0006,156
157,9562,68,495.0,'Connected',367,'8565933','1095268',0.004,126.00,503,-0.0018,0.0037,157
158,5375,51,951.0,'Connected',656,'3507702','2541783',0.003,697.00,972,0.0037,0.0091,158
159,1156,48,996.0,'Disconnected',594,'2720505','5674139',0.008,713.00,167,0.0065,0.0031,159
160,3958,33,498.0,'Disconnected',613,'1637310','6701200',0.003,80.00,31,0.0058,0.0005,160
161,6735,6,405.0,'Disconnected',453,'2469762','9628994',0.004,18.00,348,-0.006,0.0072,161
162,8216,38,104.0,'Connected',457,'9183621','9665505',-0.004,561.00,575,-0.0053,0.0093,162
163,3469,58,509.0,'Disconnected',993,'3311269','5294021',0.007,65.00,103,-0.0042,0.0026,163
164,5183,26,44.0,'Connected',327,'7891940','2474337',-0.007,266.00,776,0.0073,0.0073,164
165,9988,53,860.0,'Connected',264,'1749641','5027128',-0.010,664.00,325,-0.0055,0.0025,165
166,9483,54,507.0,'Connected',310,'5315098','9961851',-0.006,965.00,137,0.003,0.0009,166
167,8860,11,923.0,'Disconnected',325,'1357432','4979556',0.010,782.00,471,-0.0029,0.0035,167
168,3207,49,455.0,'Connected',354,'2096071','8734275',-0.007,798.00,6,0.0054,0.0023,168
169,6248,38,424.0,'Disconnected',47,'4240738','1751041',-0.009,721.00,672,0.0012,0.0001,169
170,6730,45,367.0,'Disconnected',181,'3620408','4245038',0.003,436.00,73,-0.0044,0.002,170
171,5483,76,546.0,'Connected',583,'1366126','5180994',0.009,226.00,655,0.0005,0.0061,171
172,2707,61,618.0,'Connected',486,'8146543','2329897',0.004,153.00,157,-0.0009,0.0054,172
173,6227,72,166.0,'Disconnected',887,'8546741','2239209',-0.008,624.00,937,-0.0007,0.0012,173
174,2064,5,236.0,'Connected',175,'4887859','8108033',-0.008,695.00,42,-0.0099,0.0016,174
175,9733,64,450.0,'Connected',594,'5817840','8779647',0.005,184.00,616,-0.0078,0.0098,175
176,7777,79,520.0,'Disconnected',234,'3906629','6082818',0.004,719.00,720,0.0045,0.0045,176
177,732,22,570.0,'Connected',202,'8331447','3106150',-0.007,874.00,543,0.0047,0.0094,177
178,6782,65,690.0,'Disconnected',229,'9527564','8206125',-0.001,406.00,789,0.0089,0.006,178
179,7628,60,425.0,'Connected',523,'6949369','3812616',-0.009,985.00,898,-0.0045,0.0099,179
180,123,14,8.0,'Disconnected',537,'4051883','5918280',-0.008,133.00,707,-0.0055,0.0069,180
181,6922,36,26.0,'Disconnected',680,'6785849','4414445',-0.009,985.00,378,0.0027,0.0015,181
182,4478,24,123.0,'Disconnected',770,'8684303','3214395',-0.008,298.00,528,-0.0062,0.0007,182
183,5128,27,602.0,'Connected',575,'8749955','4162737',-0.007,694.00,908,0.001,0.0031,183
184,374,60,245.0,'Connected',266,'1724676','9384374',0.003,312.00,476,0.0024,0.0002,184
185,7661,19,860.0,'Connected',538,'2775374','5275263',0.001,107.00,775,-0.0035,0.0028,185
186,8311,35,62.0,'Disconnected',483,'4643989','1827798',0.001,225.00,635,0.0076,0.0015,186
187,7521,34,42.0,'Disconnected',371,'6631722','1581537',0.009,555.00,363,0.0093,0.0099,187
188,4513,86,158.0,'Connected',311,'1880568','4709902',0.000,470.00,666,0.0022,0.0017,188
189,1021,5,747.0,'Disconnected',875,'9656526','8632805',-0.006,661.00,31,-0.0044,0.0002,189
190,9912,95,137.0,'Disconnected',816,'3095397','6572009',-0.007,274.00,16,0.0058,0.0065,190
191,9982,77,961.0,'Disconnected',180,'8613822','7612533',0.000,349.00,765,-0.0049,0.0045,191
192,6245,63,329.0,'Disconnected',152,'7564965','9266099',0.006,450.00,130,-0.0038,0.0001,192
193,7116,90,334.0,'Connected',756,'2959730','5099476',-0.004,315.00,502,0.0062,0.0026,193
194,8972,87,197.0,'Connected',510,'4941380','9753265',-0.001,441.00,325,0.0055,0.0031,194
195,5666,82,907.0,'Disconnected',34,'8622205','2366624',-0.002,90.00,435,-0.0045,0.0073,195
196,1492,23,594.0,'Connected',131,'8744896','1062087',0.005,852.00,603,-0.0044,0.0054,196
197,5061,46,718.0,'Connected',300,'8700804','1160088',0.010,738.00,125,0.0095,0.003,197
198,3457,43,165.0,'Disconnected',3,'5330293','4566897',-0.006,378.00,835,-0.0088,0.0071,198
199,2828,62,115.0,'Connected',746,'2134898','5169946',-0.004,648.00,934,-0.0035,0.0055,199
200,7415,84,712.0,'Connected',190,'4014049','7646869',-0.004,175.00,816,-0.0014,0.0053,200
201,3067,97,605.0,'Connected',971,'3539108','8947295',0.010,522.00,675,0.005,0.0056,201
202,8740,97,396.0,'Connected',219,'1224850','9006077',0.006,507.00,91,-0.0089,0.0018,202
203,7920,7,308.0,'Connected',307,'4376276','1144959',-0.004,672.00,162,0.0041,0.0012,203
204,9013,5,609.0,'Connected',490,'7575383','8337490',-0.009,273.00,614,-0.0022,0.0014,204
205,4940,89,383.0,'Connected',787,'6487832','1095273',-0.001,822.00,46,0.0014,0.008,205
206,8447,28,278.0,'Disconnected',427,'4993913','4738789',-0.007,523.00,662,0.0012,0.0045,206
207,3602,17,622.0,'Connected',144,'3750797','3001110',0.008,435.00,544,-0.0002,0.0069,207
208,7607,62,43.0,'Disconnected',603,'9159057','5381820',0.005,886.00,322,0.0089,0.008,208
209,15,38,26.0,'Disconnected',726,'6683970','8740246',0.002,906.00,590,-0.0035,0.0011,209
210,1251,93,706.0,'Connected',219,'7983823','5990065',0.006,214.00,274,0.0075,0.0061,210
211,2390,29,400.0,'Disconnected',449,'1676472','5180253',-0.005,40.00,645,-0.0096,0.0003,211
212,2628,28,259.0,'Connected',226,'6928384','7032607',0.006,35.00,212,0.009,0.0076,212
213,348,57,682.0,'Connected',577,'2553252','7898475',0.005,768.00,513,0.0006,0.0077,213
214,251,76,730.0,'Disconnected',175,'5321794','7712310',0.007,765.00,703,0.0083,0.0055,214
215,8795,12,262.0,'Disconnected',963,'3829003','1970826',-0.009,933.00,259,0.0088,0.0038,215
216,774,33,52.0,'Connected',342,'4320213','2233102',0.003,547.00,616,-0.0017,0.0053,216
217,6739,84,29.0,'Connected',772,'4526183','4383267',0.008,166.00,154,0.0062,0.0073,217
218,2054,69,944.0,'Disconnected',502,'6368093','1300414',0.001,755.00,416,0.0044,0.0016,218
219,9579,61,15.0,'Connected',776,'7647346','7626210',-0.002,223.00,872,-0.0051,0.0057,219
220,8589,89,594.0,'Disconnected',603,'3936295','8937830',0.004,727.00,362,-0.0066,0.0098,220
221,104,58,560.0,'Disconnected',9,'8278961','9709485',0.007,452.00,606,-0.0036,0.0056,221
222,576,34,252.0,'Disconnected',920,'4607860','4858357',0.009,509.00,98,0.0071,0.0047,222
223,3629,80,636.0,'Disconnected',818,'2777794','9325096',0.008,535.00,100,0.0051,0.0093,223
224,8799,6,782.0,'Connected',904,'3934095','2157928',0.009,706.00,408,0.0003,0.01,224
225,890,76,664.0,'Connected',645,'2493572','6904245',0.001,503.00,594,0.0006,0.0062,225
226,4495,5,649.0,'Disconnected',356,'6937237','1307795',-0.008,633.00,385,0.0007,0.0091,226
227,2127,8,944.0,'Connected',263,'5837123','4294663',-0.002,550.00,305,0.0031,0.0035,227
228,3979,25,577.0,'Disconnected',772,'9147269','9584667',-0.002,973.00,285,0.0091,0.0034,228
229,6922,5,896.0,'Disconnected',537,'2831447','4623279',-0.006,799.00,914,-0.0061,0.0048,229
230,6275,49,727.0,'Connected',346,'7841239','8776647',0.001,741.00,175,-0.0088,0.0016,230
231,7372,67,809.0,'Disconnected',739,'9330933','4184378',0.005,837.00,832,0.002,0.0014,231
232,3964,4,151.0,'Connected',637,'1331785','4465626',-0.009,268.00,575,0.0006,0.0069,232
233,1714,29,862.0,'Disconnected',633,'7325819','2435512',-0.009,390.00,784,-0.0078,0.0095,233
234,2130,77,270.0,'Connected',633,'9625847','8572149',-0.008,68.00,131,0.0085,0.0058,234
235,2056,43,329.0,'Connected',412,'3458705','2318879',0.003,296.00,888,0.0027,0.0043,235
236,33,98,400.0,'Connected',242,'4788238','8889784',-0.009,293.00,834,0.0001,0.0079,236
237,9900,8,677.0,'Disconnected',809,'5687775','7735818',0.002,710.00,406,0.0013,0.0018,237
238,7105,88,460.0,'Disconnected',866,'6204372','5189462',-0.003,857.00,573,0.0093,0.0031,238
239,9549,82,126.0,'Disconnected',543,'1217544','7274299',0.008,809.00,273,0.007,0.0052,239
240,7508,9,933.0,'Disconnected',782,'6053132','7112823',-0.007,552.00,766,0.0052,0.0052,240
241,5955,21,598.0,'Disconnected',18,'8551254','6908694',-0.002,516.00,292,0.0037,0.0058,241
242,9402,55,394.0,'Connected',612,'9845963','4070978',0.008,19.00,281,-0.0025,0.0038,242
243,7145,32,54.0,'Connected',139,'1197110','6074992',0.001,866.00,793,0.0073,0.0036,243
244,4902,65,253.0,'Connected',166,'7470052','8221758',0.002,118.00,420,0.0021,0.0087,244
245,5639,43,134.0,'Disconnected',512,'2534500','7734613',0.001,786.00,867,0.0052,0.0037,245
246,4230,1,704.0,'Connected',910,'1548527','5693542',0.000,938.00,195,0.0021,0.0025,246
247,3978,67,419.0,'Connected',131,'4473061','9783853',-0.006,591.00,801,-0.0055,0.0079,247
248,635,18,615.0,'Connected',167,'1152899','1832922',0.000,976.00,353,-0.0083,0.0073,248
249,7263,86,335.0,'Connected',17,'8088935','7482967',0.000,479.00,959,-0.0016,0.002,249
250,4733,41,987.0,'Disconnected',419,'5247581','8109836',0.007,221.00,358,0.0019,0.0004,250
251,7772,72,457.0,'Disconnected',128,'7269314','4007981',-0.008,799.00,137,-0.0059,0.0046,251
252,6885,52,442.0,'Connected',583,'3215601','5531336',0.006,767.00,624,0.0057,0.0036,252
253,2480,56,733.0,'Disconnected',634,'1263784','4253876',0.003,624.00,610,0.008,0.0054,253
254,4120,74,407.0,'Connected',259,'7333648','4156915',-0.005,521.00,310,-0.0095,0.0058,254
255,8034,52,841.0,'Connected',216,'4701559','5755362',0.000,470.00,352,-0.0064,0.0015,255
256,512,45,834.0,'Disconnected',381,'2566801','4391699',-0.009,829.00,682,0.0094,0.0057,256
257,2974,5,702.0,'Connected',748,'2309755','4290440',0.005,647.00,342,-0.0088,0.0068,257
258,7492,76,549.0,'Connected',882,'9113687','1464196',-0.006,543.00,279,-0.0074,0.0043,258
259,9025,59,18.0,'Disconnected',702,'5021598','5592910',-0.009,578.00,820,0.0046,0.0022,259
260,6365,36,740.0,'Connected',750,'7330180','9790659',0.001,406.00,492,0.0017,0.0057,260
261,2206,6,287.0,'Connected',558,'2276163','4483608',-0.004,952.00,845,-0.0055,0.0024,261
262,1675,6,26.0,'Disconnected',750,'5766392','5076039',-0.008,930.00,769,-0.0041,0.0078,262
263,1389,64,792.0,'Connected',644,'1113185','7544898',0.006,485.00,473,-0.0056,0.0009,263
264,4692,25,225.0,'Disconnected',796,'4325828','5445724',0.000,568.00,499,-0.0022,0.0038,264
265,4915,44,750.0,'Disconnected',122,'7137531','5539895',0.009,304.00,155,0.0007,0.0081,265
266,4432,13,268.0,'Disconnected',384,'7903428','4285664',0.006,895.00,190,0.0067,0.009,266
267,5395,3,772.0,'Connected',608,'1854298','1811885',0.003,64.00,386,-0.0083,0.009,267
268,9074,21,333.0,'Connected',202,'9886425','6969903',0.008,987.00,692,0.0038,0.0066,268
269,8521,27,826.0,'Disconnected',902,'8750245','8067750',-0.007,984.00,846,-0.0089,0.0052,269
270,274,64,401.0,'Connected',560,'8172277','8788018',-0.001,912.00,984,-0.0048,0.0057,270
271,151,93,509.0,'Disconnected',262,'3734177','9077525',-0.010,357.00,85,-0.0001,0.0015,271
272,8694,64,229.0,'Disconnected',561,'1700135','8594389',-0.003,29.00,683,-0.0079,0.0046,272
273,6706,97,945.0,'Connected',331,'9016805','9702267',-0.010,414.00,582,0.0011,0.0056,273
274,3236,82,235.0,'Disconnected',499,'9752369','7661243',-0.005,824.00,445,-0.0045,0.008,274
275,9072,40,129.0,'Disconnected',429,'1052934','1227779',-0.008,736.00,902,-0.0089,0.007,275
276,3901,28,514.0,'Connected',537,'7424024','8216766',-0.002,98.00,775,-0.0067,0.0085,276
277,3858,85,607.0,'Disconnected',397,'2221703','9633058',-0.001,498.00,584,-0.0061,0.007,277
278,1463,42,886.0,'Connected',83,'1338661','6869733',-0.001,493.00,428,-0.0022,0.0056,278
279,4749,56,62.0,'Connected',313,'2450548','9923360',-0.003,230.00,781,0.0095,0.0082,279
280,701,64,252.0,'Disconnected',22,'8036531','4959621',0.004,980.00,20,0.0038,0.0005,280
281,2601,74,948.0,'Connected',856,'4966920','7091698',0.002,987.00,347,-0.0062,0.0014,281
282,8654,21,336.0,'Disconnected',164,'7532770','8592789',0.000,573.00,182,0.0099,0.0042,282
283,2588,2,775.0,'Connected',106,'4604035','9154576',0.004,917.00,82,-0.0077,0.0029,283
284,3885,84,718.0,'Disconnected',767,'3631046','6094440',-0.002,713.00,791,-0.0036,0.0052,284
285,7494,56,309.0,'Connected',891,'8451770','5450615',0.003,940.00,545,-0.0079,0.0062,285
286,5544,30,723.0,'Disconnected',420,'8704950','9178861',-0.010,297.00,248,-0.0062,0.0049,286
287,6790,15,865.0,'Connected',154,'8894847','7177115',-0.006,213.00,542,0.0092,0.0057,287
288,6172,47,898.0,'Disconnected',584,'9773773','5315458',-0.001,881.00,68,-0.0007,0.0087,288
289,8383,55,75.0,'Connected',575,'3307608','9547334',0.007,659.00,872,0.0057,0.0067,289
290,2587,20,499.0,'Connected',479,'3903948','1380671',-0.007,380.00,329,0.009,0.0035,290
291,4935,77,15.0,'Connected',642,'3944127','1420838',0.007,244.00,51,-0.0028,0.0028,291
292,3582,54,36.0,'Disconnected',168,'6739136','7732549',0.006,113.00,539,0.0092,0.0056,292
293,4783,44,736.0,'Disconnected',250,'7623230','4263012',-0.005,789.00,277,0.0002,0.0041,293
294,6827,28,345.0,'Connected',908,'5221580','3752652',-0.006,23.00,111,0.0092,0.0078,294
295,1219,82,754.0,'Disconnected',803,'7664809','5903181',0.001,746.00,772,0.0065,0.0011,295
296,1677,62,917.0,'Connected',700,'4803044','9845516',0.008,165.00,559,-0.0013,0.0006,296
297,9169,99,660.0,'Connected',145,'3669338','2438037',-0.008,220.00,536,0.0058,0.0066,297
298,1225,54,22.0,'Disconnected',925,'5231963','1828626',-0.003,488.00,691,0.003,0.0029,298
299,8329,13,165.0,'Connected',802,'6188450','8671849',0.002,575.00,78,0.0068,0.0038,299
300,1096,10,448.0,'Disconnected',837,'2064010','3608868',-0.009,890.00,167,-0.0063,0.0025,300
301,1278,82,19.0,'Disconnected',799,'1102706','9987099',0.007,272.00,50,0.0094,0.0099,301
302,4377,37,631.0,'Connected',60,'4734693','7054587',-0.009,534.00,814,-0.0074,0.0094,302
303,790,79,546.0,'Disconnected',433,'2829974','1770449',-0.005,180.00,721,-0.0094,0.0065,303
304,9756,49,439.0,'Disconnected',706,'3371690','8442641',0.010,866.00,518,0.005,0.0071,304
305,8336,59,312.0,'Disconnected',233,'3602596','8845272',0.005,307.00,656,0.0002,0.004,305
306,9511,85,813.0,'Disconnected',23,'5181686','5331258',0.005,423.00,111,0.0042,0.0037,306
307,9962,92,551.0,'Disconnected',974,'3004425','1937892',0.002,61.00,911,-0.0058,0.0034,307
308,9217,96,583.0,'Disconnected',123,'7949792','5037068',-0.006,141.00,945,0.0046,0.0036,308
309,2895,100,520.0,'Disconnected',267,'5174863','4506971',0.005,43.00,785,-0.0019,0.0027,309
310,4318,56,207.0,'Connected',127,'6668896','1438192',0.004,861.00,346,0.0008,0.0093,310
311,9232,45,342.0,'Disconnected',901,'3395218','6086001',-0.003,923.00,357,0.0079,0.0091,311
312,9770,80,647.0,'Disconnected',949,'3701228','8279142',-0.008,974.00,687,0.0014,0.002,312
313,2458,81,122.0,'Disconnected',41,'4060413','5360323',-0.002,848.00,207,0.0067,0.0095,313
314,2860,45,952.0,'Disconnected',993,'8697851','2532826',0.004,941.00,835,-0.0015,0.0078,314
315,2761,72,467.0,'Disconnected',579,'3023776','2661820',-0.004,615.00,598,0.009,0.0018,315
316,6463,87,250.0,'Disconnected',517,'4915463','2256703',0.010,104.00,728,0.0049,0.0041,316
317,2616,28,73.0,'Disconnected',130,'1519369','1489869',0.009,455.00,52,-0.0086,0.0075,317
318,7167,0,668.0,'Connected',20,'6540523','7457757',-0.004,956.00,593,0.0031,0.0017,318
319,3100,7,775.0,'Disconnected',337,'3456574','4121580',-0.005,465.00,279,-0.0061,0.0003,319
320,5585,72,747.0,'Connected',218,'6174645','1078606',-0.002,82.00,971,0.0082,0.0099,320
321,1964,45,51.0,'Connected',274,'7785134','2471209',0.009,276.00,260,-0.0071,0.0057,321
322,1657,60,552.0,'Disconnected',173,'8861042','8598516',0.003,140.00,350,0.0047,0.0005,322
323,4208,4,443.0,'Disconnected',919,'5539001','2978371',-0.006,57.00,828,0.0045,0.0087,323
324,5758,6,58.0,'Connected',77,'9893437','5468782',0.008,711.00,256,0.0068,0.0035,324
325,2463,14,802.0,'Connected',95,'3617339','3619658',0.008,675.00,140,0.004,0.007,325
326,2963,73,782.0,'Disconnected',45,'8197874','6713867',0.008,267.00,792,-0.0086,0.0091,326
327,7130,94,912.0,'Connected',663,'5945642','6689154',-0.006,733.00,592,-0.0031,0.0095,327
328,1592,56,633.0,'Connected',873,'4189516','3362518',-0.004,526.00,106,0.0026,0.0083,328
329,8670,42,303.0,'Disconnected',440,'9109590','3182819',-0.002,913.00,984,0.0086,0.0023,329
330,5273,60,572.0,'Connected',409,'4506706','5437904',-0.005,457.00,895,0.0088,0.0084,330
331,6714,60,62.0,'Connected',685,'2768524','3307658',-0.007,576.00,791,0.003,0.0083,331
332,8397,97,899.0,'Disconnected',19,'8289895','8435378',-0.003,850.00,673,-0.0077,0.0058,332
333,9752,29,911.0,'Connected',778,'4714738','5804300',-0.008,323.00,138,-0.0073,0.0008,333
334,8916,53,205.0,'Connected',507,'9324384','4538535',0.007,196.00,396,-0.0028,0.0075,334
335,1874,4,733.0,'Disconnected',927,'4526807','3406882',0.000,277.00,569,-0.0041,0.0064,335
336,1587,14,449.0,'Connected',303,'4304465','6762738',0.000,463.00,226,-0.0099,0.0022,336
337,307,14,705.0,'Connected',502,'5353172','8928568',0.009,643.00,166,0.003,0.0036,337
338,8905,33,512.0,'Connected',461,'9074955','3030357',0.006,983.00,630,-0.0057,0.0097,338
339,379,38,750.0,'Disconnected',816,'1841703','7984991',-0.008,999.00,530,0.0071,0.0033,339
340,7860,98,78.0,'Disconnected',738,'2808068','3736779',0.000,175.00,483,0.0028,0.0033,340
341,2854,43,725.0,'Connected',860,'9898817','6286978',-0.007,965.00,115,-0.0076,0.0065,341
342,6461,34,971.0,'Connected',602,'6644993','5626116',0.007,352.00,954,0.0078,0.0071,342
343,987,28,207.0,'Disconnected',201,'2629816','1997913',0.002,245.00,475,-0.0088,0.0061,343
344,5636,37,548.0,'Connected',993,'8896117','9703123',-0.009,587.00,924,-0.0075,0.0023,344
345,7184,10,158.0,'Connected',290,'5733075','2366292',0.004,435.00,263,-0.0041,0.0073,345
346,579,50,42.0,'Disconnected',207,'9245390','4398332',-0.004,569.00,61,0.0073,0.0099,346
347,5894,15,207.0,'Disconnected',876,'2892819','5514403',-0.005,691.00,98,-0.0093,0.0006,347
348,6333,24,895.0,'Connected',92,'4100049','1494812',-0.003,566.00,340,-0.0025,0.0047,348
349,3257,99,60.0,'Connected',493,'7133864','1136460',-0.008,633.00,357,0.0039,0.0057,349
350,2297,13,811.0,'Connected',679,'5410313','1255747',0.006,957.00,845,-0.0061,0.0024,350
351,995,51,208.0,'Disconnected',1000,'5445736','7936004',-0.001,467.00,868,0.0032,0.0091,351
352,6273,68,116.0,'Disconnected',526,'4817034','7831933',0.008,460.00,51,-0.0004,0.0038,352
353,6225,77,180.0,'Connected',264,'8534788','4107242',-0.009,490.00,210,0.0026,0.0017,353
354,3687,36,723.0,'Connected',721,'1596627','1710866',-0.010,782.00,899,0.0046,0.0072,354
355,6523,60,409.0,'Disconnected',709,'9778420','9699970',-0.004,576.00,624,-0.0029,0.003,355
356,4743,54,678.0,'Connected',592,'7920599','7807219',0.005,922.00,408,-0.0001,0.0005,356
357,8205,44,447.0,'Connected',76,'4111935','8615464',0.002,399.00,176,-0.0037,0.0062,357
358,7491,4,489.0,'Disconnected',375,'1789410','2811175',-0.001,845.00,256,0.0099,0.0065,358
359,262,92,812.0,'Disconnected',432,'6048746','2600295',0.001,561.00,608,-0.0093,0.0024,359
360,3650,95,271.0,'Connected',763,'5011852','8227611',0.010,676.00,919,-0.0043,0.0072,360
361,8419,95,48.0,'Connected',150,'2980530','4334926',-0.003,707.00,258,-0.0083,0.0089,361
362,71,26,75.0,'Disconnected',206,'1403910','5160687',0.006,379.00,595,-0.0013,0.0081,362
363,6926,76,719.0,'Connected',276,'6902688','5988933',0.003,545.00,957,0.007,0.003,363
364,5456,26,976.0,'Connected',751,'1154204','9323118',0.006,468.00,198,0.0087,0.0035,364
365,2462,71,956.0,'Disconnected',9,'8646461','6143864',-0.002,616.00,841,0.004,0.0087,365
366,2771,57,677.0,'Connected',637,'6079016','5095031',0.002,788.00,813,0.0074,0.0067,366
367,7078,24,350.0,'Connected',175,'5530548','8265876',-0.003,577.00,342,0.0018,0.0028,367
368,7146,76,649.0,'Connected',519,'1960624','3990142',0.002,484.00,852,0.0058,0.0068,368
369,4263,70,467.0,'Disconnected',982,'4903802','1006368',-0.008,788.00,491,0.0056,0.0042,369
370,5672,95,866.0,'Disconnected',173,'9564579','4643031',0.007,114.00,908,0.008,0.0013,370
371,5467,61,742.0,'Disconnected',808,'3538916','1599343',0.005,600.00,375,0.0049,0.0081,371
372,4188,89,601.0,'Connected',33,'9352498','2784778',0.009,111.00,371,-0.0027,0.0055,372
373,4408,98,539.0,'Connected',83,'3243963','9550284',0.000,558.00,906,-0.0019,0.0075,373
374,7971,77,482.0,'Connected',418,'1737567','4179631',0.006,552.00,494,-0.0004,0.0074,374
375,9034,25,994.0,'Connected',859,'6379247','8277275',0.007,398.00,102,-0.0075,0.0027,375
376,6629,75,367.0,'Connected',771,'2026496','7440248',-0.006,748.00,898,-0.0046,0.0044,376
377,566,24,638.0,'Connected',317,'5284176','6746108',-0.009,28.00,683,-0.0007,0.0043,377
378,2430,84,7.0,'Connected',199,'8338654','1336807',0.008,284.00,354,0.0021,0.0095,378
379,3888,100,386.0,'Connected',613,'5187928','8701065',0.006,86.00,867,-0.0013,0.0035,379
380,893,68,675.0,'Connected',477,'6928970','2021827',-0.005,450.00,674,-0.0019,0.0031,380
381,7092,47,740.0,'Disconnected',126,'8853450','6743043',0.002,205.00,653,0.0035,0.0096,381
382,9574,20,586.0,'Disconnected',561,'9346676','9816750',-0.001,558.00,17,0.0037,0.0065,382
383,4372,55,854.0,'Connected',437,'7860371','9029252',-0.001,984.00,526,0.0061,0.0048,383
384,2688,69,976.0,'Connected',901,'5388655','7421334',-0.006,61.00,111,0.0063,0.0072,384
385,5682,69,349.0,'Connected',909,'8787302','5983728',-0.008,366.00,641,-0.001,0.0073,385
386,6090,16,295.0,'Connected',728,'8469622','3126370',-0.001,64.00,989,0.0069,0.0097,386
387,8415,34,371.0,'Disconnected',6,'4461374','8814431',-0.005,253.00,769,0.0024,0.0009,387
388,679,74,260.0,'Disconnected',110,'1426469','2620487',0.005,106.00,258,0.0084,0.0089,388
389,1720,22,688.0,'Disconnected',126,'8108887','5998125',0.004,321.00,747,0.0099,0.0063,389
390,3209,17,304.0,'Connected',336,'2158943','9794077',0.006,494.00,977,0.0028,0.0061,390
391,3328,89,106.0,'Disconnected',147,'4384292','6382689',0.008,195.00,616,-0.0036,0.0028,391
392,98,23,919.0,'Disconnected',970,'1639487','1371253',-0.002,911.00,586,-0.0001,0.0085,392
393,9211,35,323.0,'Connected',101,'6253609','2544952',0.010,321.00,629,-0.0063,0.0016,393
394,7655,91,303.0,'Connected',969,'9346024','2331556',-0.003,377.00,607,-0.0065,0.0025,394
395,1156,9,880.0,'Disconnected',644,'5289327','2343214',0.003,197.00,991,-0.0071,0.0087,395
396,9171,83,951.0,'Disconnected',761,'1549510','2416527',-0.004,802.00,355,-0.0053,0.0005,396
397,890,100,89.0,'Disconnected',450,'8722775','9499000',-0.004,649.00,480,-0.0098,0.001,397
398,6928,43,573.0,'Connected',491,'2525878','4661834',0.000,504.00,630,0.0083,0.0024,398
399,5696,20,451.0,'Disconnected',63,'6684568','1081135',0.007,68.00,831,0.0004,0.0065,399
400,7221,25,30.0,'Connected',271,'7263212','6668426',0.004,731.00,88,-0.0025,0.0055,400
401,6725,73,659.0,'Disconnected',416,'2390276','6467904',-0.004,498.00,740,0.0054,0.0074,401
402,3348,35,457.0,'Disconnected',312,'6116708','8905417',-0.003,646.00,578,0.0021,0.0042,402
403,4187,33,342.0,'Disconnected',568,'3890309','9801762',0.003,388.00,477,0.0065,0.0061,403
404,588,2,611.0,'Connected',450,'8837149','4141506',0.004,368.00,857,0.0081,0.0088,404
405,4257,80,488.0,'Connected',109,'4418971','5548827',0.010,199.00,108,-0.0043,0.0075,405
406,7561,32,666.0,'Disconnected',497,'3185427','8312044',0.003,911.00,429,0.003,0.0096,406
407,107,32,627.0,'Connected',787,'2373209','5203054',-0.007,751.00,34,0.0048,0.0096,407
408,233,31,852.0,'Connected',629,'3149907','8810333',0.000,368.00,55,0.0069,0.0093,408
409,3279,43,1000.0,'Disconnected',103,'6380089','5437052',-0.005,999.00,427,-0.0048,0.0013,409
410,753,95,611.0,'Connected',139,'4030359','3329723',-0.004,328.00,440,-0.0051,0.0084,410
411,7836,6,762.0,'Disconnected',18,'9491748','3197658',-0.008,619.00,80,0.0014,0.0084,411
412,4419,84,205.0,'Disconnected',459,'4830898','3196784',-0.002,458.00,869,0.0051,0.0013,412
413,5816,86,368.0,'Connected',508,'7489179','4301314',0.000,446.00,187,0.0018,0.0095,413
414,9001,8,790.0,'Disconnected',595,'6841535','5086200',0.004,351.00,21,-0.0052,0.0027,414
415,1296,33,909.0,'Disconnected',527,'4306002','9210613',-0.009,718.00,408,-0.002,0.0005,415
416,6165,82,820.0,'Disconnected',324,'6599851','6784621',-0.002,326.00,789,0.0051,0.0023,416
417,7403,51,326.0,'Connected',640,'6146600','8367047',0.000,794.00,822,-0.0092,0.008,417
418,5272,64,39.0,'Connected',623,'8612516','6914370',0.004,661.00,303,0.0045,0.0071,418
419,4012,39,927.0,'Connected',868,'4380018','2259016',-0.003,198.00,857,0.0011,0.0047,419
420,928,23,868.0,'Disconnected',509,'2185019','7456390',-0.002,376.00,230,-0.0076,0.0045,420
421,3470,2,139.0,'Connected',583,'4120574','3570410',0.007,112.00,987,0.0013,0.0051,421
422,6494,20,637.0,'Disconnected',649,'7446909','6335635',0.009,238.00,837,0.0061,0.005,422
423,2175,14,753.0,'Disconnected',363,'3230881','9922952',0.006,195.00,920,-0.0076,0.0028,423
424,9136,13,719.0,'Disconnected',927,'4854365','6656457',0.003,862.00,339,-0.0075,0.0061,424
425,938,86,701.0,'Disconnected',29,'2347702','8042120',0.005,258.00,340,-0.0096,0.0027,425
426,3640,11,481.0,'Disconnected',202,'9982566','6221230',-0.008,223.00,605,-0.01,0.0029,426
427,8535,55,298.0,'Disconnected',348,'1662997','7315405',0.008,113.00,430,0.0043,0.0089,427
428,7262,83,184.0,'Disconnected',180,'6088651','5835453',0.008,940.00,975,0.0029,0.0033,428
429,8870,9,642.0,'Connected',563,'5350620','4826694',-0.010,588.00,178,-0.0067,0.0069,429
430,5383,78,751.0,'Disconnected',354,'8812693','2230440',0.009,887.00,232,0.0019,0.0084,430
431,1011,19,475.0,'Connected',495,'4189611','5157403',0.001,516.00,709,-0.0077,0.001,431
432,5182,1,776.0,'Connected',761,'4393746','7575281',0.006,41.00,583,-0.0096,0.0006,432
433,3078,40,937.0,'Connected',944,'8902389','4417712',0.005,380.00,891,-0.0092,0.0029,433
434,9099,31,291.0,'Connected',793,'4167055','6405228',0.006,649.00,850,-0.0057,0.0042,434
435,2505,94,936.0,'Connected',478,'5017962','2750933',0.008,498.00,682,0.0042,0.0024,435
436,3843,47,396.0,'Disconnected',902,'4807048','2714095',0.007,261.00,699,0.0027,0.0025,436
437,7611,64,492.0,'Connected',959,'8590999','9140703',0.001,66.00,888,0.0055,0.001,437
438,9598,28,832.0,'Disconnected',335,'8239240','2921941',-0.007,443.00,630,0.0055,0.0021,438
439,6561,99,648.0,'Connected',638,'9850236','8180341',-0.006,693.00,471,0.0059,0.0034,439
440,6172,88,27.0,'Connected',818,'4914569','9430762',0.009,365.00,861,-0.0024,0.0098,440
441,8858,75,443.0,'Connected',935,'6984796','6990574',-0.006,343.00,348,-0.0018,0.0046,441
442,7187,34,182.0,'Connected',678,'4986133','7642301',0.003,386.00,266,-0.005,0.0088,442
443,3229,17,835.0,'Disconnected',575,'9920050','2286140',-0.008,447.00,666,0.0085,0.0083,443
444,2368,56,452.0,'Connected',691,'6434494','8720449',0.006,445.00,286,-0.0023,0.0056,444
445,2876,37,442.0,'Disconnected',616,'3137708','6643526',-0.010,153.00,936,-0.0032,0.0053,445
446,3682,26,470.0,'Connected',12,'2083908','6120256',-0.003,320.00,169,-0.009,0.0085,446
447,6560,64,600.0,'Disconnected',863,'3656773','4331976',-0.004,590.00,696,0.0061,0.0046,447
448,2990,48,605.0,'Disconnected',154,'1291572','6505447',0.010,249.00,469,-0.0071,0.0056,448
449,2156,49,609.0,'Connected',168,'6042575','9424073',-0.007,124.00,115,0.0078,0.007,449
450,9544,39,243.0,'Connected',398,'1252795','2991313',-0.003,696.00,330,-0.0009,0.003,450
451,1575,77,420.0,'Disconnected',495,'9135234','9947169',-0.007,302.00,201,0.0097,0.0088,451
452,5665,58,509.0,'Disconnected',647,'7563453','9828001',-0.008,985.00,882,-0.0017,0.0038,452
453,4545,42,618.0,'Disconnected',861,'8672545','8847672',0.001,645.00,902,-0.0024,0.0083,453
454,1457,75,352.0,'Connected',679,'5840899','3094904',0.003,603.00,845,-0.0037,0.0031,454
455,6862,28,387.0,'Connected',135,'5213974','1315192',0.000,86.00,628,-0.0008,0.0016,455
456,1045,41,398.0,'Connected',369,'5426668','4951492',-0.002,146.00,330,-0.0031,0.0071,456
457,25,29,276.0,'Connected',365,'9153427','6713463',0.003,313.00,381,-0.0098,0.0041,457
458,7619,52,825.0,'Connected',132,'3409784','3978629',0.003,745.00,595,0.0058,0.0076,458
459,7301,97,623.0,'Connected',560,'8842317','7087411',0.001,988.00,278,0.005,0.0072,459
460,4289,68,569.0,'Disconnected',71,'9185788','4666362',0.006,969.00,830,0.0054,0.0094,460
461,3923,72,56.0,'Disconnected',838,'9452820','7843861',-0.006,91.00,936,-0.0075,0.0016,461
462,3934,10,389.0,'Disconnected',645,'4363337','2968302',0.006,423.00,389,-0.0014,0.0025,462
463,8779,51,840.0,'Connected',517,'5062204','1060186',0.007,977.00,195,0.0047,0.0087,463
464,9284,0,984.0,'Connected',125,'7312487','1864956',-0.006,683.00,620,0.0002,0.0048,464
465,8548,58,747.0,'Connected',779,'8382975','3348785',-0.005,546.00,714,0.0077,0.0038,465
466,3660,42,538.0,'Disconnected',530,'1253029','6394022',-0.005,791.00,236,0.0045,0.0071,466
467,7401,90,674.0,'Disconnected',355,'2131073','6806107',-0.001,997.00,96,-0.0069,0.0022,467
468,7429,0,765.0,'Connected',508,'4071058','7433597',0.001,718.00,721,0.0021,0.0061,468
469,2139,67,616.0,'Disconnected',895,'6455314','7840291',-0.007,872.00,379,0.0083,0.006,469
470,2282,43,736.0,'Connected',58,'3254788','3184668',0.004,757.00,762,-0.0095,0.0039,470
471,8913,60,900.0,'Connected',752,'6656583','6397308',-0.006,438.00,601,0.0047,0.0037,471
472,5303,100,132.0,'Connected',743,'4480852','8443592',-0.007,33.00,901,0.0036,0.0023,472
473,9432,21,459.0,'Disconnected',979,'6372839','7413865',0.003,859.00,603,0.0053,0.0016,473
474,6365,75,721.0,'Disconnected',299,'5404765','2695579',-0.007,661.00,411,0.0081,0.0074,474
475,9197,59,167.0,'Connected',493,'4129334','7364630',0.008,585.00,412,0.0015,0.0015,475
476,3481,54,316.0,'Connected',912,'2738393','6102719',0.005,391.00,230,0.0005,0.0055,476
477,8354,57,259.0,'Connected',464,'5929200','2513939',0.006,578.00,490,-0.0073,0.0047,477
478,1885,9,756.0,'Disconnected',751,'1198342','7358289',-0.003,184.00,188,0.0013,0.0066,478
479,5298,68,583.0,'Connected',566,'2585304','3894161',0.005,347.00,598,0.0,0.0072,479
480,8684,90,62.0,'Connected',89,'3509791','8029406',-0.008,27.00,242,-0.0018,0.0006,480
481,266,96,859.0,'Disconnected',9,'1167706','1205331',0.002,201.00,462,-0.0053,0.0099,481
482,867,4,574.0,'Disconnected',491,'6116421','6243513',-0.004,713.00,593,0.0054,0.0008,482
483,7070,98,169.0,'Disconnected',781,'5231989','9404444',-0.007,154.00,284,-0.0093,0.0049,483
484,3059,41,380.0,'Connected',71,'1688166','3677961',-0.003,683.00,651,-0.0059,0.0066,484
485,4321,87,447.0,'Disconnected',629,'7555801','5242925',-0.005,547.00,897,-0.0022,0.0096,485
486,5476,0,802.0,'Connected',354,'8687220','4489030',-0.004,399.00,293,-0.0046,0.0096,486
487,3676,84,880.0,'Disconnected',1000,'4798661','7351256',0.001,13.00,324,-0.0034,0.0069,487
488,7211,73,690.0,'Disconnected',240,'2027301','7365606',0.006,801.00,512,0.0079,0.0052,488
489,7297,96,79.0,'Disconnected',54,'8332983','3854887',-0.003,477.00,663,-0.0008,0.005,489
490,5044,22,999.0,'Disconnected',470,'3231133','4654235',0.004,494.00,989,-0.0008,0.0074,490
491,5604,77,110.0,'Disconnected',653,'2341251','5535398',-0.006,383.00,662,-0.0054,0.0091,491
492,8393,84,89.0,'Connected',618,'5872456','1077979',0.008,270.00,315,0.0044,0.0007,492
493,2406,74,60.0,'Disconnected',433,'6210583','3279885',-0.004,666.00,850,-0.0038,0.0099,493
494,8689,14,358.0,'Disconnected',815,'2083715','3850976',0.001,439.00,449,0.0087,0.0067,494
495,4576,48,689.0,'Disconnected',722,'2540006','8638167',-0.004,453.00,407,0.0009,0.0072,495
496,3905,39,41.0,'Connected',147,'2936842','4042651',-0.001,394.00,259,-0.0019,0.0022,496
497,1748,63,554.0,'Connected',483,'2321442','7079217',0.008,968.00,773,-0.0078,0.0005,497
498,9044,94,643.0,'Connected',357,'5387973','6230694',-0.007,272.00,566,-0.0039,0.0084,498
499,3116,46,578.0,'Connected',232,'5628559','5407226',-0.005,965.00,986,0.0071,0.0092,499
500,394,86,205.0,'Connected',437,'1495075','1378128',-0.001,412.00,610,0.0017,0.0034,500
501,6480,37,426.0,'Connected',613,'9555761','5733965',0.001,547.00,412,-0.0088,0.0028,501
502,796,43,992.0,'Disconnected',379,'4692159','2636115',0.008,110.00,514,0.0091,0.0002,502
503,5364,61,102.0,'Disconnected',450,'7927172','5530338',-0.009,396.00,168,-0.0073,0.0043,503
504,4396,11,41.0,'Connected',546,'7442093','2740100',0.000,239.00,668,0.0048,0.0013,504
505,4874,75,637.0,'Disconnected',125,'3231001','9032934',0.007,63.00,818,-0.0099,0.0046,505
506,6455,40,125.0,'Disconnected',421,'6748920','3457176',-0.006,746.00,776,0.0067,0.0059,506
507,4264,31,895.0,'Disconnected',53,'5365795','4791146',-0.009,727.00,118,0.0022,0.0041,507
508,9881,97,21.0,'Connected',74,'9882957','9544759',0.004,264.00,507,-0.0007,0.0078,508
509,5263,37,259.0,'Disconnected',486,'8493653','9024345',0.002,190.00,242,-0.0038,0.0091,509
510,4994,38,22.0,'Disconnected',940,'5698605','4441135',0.008,44.00,389,0.0006,0.0085,510
511,3323,18,373.0,'Connected',867,'8487490','2760075',-0.003,204.00,318,0.0078,0.0092,511
512,6662,36,941.0,'Connected',533,'5823274','9678379',-0.002,665.00,778,0.0,0.0068,512
513,4100,19,356.0,'Connected',461,'7793842','3114879',0.009,760.00,191,0.0083,0.0061,513
514,4541,45,428.0,'Disconnected',882,'7902076','3664656',0.005,943.00,728,0.0036,0.0032,514
515,5399,12,849.0,'Disconnected',174,'2967172','1745658',0.003,523.00,86,0.0073,0.0077,515
516,5370,19,991.0,'Disconnected',59,'8936260','5053609',0.001,889.00,104,0.0002,0.0016,516
517,876,59,714.0,'Connected',243,'9133372','2655209',0.007,198.00,917,-0.0078,0.0019,517
518,1610,3,922.0,'Connected',388,'7990825','3081657',-0.008,927.00,580,0.0053,0.0095,518
519,9111,53,953.0,'Connected',804,'4637553','9394540',0.009,208.00,263,0.0047,0.0067,519
520,8528,11,594.0,'Disconnected',193,'3288779','4129836',-0.004,451.00,322,-0.0094,0.0089,520
521,7747,88,467.0,'Disconnected',91,'5330191','4113371',0.009,292.00,676,0.0075,0.0073,521
522,3674,79,64.0,'Disconnected',258,'8844502','8805589',-0.008,88.00,428,0.0094,0.0077,522
523,7907,44,388.0,'Disconnected',644,'4533381','3674994',-0.002,249.00,72,-0.0027,0.0034,523
524,7673,95,558.0,'Connected',406,'3046377','9440968',0.003,566.00,383,0.0086,0.006,524
525,7402,39,831.0,'Connected',452,'3589437','6644463',0.001,602.00,218,-0.0022,0.0096,525
526,8455,8,746.0,'Connected',648,'5637637','8400445',0.000,796.00,832,0.0078,0.0086,526
527,1812,66,102.0,'Disconnected',635,'5380690','7802070',-0.005,439.00,474,0.0023,0.0059,527
528,7090,10,800.0,'Connected',427,'5329580','2655700',0.000,838.00,14,0.0004,0.0085,528
529,1189,42,750.0,'Connected',830,'3764291','5101147',-0.001,470.00,259,0.0043,0.008,529
530,2727,100,925.0,'Connected',39,'2711910','7714400',0.003,850.00,437,0.0041,0.0071,530
531,9563,64,273.0,'Disconnected',480,'2794840','2062490',-0.005,896.00,342,-0.0021,0.0042,531
532,2245,21,300.0,'Connected',974,'4450455','2531877',0.002,438.00,472,0.0005,0.0001,532
533,1001,72,319.0,'Disconnected',905,'8687669','9387556',-0.003,829.00,389,0.0012,0.0088,533
534,3928,55,46.0,'Disconnected',262,'1522953','4895390',-0.003,44.00,460,0.0023,0.0048,534
535,7754,54,874.0,'Connected',978,'8793541','3501204',0.008,296.00,773,0.0041,0.009,535
536,2185,68,952.0,'Connected',708,'7548572','8893474',0.008,388.00,535,-0.0022,0.0016,536
537,1190,83,717.0,'Connected',940,'1849705','5306549',0.005,559.00,923,-0.0062,0.0039,537
538,8848,33,496.0,'Connected',524,'7096261','9367665',0.006,546.00,808,-0.0034,0.0095,538
539,7213,58,937.0,'Connected',230,'7403289','6512491',0.003,505.00,761,-0.0075,0.001,539
540,8648,81,778.0,'Connected',481,'6587472','2075660',0.008,751.00,426,-0.0058,0.0043,540
541,8841,24,184.0,'Disconnected',390,'7700650','3499672',0.002,445.00,718,-0.0085,0.0073,541
542,6549,2,717.0,'Connected',387,'3726583','6094846',-0.009,836.00,676,-0.0078,0.0056,542
543,9050,56,966.0,'Connected',657,'2858857','6496343',0.002,391.00,807,0.0092,0.0006,543
544,8927,65,57.0,'Disconnected',787,'2500313','3737997',-0.003,402.00,499,0.0061,0.0046,544
545,9710,79,108.0,'Disconnected',172,'8073371','3311058',-0.004,82.00,771,0.0082,0.0006,545
546,1871,80,25.0,'Connected',547,'1342426','4968102',0.010,10.00,499,0.0069,0.0038,546
547,8294,82,432.0,'Disconnected',879,'8137637','7882014',-0.006,963.00,646,-0.009,0.0069,547
548,8253,3,410.0,'Connected',565,'1991469','3637007',-0.006,742.00,170,0.0036,0.0016,548
549,3560,28,97.0,'Connected',448,'1972625','8195400',0.009,175.00,247,-0.0086,0.0099,549
550,2391,65,305.0,'Connected',594,'4053205','4972230',-0.008,278.00,86,-0.0022,0.0081,550
551,722,43,366.0,'Connected',410,'3855918','3172965',0.009,152.00,121,-0.0075,0.0031,551
552,5031,32,426.0,'Disconnected',745,'8076951','6040023',-0.004,356.00,947,0.0025,0.0051,552
553,6073,46,523.0,'Disconnected',180,'3077633','3589532',-0.009,973.00,343,0.0046,0.0075,553
554,8252,70,298.0,'Disconnected',180,'4218719','3165412',0.000,535.00,16,-0.008,0.0038,554
555,2971,61,954.0,'Disconnected',530,'6637651','7894780',0.000,154.00,375,0.0092,0.0022,555
556,4100,52,581.0,'Connected',931,'8821236','9971719',0.004,21.00,896,-0.0069,0.002,556
557,9836,15,518.0,'Disconnected',479,'1024395','6282340',-0.005,439.00,176,0.0055,0.0047,557
558,9087,28,671.0,'Connected',109,'4613415','1453810',0.000,947.00,49,-0.0042,0.0012,558
559,3823,82,998.0,'Disconnected',649,'7858241','7301819',0.010,869.00,126,-0.0015,0.0036,559
560,8005,67,220.0,'Disconnected',392,'2966631','9167214',0.006,130.00,89,-0.0039,0.003,560
561,3930,17,888.0,'Disconnected',85,'5582614','4671507',0.001,758.00,977,-0.003,0.0038,561
562,6947,2,923.0,'Connected',917,'1123963','3027915',0.007,350.00,864,0.0079,0.0059,562
563,6658,69,965.0,'Disconnected',747,'8990698','4136605',0.009,717.00,476,-0.0016,0.0092,563
564,7012,42,649.0,'Disconnected',646,'7720255','4860570',0.005,830.00,149,0.0064,0.0032,564
565,3739,2,546.0,'Connected',323,'5564647','5159607',-0.004,298.00,83,0.0063,0.0009,565
566,327,67,743.0,'Disconnected',267,'4735772','8988845',-0.001,305.00,882,-0.0024,0.0027,566
567,8748,95,801.0,'Disconnected',625,'4156328','6806388',0.004,936.00,320,0.0088,0.0021,567
568,8741,14,846.0,'Connected',512,'5426377','9724717',0.005,359.00,793,0.0057,0.0046,568
569,1396,61,789.0,'Disconnected',998,'7372006','2102638',-0.007,2.00,718,-0.002,0.0066,569
570,57,92,275.0,'Disconnected',835,'1118182','7193185',0.005,686.00,159,0.0092,0.004,570
571,8192,25,929.0,'Connected',973,'7874914','9590193',-0.003,74.00,870,-0.0022,0.0049,571
572,2479,18,35.0,'Disconnected',103,'6055180','2425349',0.008,821.00,539,-0.009,0.006,572
573,6170,79,689.0,'Connected',570,'8928226','1294561',-0.006,265.00,594,0.0016,0.001,573
574,8672,36,193.0,'Disconnected',49,'2751848','9718006',0.003,201.00,986,-0.003,0.0027,574
575,3165,18,44.0,'Disconnected',563,'7980248','5946290',-0.008,694.00,520,-0.005,0.0054,575
576,5544,98,751.0,'Disconnected',902,'8543031','5964411',0.009,145.00,205,0.0094,0.0015,576
577,7424,85,822.0,'Disconnected',849,'4563844','6457153',-0.007,20.00,166,0.0024,0.0041,577
578,15,36,7.0,'Disconnected',968,'4556759','5652755',-0.004,606.00,755,-0.0091,0.0034,578
579,2260,28,542.0,'Connected',922,'3872724','5592071',0.005,288.00,204,0.0021,0.0048,579
580,3311,64,522.0,'Disconnected',904,'6607768','1045230',-0.004,3.00,423,0.0002,0.0096,580
581,9364,90,402.0,'Connected',784,'8841885','3321832',0.002,6.00,107,-0.0063,0.0005,581
582,8587,66,76.0,'Disconnected',408,'6485910','1212470',-0.001,181.00,550,0.0063,0.0041,582
583,7741,49,873.0,'Connected',904,'8790813','5434181',-0.004,983.00,17,-0.0044,0.0009,583
584,2631,22,440.0,'Connected',650,'2759341','4552793',-0.009,744.00,80,0.0042,0.0024,584
585,446,29,542.0,'Disconnected',529,'1626672','5944448',-0.008,689.00,66,-0.0056,0.0052,585
586,2686,48,370.0,'Connected',213,'6141098','3543742',0.000,347.00,978,0.0068,0.0037,586
587,241,5,180.0,'Disconnected',754,'2751368','4468357',-0.008,847.00,801,0.0051,0.0027,587
588,8417,7,968.0,'Disconnected',71,'2787752','7171747',0.009,855.00,588,-0.0083,0.0075,588
589,393,10,131.0,'Disconnected',74,'5707047','1785086',0.005,383.00,368,0.0032,0.0087,589
590,4815,86,260.0,'Disconnected',389,'1688111','5384393',-0.001,514.00,414,0.0021,0.0093,590
591,3967,58,980.0,'Disconnected',611,'6225759','7783002',-0.002,806.00,371,-0.0099,0.0037,591
592,2760,1,251.0,'Connected',754,'2440176','6923831',0.002,203.00,742,0.0075,0.0009,592
593,3497,34,873.0,'Connected',672,'5460405','6655668',0.005,982.00,782,-0.0095,0.0089,593
594,481,25,857.0,'Connected',524,'6899059','2150715',0.006,119.00,873,0.0005,0.0051,594
595,9912,15,732.0,'Connected',764,'4858685','7246514',-0.004,216.00,588,0.0041,0.0077,595
596,7962,29,281.0,'Disconnected',890,'6098757','2682786',-0.010,549.00,299,-0.0051,0.0004,596
597,5774,63,190.0,'Disconnected',274,'3247736','6108185',0.001,26.00,721,-0.0045,0.0034,597
598,6767,56,396.0,'Disconnected',113,'6071013','5338218',-0.010,888.00,175,0.0009,0.005,598
599,331,83,933.0,'Disconnected',674,'3091852','5001460',0.001,965.00,780,0.0069,0.0096,599
600,6362,60,766.0,'Connected',258,'5594491','3276443',-0.009,731.00,558,-0.0037,0.0041,600
601,4190,100,316.0,'Connected',239,'4506628','9168016',-0.002,934.00,812,-0.0005,0.0099,601
602,1219,79,795.0,'Disconnected',187,'8669199','4977568',0.003,198.00,60,-0.0028,0.0055,602
603,1334,80,747.0,'Disconnected',752,'6128045','4950933',-0.002,636.00,421,0.0006,0.0003,603
604,1787,10,732.0,'Disconnected',709,'5138870','1919575',0.007,652.00,628,0.0014,0.006,604
605,4894,86,599.0,'Disconnected',150,'7141542','3137205',-0.005,311.00,167,-0.0089,0.0046,605
606,3553,72,321.0,'Disconnected',43,'2673862','5996650',-0.004,47.00,384,-0.0032,0.0037,606
607,7586,52,23.0,'Connected',99,'8227338','3541673',0.004,552.00,844,-0.0021,0.006,607
608,8514,50,678.0,'Disconnected',19,'9976831','1168486',-0.003,779.00,414,-0.0066,0.0072,608
609,3082,48,79.0,'Disconnected',711,'3860820','3545817',0.009,59.00,358,0.0095,0.001,609
610,6533,11,372.0,'Disconnected',883,'5290351','1894289',-0.001,193.00,272,0.0032,0.0002,610
611,5868,1,737.0,'Disconnected',904,'3385281','4598061',-0.002,326.00,994,0.0079,0.0061,611
612,6994,60,590.0,'Disconnected',968,'1638069','1143134',-0.004,348.00,476,-0.0046,0.0065,612
613,3585,42,559.0,'Connected',402,'4772336','4945561',-0.002,495.00,505,-0.0022,0.0078,613
614,993,7,648.0,'Connected',670,'3464938','1411304',-0.005,554.00,961,0.0007,0.0038,614
615,3085,31,799.0,'Connected',949,'6382745','2117321',0.002,665.00,243,0.0043,0.0009,615
616,9940,39,429.0,'Disconnected',55,'7312688','5839663',-0.002,522.00,231,0.0077,0.0031,616
617,6156,0,594.0,'Disconnected',125,'7952027','1582681',0.008,291.00,135,0.0033,0.0029,617
618,3411,55,264.0,'Disconnected',646,'8059306','6224753',-0.009,521.00,779,0.0044,0.0017,618
619,7823,14,312.0,'Connected',775,'2841892','3048829',-0.003,630.00,78,0.0062,0.0091,619
620,262,21,403.0,'Connected',942,'9577232','1715386',0.007,239.00,653,-0.0076,0.0042,620
621,4466,71,152.0,'Connected',77,'9660760','8974932',-0.006,438.00,948,-0.0099,0.0078,621
622,5643,61,685.0,'Disconnected',239,'1265365','6732659',0.002,989.00,550,0.0043,0.0012,622
623,3640,82,121.0,'Connected',199,'5835468','6985909',-0.006,562.00,770,-0.0083,0.0087,623
624,3597,75,233.0,'Disconnected',474,'9408351','1690562',-0.008,809.00,357,-0.0068,0.0095,624
625,3685,31,108.0,'Connected',633,'3503111','6057745',-0.005,93.00,458,0.0081,0.0027,625
626,444,38,415.0,'Disconnected',419,'3528625','6837084',0.010,605.00,284,-0.0063,0.0088,626
627,9971,14,901.0,'Disconnected',524,'6345750','9440411',-0.009,596.00,361,-0.0001,0.0035,627
628,2436,41,919.0,'Disconnected',301,'7985266','4225938',-0.006,986.00,380,0.0023,0.0051,628
629,5157,13,556.0,'Connected',984,'3892543','2281639',0.001,615.00,22,0.0006,0.0006,629
630,1971,77,919.0,'Connected',281,'6537040','1775877',0.003,488.00,292,0.0051,0.0092,630
631,9565,36,285.0,'Connected',276,'9079640','8638941',-0.006,868.00,548,-0.0046,0.004,631
632,4755,28,639.0,'Connected',439,'9742207','9961112',0.009,766.00,235,-0.0058,0.005,632
633,8479,69,558.0,'Disconnected',218,'7495734','9582214',0.002,737.00,220,0.0032,0.001,633
634,8573,55,594.0,'Connected',903,'9137179','8739616',0.005,891.00,784,-0.0056,0.0068,634
635,761,39,625.0,'Connected',250,'5214052','3866467',0.009,311.00,676,-0.0077,0.0052,635
636,6300,66,367.0,'Connected',346,'6453633','7642768',0.005,889.00,304,-0.0052,0.0033,636
637,9931,30,315.0,'Disconnected',625,'1373079','4821644',0.007,456.00,98,0.0038,0.0087,637
638,345,10,724.0,'Disconnected',552,'4566267','9784902',0.005,361.00,904,0.0008,0.0089,638
639,5381,81,836.0,'Connected',652,'9858627','5085518',-0.002,942.00,658,0.0097,0.0013,639
640,9159,52,113.0,'Disconnected',689,'4506579','6670961',-0.002,782.00,999,-0.0087,0.0004,640
641,9758,98,59.0,'Disconnected',448,'8372917','6584886',0.003,227.00,118,-0.0009,0.0032,641
642,9554,86,632.0,'Disconnected',174,'4582263','3350278',0.001,711.00,28,0.0051,0.0021,642
643,5466,27,932.0,'Disconnected',107,'8030219','7932766',-0.008,596.00,515,0.0015,0.0014,643
644,9741,100,455.0,'Connected',237,'1532668','1485388',-0.007,831.00,48,0.0044,0.0038,644
645,8153,9,979.0,'Connected',920,'6573197','9038313',-0.009,51.00,811,-0.0014,0.0093,645
646,6127,65,547.0,'Connected',587,'7424657','8998578',0.006,628.00,791,-0.0046,0.0015,646
647,3183,68,100.0,'Connected',374,'9757409','5498521',0.008,120.00,598,0.0043,0.0032,647
648,1515,89,440.0,'Disconnected',341,'5263570','9414156',0.009,704.00,491,0.0043,0.0052,648
649,964,83,882.0,'Disconnected',959,'2014346','4647024',0.004,16.00,923,-0.0076,0.0016,649
650,5589,23,5.0,'Connected',420,'6494978','2668255',0.008,461.00,344,0.0022,0.0028,650
651,7645,56,606.0,'Connected',404,'1966480','4210270',0.005,889.00,652,-0.0054,0.0028,651
652,117,68,529.0,'Disconnected',643,'4856292','3013414',0.007,916.00,48,0.0075,0.0051,652
653,7162,31,746.0,'Connected',585,'5901388','4133884',0.005,52.00,274,-0.0096,0.0027,653
654,3940,62,257.0,'Disconnected',404,'1393780','4746570',-0.004,293.00,461,-0.0024,0.0051,654
655,7266,57,440.0,'Connected',647,'9480650','4023044',0.009,687.00,287,-0.0016,0.0035,655
656,2841,98,159.0,'Connected',5,'7800364','2616142',-0.006,185.00,973,-0.0022,0.0008,656
657,7744,94,527.0,'Disconnected',836,'6121839','2184224',-0.009,563.00,322,0.005,0.0082,657
658,3193,11,635.0,'Connected',736,'7751350','4250577',0.008,527.00,374,-0.0051,0.0047,658
659,9455,34,907.0,'Connected',26,'3494249','4671763',-0.009,470.00,407,-0.0017,0.007,659
660,1235,76,715.0,'Connected',452,'6830062','1072116',-0.007,339.00,648,0.003,0.0014,660
661,4327,1,72.0,'Disconnected',679,'3175462','7419531',0.005,384.00,263,-0.0025,0.0064,661
662,2253,65,446.0,'Disconnected',205,'2004484','8723694',-0.002,840.00,434,0.009,0.009,662
663,4262,3,606.0,'Connected',931,'2063849','4171539',0.005,413.00,407,-0.0053,0.0019,663
664,9158,62,806.0,'Connected',569,'6613138','2054058',-0.007,872.00,810,-0.009,0.007,664
665,4381,21,860.0,'Connected',408,'8035836','7104458',-0.005,527.00,30,0.0073,0.0054,665
666,4326,10,24.0,'Connected',65,'8664531','6566104',-0.002,791.00,245,0.0081,0.0022,666
667,1263,8,694.0,'Connected',705,'5679686','2359981',-0.009,509.00,126,-0.0051,0.0035,667
668,3615,7,328.0,'Disconnected',79,'3616988','2620875',0.001,523.00,679,-0.0091,0.0028,668
669,5486,77,517.0,'Disconnected',688,'8182506','2074878',0.005,476.00,824,-0.009,0.0041,669
670,9557,52,762.0,'Connected',261,'8804582','7244805',-0.002,200.00,886,0.0081,0.0047,670
671,6557,55,146.0,'Disconnected',439,'7977989','3184632',0.004,895.00,691,0.0008,0.0033,671
672,9138,98,159.0,'Connected',612,'7475296','1063368',-0.005,24.00,144,-0.0086,0.0023,672
673,4081,31,629.0,'Disconnected',258,'6410120','2072600',0.010,193.00,964,0.0066,0.0012,673
674,1132,28,656.0,'Connected',944,'7262859','1169626',-0.009,166.00,987,-0.0061,0.0006,674
675,4420,56,393.0,'Disconnected',179,'4170174','7013597',-0.002,662.00,181,0.0058,0.0076,675
676,4609,82,634.0,'Disconnected',622,'2842846','4104831',-0.008,213.00,10,0.0038,0.0028,676
677,1010,61,879.0,'Disconnected',550,'5790911','6134894',0.002,368.00,238,-0.0096,0.0082,677
678,2832,53,988.0,'Disconnected',246,'5852611','8471248',-0.007,406.00,380,-0.0096,0.0047,678
679,6566,100,932.0,'Connected',205,'7564348','2812085',0.007,783.00,591,-0.0069,0.0005,679
680,6861,14,789.0,'Connected',606,'2471223','8234802',0.005,665.00,216,0.0081,0.0055,680
681,3196,21,356.0,'Connected',320,'6011753','1940433',0.004,834.00,507,0.0058,0.0066,681
682,2117,17,10.0,'Disconnected',691,'7069404','1138219',0.001,707.00,511,-0.0076,0.0092,682
683,5607,50,193.0,'Connected',928,'7971684','4207913',0.004,468.00,741,-0.0047,0.0061,683
684,4105,44,919.0,'Disconnected',643,'4709755','6241388',0.000,480.00,944,0.0003,0.0015,684
685,9564,62,692.0,'Connected',983,'1213438','2985173',-0.006,38.00,950,0.005,0.0079,685
686,8375,14,200.0,'Disconnected',89,'1311442','4590209',-0.010,511.00,7,0.0019,0.0014,686
687,6168,69,540.0,'Connected',434,'9862274','1507453',0.001,218.00,33,-0.0072,0.004,687
688,6293,90,738.0,'Disconnected',397,'5662436','8562457',0.008,649.00,43,0.0036,0.0068,688
689,5713,41,183.0,'Disconnected',141,'2494731','6626763',0.006,831.00,620,-0.0031,0.0066,689
690,7918,3,890.0,'Disconnected',278,'6418591','7113395',-0.006,711.00,552,0.0017,0.0051,690
691,1365,9,435.0,'Disconnected',942,'2894977','8948369',0.002,565.00,125,0.0045,0.002,691
692,236,37,955.0,'Connected',575,'8551378','4899349',0.003,676.00,493,0.0026,0.0055,692
693,3953,43,191.0,'Disconnected',132,'5970518','2383758',0.003,622.00,142,-0.0096,0.0076,693
694,3488,86,200.0,'Disconnected',910,'8743352','4481385',-0.001,473.00,835,0.0076,0.0028,694
695,7388,7,973.0,'Connected',451,'2747337','9974611',0.008,178.00,786,-0.0019,0.0042,695
696,3875,99,346.0,'Connected',524,'3534332','8545462',0.000,583.00,326,0.0033,0.0056,696
697,1603,28,241.0,'Connected',620,'2996013','5495192',0.007,436.00,569,-0.0093,0.0095,697
698,2735,35,876.0,'Connected',278,'3844218','7231582',0.003,873.00,58,-0.0011,0.0042,698
699,8837,77,74.0,'Disconnected',608,'6295407','4459239',0.009,224.00,252,0.0062,0.0,699
700,2944,69,67.0,'Disconnected',52,'7924735','6670022',-0.005,184.00,882,0.0091,0.0031,700
701,5989,91,884.0,'Disconnected',313,'2445187','1491386',0.000,374.00,616,-0.007,0.005,701
702,8329,40,998.0,'Disconnected',482,'6588626','3461919',0.004,70.00,385,-0.0039,0.0092,702
703,1944,91,84.0,'Connected',65,'3160577','9321499',-0.010,843.00,243,-0.0002,0.0066,703
704,2820,41,714.0,'Connected',238,'3528344','1631074',0.000,74.00,860,-0.0012,0.0003,704
705,9360,76,306.0,'Disconnected',162,'6135578','7910907',0.004,233.00,398,-0.0037,0.0063,705
706,8296,77,880.0,'Disconnected',879,'9861080','2292974',0.003,148.00,582,0.0007,0.0087,706
707,9611,99,949.0,'Disconnected',893,'9073896','2402712',0.001,211.00,189,0.006,0.0053,707
708,3405,66,659.0,'Disconnected',280,'4008430','3126584',0.002,650.00,811,-0.0061,0.0058,708
709,7967,96,5.0,'Connected',724,'3425361','6453298',0.001,291.00,533,-0.0034,0.0023,709
710,6820,32,685.0,'Connected',526,'4551723','6731545',0.002,640.00,901,-0.0094,0.006,710
711,5806,32,851.0,'Disconnected',504,'5804845','1103447',0.007,460.00,15,-0.0052,0.0071,711
712,634,47,385.0,'Disconnected',286,'7216006','1311645',0.000,557.00,14,-0.0057,0.0023,712
713,2909,52,719.0,'Connected',445,'4686024','3782886',0.006,3.00,740,-0.0013,0.0062,713
714,5406,6,637.0,'Connected',150,'9195216','8276532',-0.004,717.00,166,0.0049,0.0086,714
715,6587,48,594.0,'Disconnected',457,'8574661','4578459',0.002,645.00,973,0.0083,0.0072,715
716,4976,60,234.0,'Disconnected',600,'3553353','3146698',0.005,350.00,56,0.0065,0.0038,716
717,5568,39,977.0,'Disconnected',244,'4786158','9785693',0.005,446.00,16,0.0001,0.0018,717
718,6079,89,405.0,'Connected',720,'6240988','2641122',0.000,217.00,970,-0.0081,0.0014,718
719,1042,10,599.0,'Connected',361,'8714998','7184886',-0.007,119.00,222,0.0038,0.0049,719
720,8704,20,511.0,'Connected',177,'6420982','5473604',0.010,662.00,570,0.0035,0.0048,720
721,8805,73,291.0,'Connected',310,'6338003','2252074',0.007,932.00,563,-0.0042,0.0034,721
722,8086,53,810.0,'Connected',400,'9142147','5159896',0.009,146.00,756,-0.0009,0.0019,722
723,3162,18,487.0,'Connected',742,'8612423','6249015',0.002,403.00,908,-0.0082,0.0037,723
724,1638,77,709.0,'Connected',268,'1702744','2427304',-0.001,261.00,830,0.0064,0.0001,724
725,6583,74,506.0,'Disconnected',1000,'7193569','9452549',-0.005,278.00,215,-0.0088,0.0049,725
726,1501,66,345.0,'Disconnected',561,'7272611','5718821',-0.007,452.00,508,0.0043,0.0089,726
727,1134,67,723.0,'Disconnected',54,'7697884','3695684',-0.007,628.00,143,-0.0023,0.0029,727
728,7651,38,88.0,'Disconnected',123,'9694362','9106485',0.007,900.00,998,-0.003,0.0065,728
729,3001,82,407.0,'Disconnected',439,'1902152','7689225',0.009,175.00,396,0.0043,0.0055,729
730,5258,33,923.0,'Disconnected',62,'5744267','9524378',0.001,860.00,215,-0.004,0.0087,730
731,3361,34,829.0,'Connected',639,'6344636','2610712',0.005,123.00,916,-0.0024,0.0027,731
732,8673,39,686.0,'Disconnected',64,'9857616','4271148',-0.001,700.00,599,0.0027,0.0006,732
733,4233,49,1.0,'Disconnected',992,'4856682','8494868',-0.009,403.00,670,0.0075,0.0009,733
734,1051,9,345.0,'Disconnected',843,'6890001','2463683',0.004,734.00,950,-0.0056,0.0097,734
735,4881,78,598.0,'Connected',7,'6223309','4647959',0.006,372.00,709,0.0026,0.0044,735
736,2596,29,301.0,'Connected',41,'2004097','5329709',-0.002,982.00,437,0.0013,0.009,736
737,587,66,30.0,'Disconnected',271,'6642840','3544973',-0.008,287.00,947,0.0006,0.0013,737
738,4325,38,409.0,'Connected',689,'8637075','4807086',0.004,496.00,273,0.0076,0.0064,738
739,826,28,23.0,'Disconnected',636,'3826150','1858686',0.006,938.00,801,0.0078,0.008,739
740,7883,96,639.0,'Connected',960,'6157535','8524504',0.007,951.00,539,0.0023,0.0056,740
741,7943,94,224.0,'Connected',907,'1849933','8389722',0.003,226.00,839,-0.006,0.0042,741
742,2191,100,365.0,'Disconnected',924,'7983577','2056184',0.008,783.00,908,0.0076,0.0006,742
743,2865,55,272.0,'Connected',679,'9076599','4699994',-0.004,905.00,405,-0.0027,0.0065,743
744,6007,16,122.0,'Connected',356,'7942426','4171791',-0.008,217.00,623,0.0028,0.001,744
745,62,15,604.0,'Connected',734,'5073348','9863415',0.000,421.00,188,0.0064,0.0061,745
746,2956,5,157.0,'Disconnected',535,'6687769','9963518',0.007,905.00,442,-0.0061,0.0085,746
747,9376,64,718.0,'Connected',345,'7955614','9299439',-0.009,293.00,954,0.0022,0.0001,747
748,1064,5,30.0,'Disconnected',226,'6172079','3945079',0.009,139.00,491,-0.0064,0.0047,748
749,6888,66,835.0,'Disconnected',706,'8610648','5914460',0.008,168.00,77,0.0041,0.0025,749
750,2294,14,889.0,'Connected',517,'5721374','4934733',-0.007,34.00,733,0.0018,0.0061,750
751,3228,56,712.0,'Disconnected',389,'4636151','7771974',0.003,455.00,950,0.0086,0.0072,751
752,5511,72,920.0,'Connected',690,'2062016','9592325',-0.008,183.00,396,0.0002,0.0085,752
753,9856,37,921.0,'Connected',504,'3042498','7461513',0.007,574.00,246,0.0029,0.0069,753
754,9959,77,909.0,'Connected',245,'9168912','5012248',-0.003,980.00,792,0.006,0.0094,754
755,8159,4,986.0,'Disconnected',629,'4845870','5590007',0.000,152.00,853,0.0068,0.0015,755
756,5855,11,389.0,'Disconnected',95,'4766390','5360631',0.004,862.00,306,0.0004,0.0054,756
757,1088,83,955.0,'Connected',253,'1224041','6224732',0.002,362.00,671,0.0065,0.006,757
758,2064,98,882.0,'Disconnected',545,'1402234','6991008',0.008,498.00,883,0.004,0.0041,758
759,2314,50,113.0,'Disconnected',288,'3933491','8136066',-0.004,617.00,620,0.0017,0.0002,759
760,1720,18,391.0,'Disconnected',362,'3411211','2942442',0.005,129.00,553,-0.005,0.0078,760
761,4856,79,188.0,'Connected',841,'9441063','2142417',0.001,217.00,509,-0.0008,0.0045,761
762,4981,22,755.0,'Connected',754,'5397105','4531719',0.006,808.00,1000,-0.0015,0.0056,762
763,1201,30,6.0,'Disconnected',745,'5069340','5468306',0.007,266.00,236,0.0062,0.0049,763
764,1370,71,197.0,'Connected',649,'7923556','4027682',-0.002,539.00,623,-0.003,0.0071,764
765,8011,77,84.0,'Disconnected',777,'6243219','9366934',0.002,569.00,855,-0.0061,0.0092,765
766,2008,2,958.0,'Disconnected',850,'4205195','7215393',-0.007,968.00,371,0.0015,0.0075,766
767,35,17,981.0,'Disconnected',167,'2839840','2159895',-0.009,227.00,888,-0.0065,0.004,767
768,2966,21,223.0,'Connected',787,'8699694','5131271',0.008,17.00,389,0.0037,0.001,768
769,321,78,143.0,'Disconnected',874,'9071785','4361722',0.002,459.00,52,0.006,0.0057,769
770,2879,80,207.0,'Connected',97,'2322373','2456083',0.007,267.00,68,0.0011,0.0064,770
771,2878,56,365.0,'Disconnected',856,'3265473','8757657',0.002,161.00,289,-0.0067,0.0084,771
772,6018,10,525.0,'Connected',328,'6685639','2782664',-0.004,815.00,382,-0.0031,0.0072,772
773,4539,35,907.0,'Disconnected',263,'5622007','9552590',0.010,794.00,492,0.0064,0.0002,773
774,383,41,581.0,'Connected',891,'8780190','2606696',-0.001,986.00,918,0.0008,0.0059,774
775,9261,15,529.0,'Connected',496,'8831101','4190535',0.004,748.00,944,0.0041,0.0064,775
776,3564,69,997.0,'Disconnected',121,'9406363','8806293',0.000,948.00,64,0.0017,0.0046,776
777,6936,95,750.0,'Disconnected',327,'8668284','3928601',-0.004,945.00,7,0.0024,0.002,777
778,8307,59,537.0,'Connected',521,'5702624','2489999',-0.004,559.00,590,0.0091,0.0089,778
779,7485,74,428.0,'Connected',261,'8401066','8956119',-0.003,877.00,178,0.0069,0.0071,779
780,2310,76,113.0,'Connected',887,'7252479','2230546',-0.002,446.00,744,-0.0019,0.0025,780
781,8608,27,422.0,'Connected',999,'6909943','8089001',-0.009,12.00,370,0.004,0.0021,781
782,7351,21,227.0,'Disconnected',808,'5735724','3417185',-0.004,878.00,318,-0.0018,0.0024,782
783,1669,87,355.0,'Disconnected',385,'6876276','7656117',-0.002,496.00,396,-0.0037,0.0097,783
784,2654,85,192.0,'Disconnected',259,'1945093','9189060',-0.004,902.00,252,-0.004,0.0005,784
785,7345,66,16.0,'Connected',86,'4469962','5918043',0.003,994.00,200,0.0062,0.0031,785
786,4737,68,677.0,'Connected',10,'7016308','5354693',0.002,293.00,927,-0.0062,0.0095,786
787,8871,82,48.0,'Connected',681,'2343772','5751233',0.006,467.00,600,-0.0024,0.0017,787
788,6486,76,335.0,'Disconnected',947,'3935094','8128899',-0.009,167.00,760,0.0044,0.0003,788
789,8664,59,900.0,'Disconnected',932,'3187722','7066775',-0.006,9.00,959,-0.0054,0.0,789
790,9238,11,46.0,'Disconnected',895,'1831355','5672671',0.009,357.00,230,-0.0081,0.0072,790
791,7168,66,529.0,'Disconnected',708,'1238905','2818349',0.002,496.00,139,-0.0085,0.005,791
792,803,44,328.0,'Disconnected',945,'2261898','3082421',0.010,236.00,152,0.0029,0.0065,792
793,7365,75,307.0,'Disconnected',70,'2910217','4863316',0.003,822.00,260,0.0056,0.0024,793
794,5243,76,791.0,'Disconnected',736,'7000722','8569989',0.000,528.00,797,0.0077,0.0094,794
795,4053,98,144.0,'Connected',539,'4969519','5184717',0.006,373.00,267,-0.0066,0.0057,795
796,6975,11,411.0,'Connected',933,'8540334','3863201',-0.008,403.00,27,0.0051,0.0028,796
797,1277,86,137.0,'Connected',21,'5118855','7884252',0.007,890.00,466,0.0019,0.0029,797
798,4933,37,107.0,'Connected',816,'5407034','9728750',0.005,772.00,28,0.0099,0.0028,798
799,4164,81,732.0,'Disconnected',281,'3580261','9194380',-0.002,457.00,856,-0.0008,0.0052,799
800,6186,92,840.0,'Connected',967,'8730554','4648222',-0.007,994.00,836,0.0039,0.0094,800
801,3316,60,138.0,'Connected',764,'4819580','5453526',0.001,331.00,956,0.0099,0.0098,801
802,7662,41,566.0,'Disconnected',686,'9496156','9579226',-0.010,944.00,522,-0.007,0.009,802
803,249,11,980.0,'Connected',218,'3986004','4893341',-0.009,148.00,989,0.0059,0.0093,803
804,7838,68,92.0,'Connected',197,'4708204','4470873',0.008,135.00,214,0.007,0.0056,804
805,1437,87,489.0,'Disconnected',945,'4359783','4871021',-0.007,498.00,70,-0.001,0.0094,805
806,8210,75,743.0,'Connected',298,'1924861','4352178',-0.001,610.00,148,-0.003,0.0018,806
807,3041,96,409.0,'Connected',846,'4802806','4648447',0.007,406.00,625,0.0059,0.0009,807
808,1818,0,267.0,'Connected',174,'9179922','7556652',-0.009,149.00,990,-0.0091,0.0015,808
809,9810,0,179.0,'Connected',59,'4547695','9630502',-0.005,123.00,563,0.008,0.0008,809
810,6614,26,24.0,'Disconnected',270,'8254848','8990673',-0.007,101.00,404,-0.0005,0.0002,810
811,2405,83,610.0,'Connected',414,'1537866','3795548',-0.006,840.00,350,0.0089,0.0035,811
812,1608,76,711.0,'Connected',597,'9278697','2828039',0.007,553.00,638,0.0068,0.0024,812
813,5570,37,72.0,'Connected',446,'6383306','3620697',-0.001,541.00,856,0.0,0.006,813
814,9595,5,630.0,'Connected',763,'4566832','6820245',0.008,681.00,502,-0.0087,0.0039,814
815,850,57,58.0,'Disconnected',832,'1630148','9807904',-0.005,307.00,919,0.0072,0.0086,815
816,5006,0,642.0,'Connected',971,'6404037','6489214',-0.002,749.00,124,-0.0096,0.0008,816
817,4038,8,756.0,'Disconnected',122,'9087039','7470328',0.006,300.00,104,0.0026,0.008,817
818,101,60,753.0,'Disconnected',400,'6895976','9577621',-0.004,622.00,877,0.0075,0.0014,818
819,2843,95,110.0,'Connected',169,'6814434','2605187',0.001,363.00,988,-0.0062,0.0012,819
820,4556,6,258.0,'Connected',590,'8966985','2303316',-0.007,196.00,153,-0.0022,0.0021,820
821,985,88,468.0,'Connected',372,'3029590','8137617',0.003,179.00,472,-0.006,0.0033,821
822,9648,35,359.0,'Disconnected',747,'1446667','1390921',0.002,481.00,359,-0.0036,0.009,822
823,2041,65,801.0,'Disconnected',784,'3227300','7392699',0.003,360.00,742,0.0004,0.0099,823
824,5194,60,439.0,'Disconnected',808,'8682260','5318436',-0.001,249.00,21,-0.0028,0.0082,824
825,4575,69,944.0,'Connected',434,'6147932','5617009',0.007,50.00,610,-0.0023,0.0067,825
826,5106,19,393.0,'Connected',381,'4458141','6321654',0.006,482.00,256,-0.0087,0.0013,826
827,3627,72,633.0,'Connected',997,'3989047','1751163',0.006,823.00,329,0.0015,0.0099,827
828,4274,21,589.0,'Disconnected',141,'6770133','4262279',0.002,616.00,887,0.006,0.0084,828
829,8902,56,462.0,'Connected',280,'2422814','3450200',0.006,493.00,386,0.0037,0.0073,829
830,5819,10,749.0,'Connected',812,'2167788','8945249',0.010,343.00,35,-0.0099,0.0019,830
831,2260,39,193.0,'Connected',704,'3404492','2153580',0.000,246.00,693,0.0046,0.0079,831
832,2646,5,521.0,'Disconnected',250,'7643576','2682200',0.004,623.00,756,-0.0056,0.0093,832
833,8829,22,164.0,'Disconnected',960,'2118106','9803133',-0.006,280.00,969,-0.0081,0.0006,833
834,4569,18,337.0,'Disconnected',695,'8906720','1486060',0.001,828.00,535,0.0076,0.0072,834
835,57,37,98.0,'Disconnected',67,'7808430','7696588',-0.007,888.00,316,0.0087,0.0061,835
836,9760,49,427.0,'Disconnected',69,'1245895','6567820',-0.008,237.00,78,0.0035,0.0068,836
837,782,51,572.0,'Disconnected',865,'2104641','6104910',-0.004,881.00,556,0.0076,0.0059,837
838,4361,79,107.0,'Disconnected',974,'4489308','6218198',-0.004,53.00,405,0.001,0.0022,838
839,5158,14,436.0,'Connected',113,'2007737','3791258',-0.001,7.00,115,0.0071,0.0057,839
840,7014,79,738.0,'Connected',277,'5678838','1207507',0.002,225.00,274,0.0006,0.0043,840
841,4609,3,721.0,'Connected',429,'2265362','3883004',0.008,141.00,500,-0.0015,0.0063,841
842,6489,6,436.0,'Connected',816,'9522346','3024312',0.002,112.00,259,-0.0068,0.0056,842
843,1361,48,132.0,'Disconnected',635,'2867144','2323506',0.008,675.00,452,-0.0062,0.0031,843
844,4506,72,616.0,'Disconnected',12,'7646361','5364766',0.009,166.00,681,-0.0008,0.0077,844
845,249,55,293.0,'Disconnected',240,'9295156','1941032',0.002,555.00,162,0.0022,0.0005,845
846,6138,91,290.0,'Connected',189,'7869850','3937059',-0.002,798.00,479,0.0091,0.0096,846
847,1639,62,970.0,'Connected',929,'1684517','2711515',0.002,908.00,970,-0.0033,0.004,847
848,75,27,980.0,'Disconnected',352,'8927679','5372419',0.000,703.00,569,0.0072,0.0047,848
849,7183,15,627.0,'Disconnected',199,'1095784','5379264',0.005,134.00,909,0.0018,0.0029,849
850,3099,76,460.0,'Connected',330,'9446627','1443614',-0.007,83.00,216,0.0061,0.0015,850
851,4275,11,367.0,'Connected',958,'5483431','9139307',0.009,941.00,483,-0.0089,0.0011,851
852,1259,12,685.0,'Connected',39,'7746923','2180343',-0.008,353.00,914,0.0067,0.0092,852
853,5196,99,177.0,'Connected',721,'5230386','2054645',-0.009,676.00,76,0.0095,0.0065,853
854,6401,6,547.0,'Connected',483,'2356240','8098449',-0.005,251.00,259,0.0034,0.0075,854
855,6463,84,623.0,'Connected',137,'9454014','5927937',-0.001,220.00,377,-0.0009,0.0084,855
856,6066,73,647.0,'Connected',931,'5128573','3679905',-0.010,75.00,731,-0.0009,0.0081,856
857,2872,22,234.0,'Disconnected',86,'6890419','2045900',0.001,224.00,87,-0.0005,0.0023,857
858,1787,18,222.0,'Connected',429,'2079877','6380198',0.006,911.00,832,0.0021,0.0019,858
859,7913,94,299.0,'Connected',343,'4801120','2465448',-0.004,379.00,136,-0.0065,0.002,859
860,7959,8,433.0,'Connected',677,'3555054','6838883',-0.002,750.00,291,-0.0058,0.0038,860
861,9223,90,252.0,'Connected',258,'3593589','6317510',-0.001,797.00,736,-0.0061,0.0011,861
862,5327,6,520.0,'Disconnected',365,'8801938','1792502',-0.006,956.00,822,-0.0018,0.001,862
863,7280,61,790.0,'Disconnected',784,'8382237','9171114',0.005,72.00,904,-0.001,0.0012,863
864,8183,32,662.0,'Connected',940,'4961860','4827029',0.003,559.00,179,0.0052,0.0025,864
865,2794,15,571.0,'Connected',595,'4837483','4582019',-0.005,564.00,495,-0.0013,0.0013,865
866,5938,15,624.0,'Disconnected',537,'9350231','3070571',0.008,696.00,761,0.0085,0.0006,866
867,7834,57,137.0,'Connected',18,'7607375','5354104',-0.007,620.00,338,-0.0048,0.0013,867
868,9470,52,339.0,'Disconnected',457,'3896175','3087087',0.001,619.00,828,-0.0017,0.0086,868
869,4965,98,623.0,'Disconnected',810,'1433307','7482382',0.007,507.00,890,-0.007,0.0002,869
870,2936,2,65.0,'Connected',867,'6474443','9464123',0.007,765.00,756,-0.0022,0.0066,870
871,5469,85,465.0,'Disconnected',618,'3391837','9835671',-0.001,232.00,330,-0.0054,0.0013,871
872,7401,41,683.0,'Connected',534,'1170160','9247714',-0.004,780.00,531,-0.006,0.0063,872
873,1819,0,552.0,'Disconnected',705,'6940792','8147886',-0.009,184.00,433,0.0079,0.0051,873
874,5217,14,720.0,'Connected',564,'1762172','6165079',0.010,695.00,377,-0.002,0.0096,874
875,2364,90,100.0,'Disconnected',514,'4154304','9796101',0.010,434.00,383,-0.0038,0.0095,875
876,4745,31,354.0,'Disconnected',51,'7828428','7218706',0.006,160.00,107,-0.0055,0.0053,876
877,3422,18,54.0,'Connected',855,'8277121','7189043',-0.008,266.00,291,0.0042,0.0022,877
878,6684,13,3.0,'Connected',813,'4828569','1618944',-0.002,157.00,162,0.0042,0.0018,878
879,2104,98,20.0,'Disconnected',536,'6987056','9591254',0.003,211.00,204,0.0056,0.009,879
880,4904,12,187.0,'Disconnected',765,'8018336','5844591',0.002,993.00,963,0.0012,0.0075,880
881,7130,49,314.0,'Connected',355,'6461180','6635936',0.004,206.00,24,0.0082,0.0036,881
882,7265,15,380.0,'Connected',737,'3637360','1651777',-0.009,122.00,530,-0.0005,0.0006,882
883,2495,51,211.0,'Connected',285,'5657183','3524671',0.008,647.00,134,-0.009,0.0083,883
884,6728,10,663.0,'Disconnected',215,'3416678','7644700',-0.001,326.00,666,-0.0053,0.0089,884
885,2973,60,65.0,'Disconnected',732,'8038323','7870867',0.000,596.00,982,-0.0068,0.0059,885
886,6627,62,48.0,'Connected',380,'5918099','4025004',-0.001,234.00,37,0.0056,0.0088,886
887,599,37,468.0,'Connected',739,'2519974','6133532',0.008,230.00,119,0.0051,0.0016,887
888,2171,13,459.0,'Disconnected',172,'3550960','2481947',-0.010,29.00,430,0.0054,0.0041,888
889,8493,39,733.0,'Disconnected',295,'6556091','7409431',-0.007,20.00,95,0.0078,0.0014,889
890,4006,82,928.0,'Disconnected',945,'9524640','8079349',0.009,400.00,81,-0.0044,0.0081,890
891,4268,15,423.0,'Disconnected',856,'4159934','9663911',0.000,294.00,106,-0.0095,0.0052,891
892,2554,42,354.0,'Disconnected',74,'7892534','6784971',-0.004,68.00,967,0.0051,0.0016,892
893,8577,35,657.0,'Disconnected',307,'2479996','6106740',0.003,309.00,866,-0.0038,0.0083,893
894,2414,76,974.0,'Disconnected',98,'2271707','9609730',0.006,376.00,650,0.0072,0.0061,894
895,1912,37,33.0,'Disconnected',171,'5567765','7323477',-0.004,639.00,505,0.0082,0.0082,895
896,4258,30,360.0,'Connected',278,'4727799','6041235',0.006,491.00,459,0.005,0.0054,896
897,8537,95,569.0,'Disconnected',589,'1576658','8524393',0.008,228.00,750,0.0063,0.0055,897
898,3127,34,674.0,'Disconnected',691,'4585074','1770267',0.001,478.00,239,-0.0019,0.006,898
899,6685,76,314.0,'Connected',527,'4563319','4431227',-0.005,39.00,653,-0.0062,0.0045,899
900,2512,13,887.0,'Disconnected',713,'8958579','6776051',0.000,418.00,680,-0.0094,0.0036,900
901,7287,96,361.0,'Disconnected',670,'6740726','3546345',0.010,498.00,50,0.0063,0.0036,901
902,5041,35,913.0,'Connected',536,'5166307','6773245',0.001,65.00,606,0.0094,0.0037,902
903,9062,73,1.0,'Disconnected',31,'2985951','8114278',-0.008,749.00,704,-0.0084,0.0087,903
904,3090,69,372.0,'Disconnected',575,'7333013','6429822',-0.010,855.00,886,-0.0068,0.0058,904
905,8865,28,512.0,'Disconnected',232,'3259637','7591855',-0.009,937.00,472,0.0035,0.0045,905
906,3873,60,512.0,'Disconnected',696,'1810253','2530634',-0.006,305.00,514,-0.005,0.0071,906
907,2067,37,579.0,'Disconnected',977,'4072557','8327534',0.007,786.00,876,0.0018,0.0032,907
908,7661,18,371.0,'Connected',491,'3195880','8470660',0.006,865.00,709,0.0062,0.0085,908
909,3805,0,38.0,'Disconnected',685,'2563982','2726683',0.004,139.00,473,0.002,0.0071,909
910,60,18,354.0,'Connected',341,'3832230','9368793',0.007,395.00,195,0.0009,0.0094,910
911,3442,78,672.0,'Connected',31,'1568686','7750940',-0.004,735.00,241,-0.0089,0.0009,911
912,418,82,525.0,'Connected',95,'1941807','5999697',-0.008,70.00,258,0.0014,0.0022,912
913,8774,56,568.0,'Disconnected',577,'3758538','6888554',0.005,350.00,534,0.0076,0.0056,913
914,567,63,260.0,'Disconnected',720,'7652788','8280314',-0.007,900.00,53,-0.0091,0.001,914
915,452,61,577.0,'Disconnected',799,'9723505','1217142',-0.006,299.00,992,0.0003,0.0056,915
916,439,73,876.0,'Connected',271,'9399713','5683499',-0.004,389.00,356,-0.007,0.009,916
917,1994,94,758.0,'Disconnected',778,'8274640','6231275',-0.004,540.00,425,0.0006,0.0063,917
918,5303,48,868.0,'Connected',424,'6301376','3012223',0.008,796.00,817,0.0012,0.0043,918
919,451,67,399.0,'Connected',591,'7111253','9388614',0.010,901.00,545,0.0077,0.0078,919
920,9012,14,153.0,'Disconnected',932,'9973949','4878893',0.004,236.00,122,0.0033,0.0035,920
921,8545,10,792.0,'Connected',512,'3216834','7868175',0.006,755.00,274,0.0039,0.0015,921
922,7811,94,370.0,'Disconnected',152,'9101283','2147127',0.009,622.00,70,-0.0022,0.0063,922
923,5549,30,452.0,'Connected',485,'8500848','1963136',-0.008,451.00,261,-0.0044,0.0069,923
924,9417,67,813.0,'Connected',427,'4653666','9734692',0.003,266.00,161,0.0055,0.004,924
925,5212,40,540.0,'Disconnected',87,'6736956','4008118',0.003,641.00,228,0.0091,0.0087,925
926,9936,21,666.0,'Disconnected',950,'1558847','6438330',0.005,864.00,305,0.0098,0.0073,926
927,1638,99,878.0,'Disconnected',343,'6575639','3689011',-0.001,290.00,974,-0.0064,0.0051,927
928,1563,86,51.0,'Disconnected',862,'2770756','3084569',0.006,786.00,279,-0.0078,0.0097,928
929,8392,80,46.0,'Connected',891,'3318582','1574776',0.009,729.00,350,0.0057,0.0099,929
930,8301,71,192.0,'Connected',910,'3051843','9798207',0.008,669.00,648,-0.0062,0.0039,930
931,7080,35,858.0,'Connected',188,'4294111','5232928',0.005,725.00,9,0.0026,0.009,931
932,5805,2,989.0,'Disconnected',222,'3225821','4810813',0.003,736.00,698,-0.0014,0.0086,932
933,8588,61,932.0,'Connected',692,'1943280','1779565',-0.003,705.00,12,-0.0068,0.0055,933
934,4673,64,844.0,'Disconnected',400,'2413958','1766564',-0.003,678.00,57,-0.0034,0.0073,934
935,2463,85,758.0,'Connected',382,'3751894','8006674',0.006,661.00,741,-0.0059,0.0053,935
936,8674,59,813.0,'Disconnected',493,'9084190','1666771',-0.001,874.00,410,0.0014,0.0099,936
937,28,85,698.0,'Connected',615,'1662963','6534128',-0.001,604.00,749,0.0055,0.0081,937
938,7360,26,900.0,'Disconnected',130,'3177023','5570905',-0.005,397.00,744,-0.0004,0.0093,938
939,3255,19,794.0,'Disconnected',187,'9980510','6728912',-0.003,538.00,174,0.0065,0.0058,939
940,6694,36,423.0,'Disconnected',135,'9478491','1262794',-0.006,203.00,922,0.0006,0.0015,940
941,2508,30,440.0,'Disconnected',283,'1671165','6352878',-0.004,996.00,190,0.0096,0.006,941
942,3356,57,439.0,'Connected',499,'3068561','8260942',-0.001,82.00,722,-0.0068,0.0041,942
943,439,17,80.0,'Connected',292,'1039548','2869904',0.006,51.00,378,-0.001,0.0035,943
944,7427,81,664.0,'Connected',867,'4090851','4970334',0.009,958.00,742,-0.0045,0.003,944
945,6763,69,403.0,'Connected',35,'1205848','8640546',0.005,295.00,220,0.0046,0.005,945
946,1709,90,288.0,'Disconnected',972,'1774218','3984349',0.002,239.00,481,0.0092,0.0083,946
947,7021,36,725.0,'Disconnected',816,'5707430','6023627',0.010,114.00,475,0.0058,0.0027,947
948,7216,73,131.0,'Disconnected',256,'2400450','3293163',0.006,3.00,346,-0.0081,0.0086,948
949,6169,95,637.0,'Disconnected',234,'7491802','4871479',0.006,267.00,419,0.0058,0.0061,949
950,1761,4,966.0,'Disconnected',63,'3234986','3215045',-0.002,34.00,61,0.0089,0.0093,950
951,4373,82,765.0,'Disconnected',721,'9137586','6028911',0.007,273.00,611,0.0033,0.0071,951
952,9257,7,241.0,'Disconnected',22,'5421195','6882114',0.005,814.00,171,0.0092,0.0054,952
953,5632,91,847.0,'Connected',146,'8889509','3092108',0.009,661.00,549,-0.0033,0.0077,953
954,6758,52,806.0,'Connected',245,'6004029','4118998',0.002,888.00,527,-0.0021,0.0063,954
955,2120,66,523.0,'Connected',432,'4501750','7249019',0.000,427.00,864,-0.005,0.001,955
956,3638,87,648.0,'Disconnected',536,'7872177','7698567',0.000,585.00,658,0.0046,0.0063,956
957,882,46,100.0,'Disconnected',43,'7778935','8799853',-0.009,139.00,551,-0.0024,0.0047,957
958,1967,80,591.0,'Disconnected',628,'4024394','3865567',0.006,735.00,165,-0.008,0.0002,958
959,9067,9,812.0,'Connected',793,'6631956','1463752',-0.008,807.00,659,-0.0014,0.0092,959
960,9401,98,741.0,'Disconnected',287,'7842838','1742016',0.008,480.00,871,0.0015,0.0014,960
961,1867,30,858.0,'Disconnected',995,'4127001','4893729',0.008,763.00,828,-0.0025,0.0091,961
962,7131,29,873.0,'Disconnected',278,'6547980','7085856',0.000,819.00,935,0.0031,0.0063,962
963,904,81,835.0,'Connected',39,'8071464','9091891',-0.001,289.00,536,0.0081,0.0074,963
964,921,31,348.0,'Connected',513,'2760156','4808393',-0.009,80.00,732,0.003,0.002,964
965,895,53,811.0,'Disconnected',111,'5793541','2979706',-0.006,333.00,716,0.0006,0.0042,965
966,5070,15,145.0,'Connected',723,'3210450','2264023',0.001,537.00,417,0.0062,0.0004,966
967,3742,28,78.0,'Connected',251,'5166877','3045286',0.007,421.00,570,0.0045,0.0085,967
968,3947,33,548.0,'Disconnected',342,'9754011','5001769',-0.010,441.00,327,0.0054,0.0023,968
969,9111,27,893.0,'Connected',755,'2490196','4978093',0.008,564.00,693,-0.0031,0.0037,969
970,2025,14,808.0,'Disconnected',656,'1978983','9896973',-0.006,672.00,5,-0.0028,0.0048,970
971,5066,93,428.0,'Disconnected',565,'7328739','4266083',-0.009,992.00,911,-0.0002,0.0008,971
972,1903,60,237.0,'Disconnected',465,'2327050','1439786',-0.001,240.00,546,0.0046,0.0077,972
973,4012,41,572.0,'Disconnected',756,'7182039','8091691',0.007,807.00,565,0.0076,0.0067,973
974,3710,31,102.0,'Connected',723,'3552997','6355637',-0.001,225.00,709,-0.005,0.0092,974
975,2481,14,702.0,'Disconnected',702,'8265857','2242537',-0.007,354.00,582,0.0067,0.0052,975
976,7180,32,173.0,'Connected',140,'4588132','6982102',-0.009,340.00,713,-0.0014,0.0017,976
977,1897,85,17.0,'Connected',68,'1050086','2215254',0.006,222.00,321,0.0057,0.0092,977
978,1717,24,447.0,'Disconnected',428,'1439057','9522747',-0.003,160.00,82,0.0035,0.0029,978
979,2485,88,44.0,'Disconnected',0,'5979674','8817899',0.007,883.00,838,0.006,0.0062,979
980,2034,73,93.0,'Connected',677,'6856861','6211704',0.000,59.00,904,-0.0097,0.0086,980
981,8428,47,519.0,'Disconnected',56,'3054690','5212469',0.004,384.00,801,-0.0047,0.0005,981
982,4813,39,298.0,'Disconnected',203,'2281107','5631089',-0.005,828.00,481,0.0047,0.0066,982
983,5446,98,724.0,'Connected',798,'9102762','4273699',-0.005,469.00,445,0.0086,0.0034,983
984,9375,4,438.0,'Connected',73,'1508418','1906176',-0.003,920.00,50,-0.0037,0.0044,984
985,9042,0,813.0,'Disconnected',503,'7092209','8247823',-0.009,770.00,552,0.0012,0.0039,985
986,6590,46,147.0,'Connected',222,'3224596','3161282',-0.002,812.00,932,-0.0034,0.0067,986
987,8537,99,333.0,'Connected',287,'3191525','9094677',0.008,250.00,944,0.0069,0.0033,987
988,8885,83,249.0,'Connected',299,'9098449','5354044',-0.003,373.00,235,0.0062,0.001,988
989,2716,48,176.0,'Connected',705,'4397058','4831214',0.004,350.00,754,0.0005,0.0006,989
990,2722,70,702.0,'Disconnected',314,'5742983','2649299',-0.005,930.00,929,0.0055,0.0007,990
991,8204,93,983.0,'Disconnected',562,'7860903','1630830',0.006,99.00,934,0.0018,0.0072,991
992,3987,99,317.0,'Connected',145,'9616260','4590450',0.003,389.00,939,0.0021,0.001,992
993,7488,43,433.0,'Disconnected',303,'4769029','6124975',0.009,625.00,56,0.0022,0.0087,993
994,5866,11,467.0,'Connected',636,'2018282','9630444',-0.008,497.00,299,-0.0099,0.0049,994
995,6701,0,780.0,'Connected',910,'6713000','5650366',0.005,722.00,509,0.0024,0.0079,995
996,6950,35,775.0,'Disconnected',979,'6918179','8522403',-0.002,446.00,931,-0.0012,0.0096,996
997,1060,27,537.0,'Connected',24,'8379764','3367900',0.002,893.00,562,-0.0011,0.0026,997
998,754,66,374.0,'Connected',185,'3535317','1081660',0.002,522.00,626,0.0026,0.0066,998
999,8586,89,677.0,'Connected',549,'5334342','8111862',-0.006,355.00,147,-0.0097,0.0029,999
1000,6128,50,286.0,'Connected',411,'5704399','4150264',0.009,289.00,932,0.0096,0.0044,1000
