1,1,794,89,11,12,27,16.7,34.10,0.0140,6.4,0.18
2,2,539,420,12,18,21,10.7,16.40,0.0350,4.3,0.19
3,3,402,393,47,14,13,5.4,29.00,0.0770,5.9,0.14
4,4,446,53,44,6,24,18.0,17.70,0.0410,7.6,0.20
5,5,448,386,42,13,11,16.5,6.00,0.0830,5.4,0.12
6,6,696,101,NULL,15,1,0.5,6.10,0.0240,6.4,0.15
7,7,933,184,34,4,17,34.1,43.70,0.0270,4.9,0.27
8,8,499,193,34,16,6,0.7,3.60,0.0080,6.8,0.26
9,9,478,480,10,NULL,10,3.0,16.50,0.0650,4.9,0.29
10,10,837,284,16,18,25,23.8,20.00,0.0760,7.4,0.21
11,11,766,248,44,20,20,34.4,41.50,0.0230,6.8,0.21
12,12,964,447,8,20,19,1.5,31.90,0.0270,5.7,0.16
13,13,480,190,24,19,29,9.5,29.40,0.0490,5.4,0.21
14,14,617,79,23,3,29,13.2,23.20,0.0460,5.9,0.13
15,15,759,183,12,15,18,21.8,9.80,0.0220,5.8,0.17
16,16,700,142,34,9,20,15.8,28.50,0.0260,5.1,0.27
17,17,621,117,28,11,9,5.7,0.50,0.0350,6.7,0.20
18,18,809,226,30,9,3,12.4,34.70,0.0140,5.1,0.25
19,19,429,312,34,NULL,30,18.0,20.40,0.0830,4.4,0.18
20,20,859,57,45,7,18,8.1,25.00,0.0180,7.9,0.24
21,21,760,421,37,NULL,7,32.0,38.90,0.0410,5.9,0.17
22,22,440,189,25,2,11,18.9,22.50,0.0340,7.5,0.21
23,23,760,168,35,15,23,14.8,41.50,0.0620,5.8,0.21
24,24,704,393,34,3,5,21.9,43.70,0.0440,5.5,0.13
25,25,853,420,38,12,17,19.0,14.10,0.0350,7.3,0.13
26,26,628,478,22,7,15,21.5,43.00,0.0490,6.7,0.29
27,27,576,144,40,11,28,17.3,38.20,0.0740,4.6,0.27
28,28,874,128,34,2,21,32.8,46.20,0.0080,5.4,0.29
29,29,978,300,46,8,11,4.4,26.10,0.0570,5.6,0.29
30,30,731,66,40,6,12,14.6,9.00,0.0110,7.9,0.26
31,31,992,107,3,16,7,24.7,12.80,0.0020,7.8,0.17
32,32,413,438,16,9,11,8.4,26.90,0.0890,8.0,0.12
33,33,556,172,17,10,14,20.4,37.50,0.0150,5.2,0.29
34,34,421,195,28,13,17,21.6,17.40,0.0230,6.1,0.19
35,35,619,410,50,8,2,29.8,7.50,0.0340,6.8,0.18
36,36,578,114,9,19,11,29.1,2.30,0.0610,4.7,0.12
37,37,599,165,36,15,27,29.3,37.00,0.0530,5.8,0.19
38,38,380,276,40,17,9,13.7,5.90,0.0920,4.5,0.13
39,39,834,67,39,NULL,21,16.9,36.70,0.0420,7.8,0.26
40,40,570,171,33,3,13,23.2,43.30,0.0960,7.2,0.14
41,41,354,252,6,15,6,8.3,15.10,0.0830,4.6,0.26
42,42,443,93,22,15,17,3.3,35.40,0.0420,6.5,0.23
43,43,552,345,15,12,11,14.2,7.70,0.0620,4.4,0.27
44,44,594,440,34,8,8,17.5,6.60,0.0430,6.0,0.10
45,45,825,384,21,15,10,2.5,19.80,0.0400,7.9,0.18
46,46,938,122,43,12,10,15.8,34.20,0.0010,7.7,0.23
47,47,826,109,26,13,20,3.2,49.20,0.0070,7.6,0.28
48,48,914,193,32,15,8,17.7,21.70,0.0760,7.8,0.22
49,49,719,483,35,NULL,27,11.6,34.50,0.0350,5.9,0.18
50,50,934,382,3,15,17,26.3,15.60,0.0460,5.8,0.19
51,51,494,93,34,12,13,24.6,44.20,0.0580,7.9,0.13
52,52,467,211,11,2,14,4.5,34.10,0.0120,6.6,0.21
53,53,389,121,16,14,5,13.9,25.20,0.0060,4.1,0.12
54,54,806,386,3,1,5,28.4,33.20,0.0090,5.5,0.16
55,55,563,130,NULL,1,9,28.4,29.40,0.0400,5.0,0.29
56,56,811,449,40,20,NULL,19.0,20.30,0.0490,7.5,0.23
57,57,890,259,5,13,29,20.1,2.60,0.0960,5.7,0.24
58,58,988,374,32,1,3,22.8,48.20,0.0800,7.1,0.18
59,59,437,51,29,10,19,14.3,18.80,0.0390,4.6,0.17
60,60,597,292,34,16,14,9.0,42.90,0.0710,4.3,0.22
61,61,619,221,25,9,11,21.6,25.50,0.0200,4.9,0.19
62,62,872,446,5,17,20,13.0,35.50,0.0190,5.2,0.10
63,63,464,260,50,19,NULL,0.7,21.30,0.0920,7.3,0.28
64,64,992,370,42,3,12,24.8,49.80,0.0150,5.6,0.15
65,65,360,474,33,17,24,19.2,16.70,0.0530,5.2,0.25
66,66,989,424,34,13,24,1.5,7.20,0.0380,4.8,0.25
67,67,531,234,14,7,20,15.6,2.60,0.0250,4.5,0.20
68,68,616,233,2,17,17,23.8,13.80,0.0650,5.6,0.28
69,69,490,318,37,NULL,24,17.1,3.20,0.0070,5.4,0.11
70,70,633,73,11,6,1,11.5,49.70,0.0810,5.4,0.24
71,71,657,154,14,9,16,1.8,39.90,0.0390,7.6,0.17
72,72,443,254,31,7,5,21.0,18.60,0.0300,4.0,0.26
73,73,373,369,6,17,25,8.2,40.60,0.0710,4.6,0.24
74,74,547,445,20,7,30,0.6,35.30,0.0400,4.0,0.14
75,75,695,317,39,19,4,8.0,46.10,0.0420,4.6,0.27
76,76,532,246,39,13,17,20.5,16.90,0.0510,7.2,0.23
77,77,989,270,13,6,25,4.2,31.00,0.0960,7.0,0.11
78,78,958,327,12,11,2,26.3,14.90,0.0760,4.7,0.30
79,79,357,416,20,8,14,21.3,6.40,0.0500,6.4,0.19
80,80,954,361,12,15,1,20.9,9.40,0.0850,6.6,0.18
81,81,569,492,25,8,1,33.1,44.90,0.0440,5.6,0.11
82,82,532,145,1,17,8,2.4,3.90,0.0990,6.6,0.24
83,83,987,197,48,16,29,20.3,15.00,0.0250,4.6,0.28
84,84,615,186,23,16,2,6.7,18.10,0.0420,5.8,0.11
85,85,633,153,18,20,1,26.5,29.70,0.0380,6.2,0.20
86,86,920,161,30,5,10,27.3,18.40,0.0620,4.3,0.18
87,87,665,197,29,20,12,5.1,28.10,0.0030,4.0,0.28
88,88,718,183,25,10,10,0.6,42.00,0.0440,4.2,0.23
89,89,475,421,12,5,23,28.2,22.50,0.0520,5.8,0.11
90,90,591,483,32,12,18,22.6,39.90,0.0400,7.3,0.20
91,91,558,441,8,20,1,27.2,46.10,0.0740,6.1,0.15
92,92,793,241,8,9,7,1.2,10.60,0.0440,7.7,0.26
93,93,817,110,41,NULL,25,21.7,23.90,0.0980,4.7,0.20
94,94,772,100,2,13,28,6.2,24.20,0.0860,4.1,0.16
95,95,427,473,28,4,17,15.8,33.00,0.0510,4.4,0.23
96,96,358,351,28,11,11,33.5,47.10,0.0010,4.9,0.14
97,97,748,150,10,9,11,4.7,35.20,0.0940,5.3,0.25
98,98,422,134,44,15,5,5.3,1.40,0.0290,4.9,0.28
99,99,538,414,2,4,30,26.6,16.50,0.0740,5.7,0.21
100,100,543,197,NULL,13,12,25.8,24.50,0.0090,4.5,0.12
101,101,906,478,12,8,8,18.0,5.20,0.0040,7.6,0.26
102,102,497,70,17,14,14,0.6,7.40,0.0240,7.0,0.11
103,103,479,169,28,2,5,3.2,18.50,0.0290,7.5,0.15
104,104,944,213,NULL,9,19,10.4,11.00,0.0850,5.3,0.17
105,105,968,431,9,5,26,32.0,41.20,0.0110,7.6,0.29
106,106,919,440,40,10,10,7.1,17.40,0.0020,5.6,0.23
107,107,669,440,29,3,9,12.0,46.10,0.0810,7.0,0.25
108,108,497,454,34,15,29,15.5,10.50,0.0970,6.8,0.24
109,109,605,137,11,4,22,27.2,28.70,0.0400,7.2,0.16
110,110,899,349,2,20,NULL,2.3,3.70,0.0650,7.7,0.11
111,111,642,189,48,8,28,31.5,40.40,0.0610,7.4,0.28
112,112,785,459,10,1,5,11.4,31.00,0.0080,5.0,0.22
113,113,689,140,9,6,19,10.2,7.00,0.0710,6.2,0.30
114,114,612,464,26,4,26,5.1,45.40,0.0490,7.5,0.15
115,115,773,497,22,4,11,15.2,26.70,0.0240,5.6,0.13
116,116,747,158,23,NULL,14,23.9,48.90,0.0430,7.7,0.22
117,117,509,225,45,19,3,13.5,45.80,0.0710,4.6,0.30
118,118,846,54,16,20,15,24.3,49.20,0.0300,5.6,0.13
119,119,831,240,28,7,2,34.6,32.50,0.0540,5.8,0.12
120,120,751,190,13,NULL,16,34.5,34.40,0.0110,4.3,0.10
121,121,647,284,48,13,19,28.5,21.10,0.0890,5.1,0.11
122,122,540,77,7,11,13,12.8,38.00,0.0330,5.8,0.23
123,123,504,248,34,2,9,14.6,0.60,0.0320,4.4,0.18
124,124,648,492,16,14,3,24.7,7.90,0.0450,6.0,0.26
125,125,401,466,36,16,NULL,23.4,31.80,0.0610,7.2,0.17
126,126,515,335,48,8,23,10.1,6.80,0.0740,6.2,0.15
127,127,599,225,15,19,11,9.4,28.40,0.0480,5.1,0.26
128,128,644,490,22,9,NULL,17.6,24.30,0.0610,7.3,0.22
129,129,943,407,37,6,10,7.8,31.40,0.0380,6.3,0.25
130,130,986,357,41,5,24,5.8,1.30,0.0790,4.1,0.19
131,131,612,207,44,6,11,12.8,10.20,0.0580,5.8,0.20
132,132,515,277,30,10,19,2.5,44.50,0.0460,4.4,0.13
133,133,444,186,46,11,20,28.4,36.40,0.0310,5.7,0.11
134,134,822,230,32,11,6,20.4,47.40,0.0070,6.3,0.21
135,135,600,202,5,6,10,4.9,28.80,0.0550,7.8,0.19
136,136,831,475,17,14,30,25.6,4.70,0.0450,4.1,0.20
137,137,964,234,21,6,29,21.5,40.10,0.0760,7.1,0.15
138,138,966,202,33,14,2,8.1,28.40,0.0050,5.3,0.26
139,139,870,147,36,3,25,5.4,44.70,0.0490,4.5,0.25
140,140,869,200,21,20,15,5.4,30.60,0.0030,5.2,0.26
141,141,962,463,37,10,2,12.4,47.60,0.0200,4.6,0.23
142,142,990,310,25,14,11,25.3,40.10,0.0930,5.5,0.17
143,143,826,107,3,19,22,4.4,35.30,0.0620,5.7,0.15
144,144,484,423,17,5,7,8.3,25.40,0.0530,4.6,0.29
145,145,787,377,46,17,13,19.2,36.40,0.0110,4.4,0.25
146,146,579,479,4,8,27,8.7,0.50,0.0010,8.0,0.27
147,147,566,151,6,2,20,7.0,13.30,0.0760,4.9,0.19
148,148,875,417,45,13,NULL,14.1,4.50,0.0010,7.4,0.13
149,149,443,259,4,11,24,16.3,12.30,0.0700,7.2,0.24
150,150,908,399,32,9,NULL,19.9,48.30,0.0930,5.8,0.24
151,151,845,246,1,7,30,21.8,43.20,0.0820,4.1,0.10
152,152,589,484,22,13,22,32.0,38.10,0.0170,5.8,0.29
153,153,595,214,25,5,9,10.2,21.40,0.0250,6.5,0.29
154,154,750,399,12,9,30,14.6,31.70,0.0480,7.3,0.14
155,155,778,260,29,4,5,26.8,8.90,0.0020,4.5,0.23
156,156,848,344,40,3,24,21.1,46.00,0.0650,7.4,0.14
157,157,964,173,24,7,30,8.0,10.90,0.0080,4.0,0.29
158,158,636,395,27,15,20,2.8,28.20,0.0570,4.6,0.29
159,159,880,75,9,11,30,15.1,38.60,0.0360,4.2,0.23
160,160,508,241,15,2,11,21.0,6.80,0.0820,4.1,0.28
161,161,574,384,32,20,17,19.7,20.50,0.0800,5.3,0.24
162,162,690,206,7,17,10,13.1,36.20,0.0020,7.0,0.24
163,163,958,348,18,11,17,28.3,11.40,0.0850,5.6,0.14
164,164,911,85,49,13,6,12.6,26.70,0.0210,7.8,0.24
165,165,776,130,33,11,21,14.8,2.60,0.0840,7.8,0.17
166,166,538,284,40,7,24,13.4,7.50,0.0030,4.5,0.26
167,167,667,82,9,14,10,10.6,2.20,0.0060,7.6,0.27
168,168,874,77,12,5,22,9.6,41.10,0.0700,5.8,0.28
169,169,575,260,16,18,NULL,0.8,5.60,0.0680,5.6,0.21
170,170,974,137,42,1,28,32.1,33.70,0.0310,5.3,0.20
171,171,519,294,33,19,20,6.8,9.20,0.0950,5.1,0.20
172,172,574,247,18,9,16,5.7,11.70,0.0220,5.9,0.15
173,173,363,128,33,4,23,27.8,23.60,0.0870,5.9,0.21
174,174,408,349,42,15,18,29.4,19.80,0.0670,6.0,0.16
175,175,358,331,31,9,10,0.6,21.20,0.0090,6.6,0.25
176,176,423,170,34,14,29,7.6,31.60,0.0220,4.7,0.13
177,177,406,120,27,10,26,5.9,36.70,0.0330,5.0,0.26
178,178,432,426,1,7,30,26.1,46.50,0.0250,6.7,0.26
179,179,442,53,26,19,12,10.0,14.70,0.0750,5.4,0.22
180,180,791,73,32,10,18,15.7,10.90,0.0730,6.3,0.26
181,181,955,245,2,9,NULL,16.2,43.00,0.0910,5.1,0.17
182,182,435,205,25,17,18,32.3,32.00,0.0950,7.2,0.24
183,183,668,88,45,16,25,28.6,13.40,0.0390,7.9,0.29
184,184,575,346,44,17,29,19.0,29.40,0.0430,7.3,0.19
185,185,515,121,15,17,12,15.1,13.90,0.0500,6.6,0.18
186,186,657,155,40,2,22,30.9,18.30,0.0120,4.8,0.17
187,187,774,130,11,4,3,25.2,22.00,0.0260,4.5,0.15
188,188,583,128,39,NULL,18,30.3,43.00,0.0790,6.4,0.14
189,189,658,415,1,11,26,2.8,41.00,0.0970,6.4,0.11
190,190,460,351,4,3,29,27.0,7.20,0.0270,7.4,0.26
191,191,785,395,28,13,3,24.4,20.10,0.0610,5.8,0.29
192,192,642,359,39,NULL,14,0.9,10.80,0.0770,5.4,0.27
193,193,900,361,4,12,NULL,28.8,1.20,0.0600,7.8,0.19
194,194,927,178,40,18,26,15.8,21.40,0.0510,5.2,0.10
195,195,453,67,36,NULL,9,2.9,7.50,0.0250,4.1,0.21
196,196,891,352,35,8,21,8.1,39.90,0.0730,5.1,0.14
197,197,935,318,31,10,5,7.4,31.10,0.0200,6.7,0.22
198,198,772,51,8,6,30,7.1,33.60,0.0860,5.6,0.14
199,199,432,177,47,10,23,20.6,34.30,0.0730,8.0,0.16
200,200,365,294,3,20,NULL,18.0,49.60,0.0070,5.4,0.29
201,201,730,120,18,18,30,4.0,1.30,0.0060,5.5,0.13
202,202,510,494,46,4,8,7.5,11.60,0.0540,6.9,0.28
203,203,772,214,16,17,13,21.2,26.50,0.0070,5.2,0.25
204,204,784,172,14,11,12,7.3,3.20,0.0060,6.0,0.20
205,205,964,482,36,15,9,31.5,31.80,0.0450,6.1,0.19
206,206,390,499,16,13,7,8.2,38.20,0.0890,5.7,0.16
207,207,388,284,41,4,9,32.4,23.10,0.1000,7.7,0.12
208,208,837,310,38,18,26,14.4,22.80,0.0310,7.7,0.27
209,209,566,412,9,NULL,19,26.9,30.10,0.0770,4.9,0.24
210,210,459,54,37,NULL,23,11.7,36.70,0.0600,4.6,0.10
211,211,478,158,19,10,25,33.5,0.30,0.0770,4.5,0.28
212,212,705,360,16,7,27,25.2,30.40,0.0370,6.7,0.16
213,213,501,334,7,1,24,27.1,19.10,0.0350,4.8,0.16
214,214,613,264,23,17,24,15.2,46.50,0.0690,6.4,0.14
215,215,750,406,44,13,15,26.7,31.50,0.0400,5.9,0.24
216,216,354,192,49,13,30,24.2,14.50,0.0940,6.6,0.28
217,217,906,376,27,9,27,26.7,18.80,0.0610,6.6,0.16
218,218,366,137,36,9,25,34.0,31.30,0.0040,6.8,0.21
219,219,405,360,19,9,10,33.1,28.60,0.0720,7.6,0.20
220,220,889,245,39,18,29,10.6,24.50,0.0250,7.9,0.25
221,221,942,325,5,17,2,13.2,0.10,0.0350,7.3,0.12
222,222,617,382,14,NULL,16,13.6,33.70,0.0010,6.5,0.14
223,223,521,262,6,14,9,17.2,41.80,0.0190,4.4,0.26
224,224,366,54,44,13,6,22.5,35.00,0.0940,4.2,0.14
225,225,608,274,17,8,24,11.8,13.50,0.0330,6.1,0.20
226,226,403,247,14,13,12,14.4,16.80,0.0800,5.8,0.17
227,227,471,371,17,12,18,2.3,20.40,0.0550,5.8,0.22
228,228,926,212,39,1,15,8.4,25.50,0.0380,6.9,0.22
229,229,893,298,14,16,24,9.6,39.30,0.0090,5.5,0.13
230,230,775,376,43,1,NULL,15.8,32.40,0.0730,7.9,0.22
231,231,803,140,48,19,27,8.9,35.00,0.0900,8.0,0.19
232,232,983,81,2,16,25,8.5,22.50,0.0870,6.9,0.12
233,233,683,308,39,13,19,6.9,6.40,0.0160,6.4,0.28
234,234,756,310,20,10,23,10.1,42.20,0.0480,4.5,0.15
235,235,620,442,11,3,21,1.3,29.40,0.0480,4.4,0.20
236,236,703,194,20,16,25,1.1,6.20,0.0090,8.0,0.26
237,237,924,179,21,9,6,14.6,2.70,0.0060,5.4,0.17
238,238,896,210,26,5,12,15.3,33.80,0.0700,5.4,0.29
239,239,880,354,3,10,19,13.7,42.10,0.0080,4.5,0.19
240,240,767,407,34,13,25,25.5,35.60,0.0400,7.6,0.13
241,241,579,90,47,19,3,11.8,30.80,0.0900,7.3,0.11
242,242,405,135,23,8,17,5.6,32.40,0.0440,4.7,0.12
243,243,829,108,38,8,15,14.2,35.70,0.0890,4.5,0.12
244,244,393,443,NULL,19,5,29.0,28.60,0.1000,6.5,0.21
245,245,951,352,36,4,12,32.4,39.20,0.0050,5.3,0.13
246,246,776,203,33,6,15,31.6,9.10,0.0550,4.2,0.26
247,247,412,413,12,17,10,27.5,7.50,0.0050,6.6,0.24
248,248,561,76,13,5,2,26.3,35.80,0.0310,5.4,0.29
249,249,990,217,33,18,26,5.4,19.40,0.0430,6.1,0.25
250,250,446,291,2,6,1,22.3,39.70,0.0350,5.1,0.29
251,251,755,386,39,3,15,28.3,17.20,0.0450,6.3,0.26
252,252,480,350,13,4,23,9.5,19.10,0.0120,7.1,0.18
253,253,872,354,19,5,14,26.1,8.90,0.0150,5.4,0.15
254,254,505,344,26,20,18,23.6,21.10,0.0950,6.4,0.27
255,255,476,80,25,8,29,2.1,7.10,0.0170,7.1,0.20
256,256,990,236,35,NULL,16,17.0,14.90,0.0510,5.7,0.25
257,257,893,438,12,1,5,28.5,32.00,0.0900,6.1,0.14
258,258,481,156,6,18,19,34.8,NULL,0.0310,5.2,0.20
259,259,937,434,14,14,12,28.6,1.80,0.0660,5.4,0.10
260,260,515,63,18,18,3,33.9,5.20,0.0790,6.6,0.14
261,261,649,320,33,NULL,26,8.1,17.10,0.0700,5.5,0.14
262,262,933,410,45,17,10,8.7,12.70,0.0190,4.7,0.26
263,263,893,150,36,7,25,9.0,31.30,0.0530,7.6,0.28
264,264,933,483,4,10,24,0.6,11.50,0.0130,5.6,0.20
265,265,932,467,7,11,30,10.0,42.80,0.0620,4.1,0.16
266,266,551,86,37,15,6,5.8,20.60,0.0260,5.4,0.20
267,267,982,383,26,8,17,21.9,38.10,0.0100,7.2,0.19
268,268,862,63,4,15,24,8.9,28.50,0.0860,5.5,0.17
269,269,973,271,13,1,7,8.2,2.50,0.0480,4.4,0.23
270,270,367,196,33,6,1,26.6,39.70,0.0650,6.2,0.12
271,271,570,265,39,3,29,14.5,21.80,0.0840,7.9,0.23
272,272,666,320,50,18,1,11.9,18.40,0.0590,4.8,0.17
273,273,996,108,1,20,19,27.8,6.10,0.0670,7.5,0.26
274,274,582,55,45,4,7,32.0,49.30,0.0570,7.0,0.20
275,275,753,342,12,12,7,22.7,3.60,0.0830,5.7,0.12
276,276,473,298,43,5,7,19.2,33.00,0.0600,6.4,0.15
277,277,932,154,12,12,9,29.8,21.80,0.0050,4.2,0.17
278,278,957,253,44,18,9,28.5,47.40,0.0640,5.7,0.27
279,279,619,365,44,10,11,20.5,27.00,0.0550,4.2,0.18
280,280,849,357,42,NULL,10,24.8,40.30,0.0250,7.9,0.21
281,281,672,235,3,14,15,2.1,12.20,0.0220,7.9,0.22
282,282,998,419,40,8,14,3.7,0.90,0.0610,8.0,0.13
283,283,374,411,48,12,14,13.0,17.40,0.0050,7.9,0.11
284,284,853,390,7,14,26,7.7,4.30,0.0530,4.9,0.28
285,285,878,200,43,17,11,22.0,38.20,0.0750,4.3,0.11
286,286,606,286,37,9,18,16.4,21.40,0.0470,8.0,0.12
287,287,408,255,28,17,24,8.5,26.00,0.0850,4.1,0.14
288,288,400,109,1,17,8,8.3,14.20,0.0670,6.6,0.30
289,289,899,322,7,2,4,31.7,49.90,0.0910,4.5,0.11
290,290,387,438,11,11,28,34.8,40.00,0.0710,6.9,0.23
291,291,517,215,43,5,11,10.8,3.20,0.0410,7.7,0.16
292,292,786,271,31,12,18,33.8,33.80,0.0190,6.3,0.11
293,293,891,481,45,4,19,29.0,12.90,0.0670,4.6,0.16
294,294,761,320,45,20,6,9.4,32.10,0.0240,4.1,0.28
295,295,934,173,46,13,8,21.0,3.30,0.0520,7.5,0.26
296,296,902,336,47,NULL,14,20.2,40.30,0.0260,4.5,0.19
297,297,853,204,NULL,20,8,28.6,4.50,0.0190,6.1,0.28
298,298,598,181,50,13,3,18.0,18.30,0.0420,4.9,0.17
299,299,707,306,25,20,14,12.5,38.80,0.0270,4.0,0.19
300,300,778,122,23,10,25,16.4,18.30,0.0950,8.0,0.11
301,301,944,276,20,3,4,25.7,25.10,0.0850,6.8,0.11
302,302,539,449,8,NULL,29,30.7,13.30,0.0290,6.0,0.17
303,303,769,364,35,2,15,29.4,24.90,0.0350,5.2,0.14
304,304,389,63,28,8,13,5.2,40.90,0.0300,4.6,0.11
305,305,877,148,9,8,7,34.0,25.70,0.0840,6.6,0.11
306,306,982,71,44,9,NULL,25.2,1.50,0.0150,7.0,0.28
307,307,504,149,39,8,8,15.6,44.30,0.0850,7.1,0.25
308,308,434,396,4,8,10,2.5,27.60,0.0180,7.7,0.15
309,309,666,188,7,10,20,28.8,30.40,0.0850,4.7,0.18
310,310,629,81,21,11,13,33.4,30.10,0.0360,6.0,0.11
311,311,358,403,13,4,7,19.1,48.30,0.0980,7.9,0.26
312,312,438,285,44,1,10,23.9,25.10,0.0180,4.1,0.28
313,313,573,355,18,15,1,2.7,13.70,0.0090,7.1,0.22
314,314,874,334,10,4,10,3.8,1.80,0.0190,4.4,0.28
315,315,819,463,36,2,10,32.6,9.80,0.0190,4.9,0.27
316,316,607,259,12,8,4,3.3,15.40,0.0310,4.7,0.30
317,317,784,446,8,8,18,29.8,8.90,0.0980,5.8,0.23
318,318,898,330,8,5,6,21.8,15.40,0.0500,4.8,0.12
319,319,600,384,7,18,26,12.7,34.60,0.0120,5.0,0.17
320,320,803,360,37,10,24,14.8,49.60,0.0130,5.0,0.15
321,321,775,358,6,17,NULL,32.3,44.80,0.0910,7.3,0.21
322,322,371,174,12,17,30,17.7,21.60,0.0090,5.5,0.24
323,323,974,195,18,8,16,11.5,37.00,0.0070,7.5,0.17
324,324,982,473,12,3,22,14.1,15.30,0.0840,5.3,0.15
325,325,897,412,20,14,8,24.4,40.40,0.0030,6.2,0.19
326,326,358,311,41,1,9,19.5,37.70,0.0030,6.0,0.23
327,327,380,345,11,1,22,24.1,36.70,0.0970,5.4,0.23
328,328,892,334,16,NULL,2,31.0,12.30,0.0820,4.9,0.29
329,329,553,164,8,13,3,30.2,20.50,0.0440,7.7,0.21
330,330,633,359,7,18,7,24.6,1.00,0.0970,5.9,0.25
331,331,545,196,47,17,28,2.9,21.60,0.0280,5.7,0.18
332,332,491,184,10,2,4,4.6,35.80,0.0340,5.9,0.25
333,333,411,377,5,11,NULL,8.5,4.70,0.0090,5.1,0.28
334,334,732,232,28,11,24,14.3,0.20,0.0580,7.5,0.24
335,335,903,138,15,18,15,2.7,2.50,0.0840,4.7,0.15
336,336,778,416,23,18,14,23.1,20.40,0.0860,5.3,0.18
337,337,359,365,24,16,4,21.8,11.30,0.0370,6.9,0.25
338,338,898,171,27,19,7,2.5,41.30,0.0260,7.9,0.19
339,339,600,220,40,10,25,16.3,13.70,0.0510,5.6,0.29
340,340,478,115,12,7,25,1.0,48.60,0.0900,6.1,0.10
341,341,443,200,50,14,1,5.0,41.70,0.0990,5.0,0.26
342,342,370,73,44,18,2,11.9,31.30,0.0320,6.2,0.24
343,343,644,99,38,8,8,11.1,43.10,0.0770,7.8,0.27
344,344,571,363,19,4,12,25.5,43.50,0.0430,7.4,0.21
345,345,727,497,47,17,28,6.0,4.50,0.0610,7.3,0.17
346,346,460,196,10,15,22,12.1,25.00,0.0790,4.7,0.21
347,347,737,367,11,7,9,12.5,49.70,0.0420,7.2,0.11
348,348,815,468,45,6,19,11.6,35.30,0.0190,8.0,0.20
349,349,963,208,4,1,12,3.8,33.00,0.0810,4.0,0.26
350,350,445,59,17,9,29,25.5,3.60,0.0360,7.8,0.13
351,351,828,428,21,14,11,4.5,24.10,0.0660,7.3,0.20
352,352,975,446,34,8,30,7.0,36.80,0.0540,5.7,0.16
353,353,660,372,26,17,14,17.6,28.00,0.0760,6.1,0.29
354,354,638,202,3,15,25,15.9,24.10,0.0690,7.3,0.12
355,355,424,362,46,NULL,1,16.3,40.10,0.0390,4.2,0.21
356,356,404,103,33,17,6,7.9,3.90,0.0760,7.0,0.26
357,357,597,353,43,6,25,32.0,12.40,0.0690,6.9,0.17
358,358,351,160,2,16,18,9.9,42.70,0.0830,4.9,0.23
359,359,489,271,22,4,24,11.4,13.70,0.0290,6.5,0.24
360,360,638,346,31,13,27,34.7,48.70,0.0610,7.2,0.17
361,361,765,435,32,3,3,0.1,12.30,0.0550,7.2,0.17
362,362,806,402,38,10,25,3.1,24.70,0.0600,6.0,0.26
363,363,754,495,45,20,10,25.4,44.90,0.0930,4.9,0.21
364,364,788,323,45,18,12,19.3,23.90,0.0950,6.7,0.10
365,365,596,477,15,10,18,2.8,24.60,0.0390,7.5,0.11
366,366,808,64,31,8,21,18.2,37.20,0.0280,4.3,0.19
367,367,702,241,2,18,18,16.8,10.30,0.0400,4.8,0.25
368,368,982,172,29,8,30,18.1,36.70,0.0020,4.3,0.29
369,369,501,376,31,10,23,3.6,3.40,0.0920,7.8,0.22
370,370,760,210,23,4,15,21.5,16.70,0.0630,6.5,0.26
371,371,864,107,43,9,10,15.9,44.10,0.0610,4.7,0.14
372,372,925,340,41,12,22,18.4,21.50,0.0660,6.3,0.25
373,373,861,222,47,4,21,15.8,2.00,0.0920,5.3,0.13
374,374,609,143,11,17,5,29.0,22.40,0.0990,7.8,0.23
375,375,380,332,22,9,1,8.8,22.10,0.0020,5.5,0.12
376,376,434,335,36,10,20,14.9,13.10,0.0450,7.2,0.26
377,377,386,178,41,5,9,31.0,42.90,0.0720,5.9,0.20
378,378,501,53,NULL,8,NULL,33.8,44.00,0.0380,5.0,0.17
379,379,620,190,30,1,23,14.7,22.30,0.0900,7.6,0.21
380,380,406,343,44,NULL,14,26.7,4.40,0.0260,5.3,0.13
381,381,497,168,24,NULL,7,26.1,23.80,0.0470,6.6,0.24
382,382,510,132,4,14,14,25.2,20.80,0.0870,6.8,0.24
383,383,889,456,27,2,11,21.3,30.50,0.0760,7.7,0.22
384,384,772,345,35,17,16,25.6,22.70,0.0900,5.7,0.28
385,385,436,51,19,18,28,3.3,6.20,0.0230,4.7,0.30
386,386,807,64,48,7,8,7.6,43.70,0.0240,6.1,0.26
387,387,371,108,12,14,6,15.9,43.00,0.0130,7.0,0.14
388,388,736,52,2,16,25,19.6,37.30,0.0160,4.9,0.20
389,389,864,481,22,8,5,33.4,48.50,0.0380,4.8,0.25
390,390,927,178,7,NULL,21,7.3,17.80,0.0270,4.4,0.30
391,391,571,442,34,NULL,24,30.3,48.30,0.0410,6.3,0.13
392,392,784,286,20,8,30,27.2,0.20,0.0300,6.7,0.16
393,393,863,112,1,4,15,5.4,35.10,0.0040,7.4,0.25
394,394,523,234,9,7,12,16.9,49.80,0.0900,4.3,0.27
395,395,453,262,34,16,25,8.5,30.70,0.0870,5.7,0.29
396,396,649,104,45,12,23,21.5,10.60,0.0540,4.4,0.23
397,397,438,179,13,17,5,26.5,21.20,0.0570,5.5,0.17
398,398,540,351,48,11,29,8.2,37.00,0.0530,4.9,0.17
399,399,731,204,9,14,5,30.7,29.00,0.0730,4.1,0.28
400,400,437,186,40,15,6,0.3,NULL,0.0820,6.2,0.15
401,401,735,101,44,15,2,10.7,40.90,0.0460,7.6,0.19
402,402,893,459,43,NULL,NULL,20.4,42.30,0.0220,5.4,0.16
403,403,625,411,47,17,10,17.0,27.10,0.0990,4.7,0.10
404,404,650,78,37,2,22,2.8,45.10,0.0970,6.1,0.28
405,405,704,465,2,15,13,4.4,15.30,0.0680,6.7,0.17
406,406,879,139,20,18,12,8.2,35.00,0.0110,7.5,0.16
407,407,538,367,18,13,3,19.8,2.70,0.0270,6.1,0.17
408,408,559,416,27,19,7,30.2,16.30,0.0560,5.5,0.17
409,409,741,79,20,15,3,29.4,34.40,0.0670,4.6,0.13
410,410,730,293,46,12,16,7.4,41.30,0.0610,5.2,0.11
411,411,728,157,25,4,3,18.2,36.20,0.0620,4.9,0.24
412,412,915,77,45,2,30,0.5,43.30,0.0930,7.9,0.20
413,413,533,174,12,11,23,6.9,44.00,0.0560,5.1,0.14
414,414,832,499,47,13,2,13.0,30.10,0.0050,4.3,0.11
415,415,416,367,1,8,30,33.7,19.70,0.0310,7.3,0.18
416,416,764,421,7,8,6,2.6,19.90,0.0180,7.0,0.21
417,417,648,499,31,16,17,7.7,14.80,0.0960,6.2,0.25
418,418,952,245,11,7,25,5.5,7.30,0.0580,6.0,0.17
419,419,522,473,12,12,5,6.1,18.70,0.0900,7.8,0.26
420,420,654,207,48,7,22,17.4,0.60,0.0520,5.8,0.27
421,421,469,108,14,16,NULL,9.1,0.90,0.0110,7.9,0.16
422,422,671,446,32,10,7,24.8,16.70,0.0500,4.2,0.15
423,423,420,488,44,6,7,0.4,44.00,0.0820,7.4,0.13
424,424,766,277,33,2,NULL,9.4,31.70,0.0260,6.2,0.26
425,425,534,99,17,2,15,10.9,33.40,0.0180,4.0,0.20
426,426,517,450,6,15,10,22.9,2.20,0.0340,4.9,0.16
427,427,962,354,9,17,23,6.1,37.30,0.0380,7.4,0.23
428,428,564,477,38,18,2,34.8,26.10,0.0410,4.2,0.19
429,429,537,266,23,6,8,12.9,5.10,0.0700,5.5,0.26
430,430,850,259,36,5,24,26.5,41.10,0.0900,6.8,0.22
431,431,468,94,17,16,4,5.2,3.70,0.0030,6.5,0.26
432,432,642,319,33,3,7,2.8,49.10,0.0590,5.0,0.11
433,433,374,341,14,2,23,5.6,14.00,0.0090,5.1,0.13
434,434,538,93,31,5,3,29.6,30.00,0.0570,6.1,0.18
435,435,744,358,31,5,8,21.4,45.50,0.0230,7.3,0.27
436,436,385,197,33,8,5,33.3,45.70,0.0200,6.5,0.25
437,437,845,145,36,11,2,2.5,8.40,0.0970,7.6,0.28
438,438,569,410,21,19,12,33.8,47.40,0.0270,5.5,0.18
439,439,946,139,21,13,3,31.5,6.00,0.0870,6.9,0.27
440,440,564,92,33,6,3,27.2,33.90,0.0900,7.2,0.17
441,441,797,490,11,19,24,20.9,23.20,0.0640,5.6,0.27
442,442,765,497,45,9,10,25.0,2.70,0.0210,7.2,0.17
443,443,900,190,22,3,5,11.0,23.50,0.0670,6.3,0.15
444,444,659,68,NULL,10,NULL,27.8,1.90,0.0690,4.5,0.19
445,445,433,410,37,1,28,20.1,31.90,0.0440,7.0,0.14
446,446,808,359,7,14,23,4.6,31.60,0.0180,6.7,0.21
447,447,379,323,17,20,30,30.7,25.10,0.0790,7.8,0.25
448,448,884,448,29,10,24,6.5,12.90,0.0110,6.4,0.14
449,449,667,176,4,18,20,3.2,11.70,0.0880,5.1,0.24
450,450,350,80,49,19,10,18.8,1.70,0.0320,7.4,0.13
451,451,814,60,18,13,14,1.4,12.00,0.0040,4.6,0.19
452,452,848,232,43,6,20,11.8,6.30,0.0150,6.1,0.17
453,453,600,220,8,20,3,33.2,40.20,0.0200,5.4,0.28
454,454,908,109,25,NULL,6,30.1,40.10,0.0950,5.7,0.20
455,455,773,391,4,18,18,3.0,18.00,0.0580,6.8,0.16
456,456,580,343,46,NULL,4,10.3,46.20,0.0980,4.9,0.11
457,457,923,441,7,12,1,2.7,46.50,0.0370,6.7,0.21
458,458,556,101,13,11,16,29.9,19.90,0.0020,7.4,0.24
459,459,440,183,1,13,22,21.4,38.50,0.0380,6.3,0.17
460,460,449,348,43,NULL,20,28.3,44.20,0.0520,5.6,0.14
461,461,496,139,33,3,11,14.5,20.60,0.0530,5.7,0.18
462,462,495,431,20,NULL,22,24.8,35.30,0.0340,5.7,0.28
463,463,495,446,13,1,6,3.5,16.90,0.0400,7.8,0.19
464,464,667,475,37,14,27,10.5,13.40,0.0100,7.9,0.20
465,465,771,190,14,6,18,6.1,17.90,0.0190,4.6,0.16
466,466,376,151,45,6,5,15.4,3.90,0.0260,6.3,0.12
467,467,835,363,13,7,8,25.9,44.50,0.0410,8.0,0.22
468,468,403,401,32,2,26,31.8,25.20,0.0210,5.7,0.17
469,469,353,122,44,9,21,20.0,12.50,0.0140,6.8,0.16
470,470,990,159,10,16,14,9.6,10.40,0.0300,4.2,0.21
471,471,729,75,34,5,20,19.3,27.80,0.0570,4.4,0.14
472,472,363,403,42,10,11,18.0,39.10,0.0900,7.2,0.30
473,473,406,254,6,17,12,6.2,38.80,0.0120,4.6,0.25
474,474,852,411,45,19,6,5.0,43.20,0.0700,5.8,0.20
475,475,356,89,48,3,2,33.6,7.30,0.0920,5.9,0.16
476,476,999,51,3,7,11,0.8,49.70,0.0870,4.5,0.14
477,477,555,126,27,18,21,30.7,22.50,0.0630,7.5,0.21
478,478,758,169,34,8,2,18.9,33.70,0.0290,6.5,0.28
479,479,692,133,9,12,19,20.0,42.30,0.0820,4.2,0.15
480,480,681,257,49,12,24,30.4,48.30,0.0310,6.6,0.14
481,481,506,247,50,8,7,23.8,41.50,0.0220,4.3,0.11
482,482,614,117,3,2,10,20.3,2.20,0.0720,8.0,0.25
483,483,507,282,29,13,21,26.8,14.70,0.0660,5.5,0.23
484,484,532,286,NULL,16,4,22.3,39.00,0.0870,4.9,0.13
485,485,995,486,1,15,14,1.2,44.50,0.0070,6.0,0.21
486,486,721,311,36,13,25,30.5,15.20,0.0510,7.0,0.10
487,487,681,72,21,NULL,29,32.9,43.00,0.0890,4.9,0.21
488,488,471,159,2,20,27,26.9,37.40,0.0820,8.0,0.14
489,489,419,130,47,11,24,1.3,17.30,0.0840,4.9,0.22
490,490,598,234,1,19,24,19.5,49.30,0.0930,4.5,0.17
491,491,769,121,5,7,11,7.3,32.60,0.0920,7.7,0.25
492,492,862,171,25,3,10,7.1,1.00,0.0120,7.1,0.19
493,493,551,296,24,6,2,31.2,9.00,0.0940,4.1,0.29
494,494,847,233,41,6,29,10.0,33.00,0.0790,5.4,0.25
495,495,644,431,6,8,28,30.7,1.30,0.0370,7.9,0.26
496,496,682,164,27,3,1,17.1,40.70,0.0940,5.9,0.18
497,497,396,303,5,13,4,33.8,38.10,0.0660,4.1,0.28
498,498,466,218,1,7,NULL,5.8,26.40,0.0170,5.3,0.21
499,499,424,447,4,9,3,3.7,31.50,0.0310,4.2,0.21
500,500,982,281,45,16,7,12.2,11.40,0.0200,7.8,0.23
501,501,531,456,18,3,16,16.9,13.40,0.0850,4.5,0.29
502,502,891,126,33,6,9,1.1,11.80,0.0340,4.5,0.23
503,503,595,396,30,NULL,21,22.7,12.60,0.0200,4.6,0.26
504,504,622,392,45,1,5,6.2,4.20,0.0990,5.8,0.29
505,505,544,139,25,9,9,28.9,44.80,0.0380,5.5,0.23
506,506,872,98,9,NULL,5,31.6,30.10,0.0260,6.3,0.24
507,507,579,358,33,6,3,0.6,7.40,0.0840,5.4,0.28
508,508,453,98,6,20,25,20.4,28.00,0.0680,4.7,0.21
509,509,939,154,2,20,6,13.6,26.70,0.0380,4.2,0.16
510,510,804,326,14,16,1,29.1,6.40,0.0920,4.5,0.17
511,511,350,223,15,9,20,27.8,19.50,0.0700,6.4,0.25
512,512,451,487,6,10,18,16.9,24.10,0.0300,4.5,0.15
513,513,962,136,25,2,19,28.4,7.50,0.0250,6.7,0.13
514,514,930,375,28,7,12,7.9,23.50,0.0730,6.8,0.11
515,515,784,108,37,9,21,0.3,32.30,0.0330,7.0,0.25
516,516,623,184,43,17,6,15.6,26.60,0.0280,7.4,0.27
517,517,413,148,28,19,19,11.6,44.50,0.0900,7.9,0.27
518,518,697,246,17,18,15,18.8,47.00,0.0370,5.3,0.12
519,519,488,154,50,10,11,30.4,7.10,0.0840,6.1,0.14
520,520,670,484,27,1,22,31.6,25.70,0.0320,5.4,0.21
521,521,470,143,45,19,16,16.2,1.70,0.0370,5.7,0.23
522,522,400,91,22,1,10,18.6,31.50,0.0540,7.5,0.23
523,523,450,54,11,7,21,17.4,16.00,0.0130,6.4,0.17
524,524,501,241,26,1,NULL,3.4,18.40,0.0500,6.4,0.28
525,525,784,413,34,6,8,14.2,38.80,0.0190,5.8,0.25
526,526,722,316,31,14,16,7.8,6.60,0.0500,4.6,0.19
527,527,535,300,22,16,21,29.3,43.60,0.0780,6.0,0.24
528,528,919,114,44,16,2,33.0,5.40,0.0670,5.1,0.19
529,529,762,390,45,6,17,11.2,30.60,0.0010,7.1,0.27
530,530,986,160,37,6,2,23.4,22.40,0.0230,5.2,0.24
531,531,376,404,48,16,2,6.4,30.50,0.0110,7.5,0.16
532,532,804,101,39,20,7,7.3,1.90,0.0040,7.3,0.21
533,533,524,230,4,NULL,16,31.1,13.20,0.0220,5.4,0.27
534,534,398,205,37,15,7,9.7,6.80,0.0180,4.9,0.24
535,535,993,401,10,15,9,4.8,27.10,0.0560,7.6,0.28
536,536,379,353,8,6,12,25.3,37.10,0.0590,7.9,0.18
537,537,774,279,29,15,29,2.6,38.70,0.0900,5.6,0.24
538,538,715,453,33,NULL,26,26.6,34.70,0.0590,4.3,0.17
539,539,741,237,45,2,14,18.0,29.60,0.0490,5.8,0.25
540,540,651,100,43,15,5,20.9,1.50,0.0910,4.4,0.24
541,541,619,489,3,NULL,3,21.3,37.90,0.0880,6.4,0.13
542,542,990,432,11,16,24,13.3,18.10,0.0130,6.0,0.14
543,543,642,228,11,4,3,21.1,13.20,0.0530,8.0,0.24
544,544,917,239,16,19,25,8.6,2.70,0.0360,6.7,0.29
545,545,937,443,NULL,19,18,23.3,17.20,0.0550,4.8,0.10
546,546,518,442,4,13,20,24.6,14.10,0.0790,4.6,0.27
547,547,365,110,34,10,15,13.8,32.20,0.0300,6.3,0.17
548,548,727,162,42,9,25,15.5,40.50,0.0010,5.6,0.26
549,549,718,286,33,19,21,33.2,32.90,0.0180,4.7,0.19
550,550,968,318,5,18,13,13.8,20.00,0.0530,5.8,0.20
551,551,684,385,49,10,11,29.3,42.00,0.0450,4.7,0.27
552,552,912,332,12,19,18,24.2,17.00,0.0490,6.9,0.23
553,553,546,92,38,NULL,23,16.9,40.10,0.0490,5.0,0.25
554,554,457,467,43,8,29,28.6,25.50,0.0540,5.3,0.18
555,555,773,266,3,12,21,14.1,9.00,0.0510,7.3,0.21
556,556,414,372,39,9,18,32.4,12.30,0.0850,6.4,0.11
557,557,452,308,10,1,3,34.1,3.80,0.0250,6.5,0.27
558,558,506,304,32,14,10,4.5,35.20,0.0300,4.1,0.20
559,559,656,497,4,7,28,18.7,49.00,0.0960,5.7,0.23
560,560,422,387,11,7,25,31.9,13.70,0.0990,4.0,0.22
561,561,770,475,23,3,10,29.0,34.40,0.0290,4.8,0.29
562,562,952,411,35,8,29,13.0,47.60,0.0960,5.8,0.11
563,563,622,252,40,6,4,16.0,10.70,0.0720,6.3,0.20
564,564,390,87,43,1,29,17.1,12.40,0.0180,6.8,0.11
565,565,920,277,11,NULL,23,1.6,48.30,0.0450,7.4,0.24
566,566,713,317,17,6,12,29.6,48.20,0.0030,5.8,0.23
567,567,486,170,14,NULL,9,25.3,44.20,0.0830,7.1,0.29
568,568,644,56,21,NULL,28,1.4,31.60,0.0020,6.4,0.18
569,569,753,195,44,9,23,13.8,5.10,0.0720,4.6,0.11
570,570,702,406,49,15,16,4.3,29.50,0.0100,7.0,0.24
571,571,621,494,2,11,24,6.2,20.70,0.0350,5.3,0.28
572,572,802,386,6,20,15,34.5,43.10,0.0740,6.9,0.17
573,573,656,349,27,6,18,8.9,44.10,0.0140,4.4,0.26
574,574,938,74,43,16,11,27.5,15.60,0.0570,6.9,0.20
575,575,567,84,35,7,8,20.4,44.80,0.0620,6.2,0.15
576,576,740,281,NULL,2,13,22.7,9.80,0.0470,5.6,0.20
577,577,701,239,25,14,NULL,7.1,38.40,0.0170,7.7,0.13
578,578,649,310,NULL,20,5,15.3,26.00,0.0400,6.5,0.24
579,579,392,450,41,8,20,27.6,44.40,0.0100,7.5,0.26
580,580,924,320,5,5,1,7.7,10.30,0.0240,7.5,0.25
581,581,994,212,35,7,8,6.8,11.30,0.0870,4.7,0.25
582,582,869,63,7,18,27,19.3,10.90,0.0150,7.6,0.20
583,583,586,125,50,14,26,13.9,9.70,0.0240,6.4,0.30
584,584,841,200,2,20,23,10.5,1.60,0.0460,4.3,0.15
585,585,923,77,19,NULL,3,30.6,8.70,0.0340,7.6,0.29
586,586,815,118,50,19,21,4.7,34.10,0.0620,7.5,0.19
587,587,769,122,25,10,4,19.0,13.80,0.0420,7.9,0.14
588,588,408,152,23,18,14,11.3,19.10,0.0250,7.8,0.18
589,589,589,62,7,12,29,4.5,31.60,0.0180,4.6,0.13
590,590,376,487,34,14,12,24.3,13.90,0.0140,6.4,0.29
591,591,803,273,40,2,11,2.5,18.40,0.0610,5.8,0.29
592,592,811,429,41,14,13,13.8,36.40,0.0230,7.2,0.21
593,593,951,226,12,13,14,9.6,40.70,0.0650,6.0,0.13
594,594,392,146,13,8,4,21.4,8.10,0.0380,6.2,0.24
595,595,585,282,49,12,23,18.3,11.90,0.0640,4.0,0.13
596,596,884,105,27,9,20,17.0,7.00,0.0720,6.3,0.20
597,597,631,399,23,12,13,14.1,31.50,0.0070,7.7,0.13
598,598,963,151,35,9,21,15.4,28.50,0.0830,7.1,0.15
599,599,624,202,24,4,17,30.5,27.20,0.0780,4.7,0.14
600,600,453,306,42,20,29,16.5,21.50,0.0530,7.8,0.14
601,601,884,72,17,12,20,25.0,42.80,0.0370,4.3,0.24
602,602,749,169,33,1,29,0.5,18.10,0.0130,7.7,0.11
603,603,922,454,41,17,3,5.2,36.00,0.0250,7.6,0.21
604,604,633,284,34,13,22,24.2,33.00,0.0920,4.0,0.30
605,605,417,480,20,16,18,1.4,34.40,0.0710,5.5,0.21
606,606,592,488,26,4,14,34.8,25.00,0.0180,6.0,0.19
607,607,468,193,20,1,26,11.0,20.30,0.0390,6.7,0.25
608,608,441,299,14,19,29,7.5,19.00,0.0520,7.8,0.22
609,609,562,428,32,8,13,32.4,29.00,0.0380,7.0,0.24
610,610,462,315,17,7,7,30.8,47.20,0.0430,5.5,0.25
611,611,494,258,39,4,30,2.0,4.60,0.0440,6.1,0.13
612,612,769,334,1,20,19,33.8,44.00,0.0890,6.5,0.25
613,613,459,190,21,NULL,3,30.4,6.50,0.0990,5.0,0.30
614,614,662,253,10,15,26,19.7,0.90,0.0620,5.5,0.19
615,615,874,74,2,15,12,13.2,6.20,0.0620,4.4,0.25
616,616,884,184,16,1,3,17.0,36.30,0.0040,4.4,0.12
617,617,390,247,7,16,18,12.1,20.30,0.0240,5.6,0.15
618,618,757,487,21,11,15,14.4,20.20,0.0870,6.9,0.13
619,619,584,273,50,12,9,27.8,43.70,0.0370,7.1,0.23
620,620,924,103,15,3,30,3.8,13.10,0.0110,7.9,0.28
621,621,763,367,16,1,4,32.0,18.30,0.0240,7.5,0.13
622,622,813,495,14,15,13,13.9,20.20,0.0540,7.4,0.16
623,623,870,387,42,4,20,5.0,38.30,0.0810,5.2,0.23
624,624,796,81,1,3,5,22.6,43.20,0.0670,6.5,0.11
625,625,703,150,42,17,1,15.0,27.60,0.0510,5.1,0.28
626,626,426,474,29,10,6,9.7,34.00,0.0910,5.6,0.16
627,627,379,363,28,17,14,7.4,24.90,0.1000,4.9,0.29
628,628,798,251,43,1,7,32.5,37.50,0.0910,5.9,0.23
629,629,762,392,48,9,19,31.0,30.20,0.0330,7.2,0.21
630,630,793,172,32,9,20,20.1,19.90,0.0580,5.0,0.15
631,631,860,406,12,16,19,32.4,9.80,0.0960,5.6,0.21
632,632,680,230,16,13,2,23.8,36.60,0.0690,4.7,0.28
633,633,986,122,24,15,25,1.7,9.60,0.0850,6.4,0.23
634,634,433,309,31,4,12,22.6,21.20,0.0010,5.5,0.23
635,635,813,396,18,18,6,34.7,3.90,0.0180,5.3,0.26
636,636,391,332,17,14,8,9.0,33.60,0.0450,4.6,0.27
637,637,422,358,34,19,30,18.1,8.70,0.0190,4.2,0.16
638,638,765,479,39,13,9,20.2,18.70,0.0930,6.1,0.13
639,639,971,400,40,5,25,14.1,27.70,0.0640,5.9,0.13
640,640,358,243,11,NULL,4,1.5,41.40,0.0290,5.9,0.27
641,641,366,88,22,11,3,28.7,37.90,0.0820,5.4,0.12
642,642,928,215,20,6,7,2.0,20.40,0.0130,5.2,0.25
643,643,502,326,1,20,18,6.7,4.00,0.0780,7.9,0.22
644,644,929,205,39,18,5,9.3,24.10,0.0580,4.5,0.23
645,645,384,148,11,19,28,23.9,33.70,0.0200,7.4,0.23
646,646,724,160,12,NULL,14,33.5,42.30,0.0910,6.4,0.25
647,647,396,57,47,11,4,34.9,3.60,0.0780,6.8,0.29
648,648,945,92,32,13,27,8.6,26.90,0.0390,5.0,0.26
649,649,706,68,35,5,7,1.6,37.10,0.0320,6.2,0.12
650,650,800,429,6,11,19,10.8,19.70,0.0680,7.6,0.12
651,651,804,156,9,7,20,17.1,25.00,0.0710,7.6,0.22
652,652,709,399,33,11,10,9.5,2.30,0.0270,6.5,0.17
653,653,916,424,49,10,30,12.4,3.30,0.0030,7.5,0.28
654,654,501,444,33,10,26,11.7,21.80,0.0250,7.4,0.11
655,655,885,333,48,2,23,18.4,17.10,0.0780,7.3,0.10
656,656,872,344,49,10,12,2.6,21.20,0.0130,6.8,0.22
657,657,933,414,17,3,22,8.4,38.80,0.0840,5.5,0.27
658,658,887,76,39,18,25,24.7,39.80,0.0050,5.6,0.13
659,659,948,96,37,20,28,5.6,39.90,0.0190,4.4,0.29
660,660,373,192,12,2,10,16.7,9.00,0.0330,5.6,0.14
661,661,752,480,31,11,NULL,1.1,41.00,0.0540,4.1,0.19
662,662,643,270,NULL,13,16,26.1,42.30,0.0040,7.8,0.10
663,663,532,278,26,12,11,23.2,42.10,0.0440,6.2,0.18
664,664,818,251,22,17,23,24.4,30.70,0.0900,7.8,0.11
665,665,410,242,8,4,7,20.6,32.70,0.0710,5.3,0.30
666,666,704,142,20,14,13,22.9,33.70,0.0830,6.1,0.17
667,667,766,270,41,1,24,2.8,44.50,0.0710,4.9,0.13
668,668,421,341,39,10,7,23.2,4.20,0.0250,7.2,0.20
669,669,779,429,5,11,26,22.8,8.10,0.0530,7.5,0.19
670,670,897,363,42,19,10,8.9,45.90,0.0500,4.2,0.17
671,671,829,142,17,8,1,8.6,10.50,0.0090,7.1,0.13
672,672,383,292,20,7,24,13.2,14.40,0.0260,7.4,0.11
673,673,965,349,21,16,27,2.5,13.80,0.0580,4.1,0.28
674,674,799,463,8,9,26,11.2,19.80,0.0160,4.5,0.29
675,675,530,193,29,NULL,2,24.6,39.60,0.0890,5.2,0.14
676,676,566,246,23,NULL,12,5.1,24.60,0.0040,6.7,0.14
677,677,601,69,44,8,23,19.7,16.50,0.0240,4.2,0.25
678,678,664,239,12,6,22,11.6,48.30,0.0840,7.5,0.22
679,679,555,192,33,8,17,3.4,27.00,0.0790,4.3,0.21
680,680,485,441,24,4,14,27.0,32.60,0.0390,4.2,0.23
681,681,633,364,46,10,16,7.2,18.30,0.0220,5.9,0.13
682,682,507,187,12,2,26,7.3,6.60,0.0630,6.0,0.15
683,683,418,214,24,14,7,22.1,36.10,0.0920,4.7,0.13
684,684,564,331,6,6,21,2.3,30.30,0.0560,7.0,0.23
685,685,855,404,35,NULL,18,26.2,34.40,0.0890,7.4,0.27
686,686,457,408,12,1,23,27.9,2.30,0.0340,4.1,0.17
687,687,790,405,2,17,30,34.3,18.40,0.0220,5.1,0.14
688,688,982,292,14,19,4,27.8,6.60,0.0060,6.4,0.19
689,689,802,367,9,20,8,5.8,45.40,0.0500,4.9,0.20
690,690,427,312,2,12,30,17.9,41.90,NULL,4.2,0.18
691,691,456,91,1,12,5,1.6,42.50,0.0220,4.5,0.12
692,692,595,392,49,7,30,29.8,45.40,0.0610,6.5,0.29
693,693,556,402,35,17,15,20.6,49.40,0.0860,7.6,0.27
694,694,624,66,45,7,21,13.0,37.80,0.0140,5.4,0.12
695,695,464,190,45,2,11,25.5,20.60,0.0700,7.7,0.27
696,696,868,101,19,8,20,18.5,36.20,0.0620,4.3,0.14
697,697,538,55,14,15,5,19.3,14.70,0.0530,7.3,0.19
698,698,882,357,43,3,30,21.0,19.30,0.0980,4.4,0.14
699,699,772,58,31,19,11,22.4,43.00,0.0340,7.9,0.11
700,700,861,471,13,11,12,12.4,24.70,0.0640,7.3,0.12
701,701,620,333,4,8,8,1.8,46.20,0.0690,6.7,0.22
702,702,860,330,8,5,NULL,8.8,23.90,0.0830,5.7,0.21
703,703,823,359,40,8,15,18.6,9.80,0.0820,6.8,0.26
704,704,396,469,18,15,23,35.0,27.80,0.0460,6.9,0.16
705,705,499,105,39,10,2,2.9,20.90,0.0560,6.2,0.29
706,706,803,332,19,6,5,2.9,32.90,0.0430,6.0,0.27
707,707,760,268,50,19,23,16.7,38.80,0.0130,6.1,0.21
708,708,530,82,17,19,23,11.6,3.80,0.0650,6.0,0.30
709,709,651,192,35,2,16,6.5,45.60,0.0050,7.4,0.21
710,710,371,111,8,12,24,0.1,5.80,0.0080,4.7,0.22
711,711,357,66,10,14,5,22.4,18.00,0.0580,4.6,0.28
712,712,457,494,44,4,14,2.4,35.10,0.0260,4.5,0.27
713,713,936,122,33,13,27,1.7,6.60,0.0830,5.0,0.12
714,714,487,197,13,20,5,2.4,42.30,0.0350,5.0,0.26
715,715,923,478,29,NULL,17,32.8,28.00,0.0860,4.8,0.15
716,716,796,159,45,10,8,0.7,12.30,0.0100,7.2,0.17
717,717,552,367,8,4,5,9.6,11.70,0.0910,7.4,0.18
718,718,823,232,34,4,18,26.3,49.30,0.0980,8.0,0.18
719,719,999,208,48,2,8,34.6,38.30,0.0910,5.3,0.13
720,720,970,99,49,8,26,28.3,47.70,0.0490,5.8,0.27
721,721,939,393,24,1,21,34.3,25.20,0.0850,7.6,0.26
722,722,499,366,16,18,18,33.0,16.20,0.0810,6.5,0.13
723,723,587,183,46,13,24,10.9,39.20,0.0130,6.8,0.11
724,724,924,343,44,5,9,9.6,24.00,0.0550,6.8,0.12
725,725,941,334,3,8,12,4.4,49.60,0.0780,4.6,0.18
726,726,920,162,9,4,3,21.7,16.20,0.0800,6.0,0.22
727,727,405,320,35,1,9,23.0,47.70,0.0040,6.4,0.10
728,728,939,95,44,20,25,25.8,43.30,0.0940,5.6,0.25
729,729,610,264,15,7,7,20.7,19.70,0.0950,4.8,0.15
730,730,533,169,33,6,2,11.2,20.80,0.0500,4.5,0.18
731,731,587,412,28,16,6,5.5,41.80,0.0670,4.2,0.24
732,732,690,369,41,4,29,14.7,29.40,0.0550,5.1,0.15
733,733,907,215,4,18,22,30.4,26.60,0.0090,5.3,0.18
734,734,600,314,16,4,21,31.4,15.10,0.0700,4.3,0.15
735,735,727,79,3,9,12,22.4,3.60,0.1000,5.8,0.22
736,736,900,300,11,8,13,14.4,32.70,0.0740,7.0,0.15
737,737,618,133,21,3,8,0.7,49.00,0.0600,6.5,0.14
738,738,842,269,32,6,11,19.8,46.80,0.0430,5.7,0.28
739,739,962,387,25,4,16,34.0,46.00,0.0270,4.1,0.13
740,740,909,291,14,19,2,33.7,18.80,0.0470,4.2,0.14
741,741,381,209,31,9,10,27.8,5.20,0.0280,5.0,0.18
742,742,489,188,19,13,23,0.3,32.10,0.0800,6.4,0.22
743,743,675,385,40,18,29,18.7,9.40,0.0120,7.2,0.14
744,744,430,298,8,4,22,19.1,16.50,0.0990,4.5,0.30
745,745,572,70,14,19,16,2.0,14.50,0.0200,7.8,0.26
746,746,906,249,39,10,19,22.5,47.60,0.0700,4.2,0.12
747,747,778,462,38,20,17,34.7,37.90,0.0610,5.2,0.23
748,748,646,362,17,10,7,32.0,25.40,0.0370,6.8,0.30
749,749,775,477,47,16,29,13.6,42.90,0.0260,5.2,0.14
750,750,928,364,34,2,24,26.6,31.10,0.0010,7.0,0.12
751,751,934,471,24,6,5,4.5,12.60,0.0610,5.7,0.20
752,752,897,85,42,19,27,24.1,26.00,0.0170,7.8,0.22
753,753,497,207,14,1,3,16.9,35.60,0.0130,7.9,0.29
754,754,527,118,1,5,21,1.9,31.70,0.0090,4.1,0.20
755,755,735,312,19,2,12,3.5,14.50,0.0810,6.6,0.24
756,756,958,156,44,16,25,6.5,4.80,0.0560,7.9,0.17
757,757,422,271,25,14,12,30.0,13.40,0.0120,8.0,0.20
758,758,483,337,27,12,30,7.4,31.80,0.0190,7.1,0.28
759,759,658,247,21,6,21,0.5,47.50,0.0180,4.3,0.21
760,760,891,208,5,1,15,9.3,17.40,0.0500,7.1,0.20
761,761,871,486,37,7,21,13.8,25.10,0.0120,7.4,0.28
762,762,587,149,39,14,23,7.6,44.70,0.0250,7.5,0.17
763,763,405,79,16,19,29,27.2,41.60,0.0480,5.8,0.27
764,764,828,71,35,20,19,22.9,46.60,0.0600,4.7,0.27
765,765,877,112,12,5,11,29.8,7.10,0.0920,5.3,0.13
766,766,643,108,11,6,20,19.4,49.20,0.0750,7.9,0.18
767,767,679,316,37,1,15,29.8,8.40,0.0280,6.7,0.30
768,768,822,473,26,1,27,16.5,24.20,0.0190,7.9,0.16
769,769,474,435,37,13,14,11.7,16.70,0.0730,7.1,0.21
770,770,614,309,23,19,7,29.2,20.90,0.0470,4.9,0.20
771,771,940,497,22,7,18,22.3,3.20,0.0520,7.1,0.26
772,772,658,278,26,7,6,6.9,13.10,0.0710,6.4,0.29
773,773,896,421,50,6,10,19.6,40.30,0.0090,4.5,0.16
774,774,383,298,41,6,7,5.9,39.00,0.0140,4.8,0.24
775,775,753,363,10,7,17,32.7,44.20,0.0170,7.5,0.14
776,776,582,443,40,2,22,33.8,21.10,0.0930,4.6,0.20
777,777,776,130,10,12,24,23.6,47.50,0.0330,6.9,0.19
778,778,495,104,42,14,4,12.7,32.60,0.0150,5.5,0.28
779,779,774,314,1,10,30,18.3,36.20,0.0100,6.7,0.23
780,780,361,235,7,14,2,33.4,4.70,0.0780,7.5,0.24
781,781,721,452,39,1,12,31.9,49.00,0.0900,6.9,0.22
782,782,826,404,29,10,1,2.5,49.60,0.0640,5.4,0.23
783,783,563,367,2,8,15,30.7,1.00,0.0540,7.4,0.18
784,784,713,352,46,11,30,9.8,9.90,0.0580,7.8,0.25
785,785,818,318,45,10,25,28.6,26.60,0.0570,7.7,0.25
786,786,378,244,3,9,25,30.7,21.10,0.0350,7.0,0.19
787,787,519,348,24,18,26,18.9,10.30,0.0340,6.4,0.26
788,788,696,346,48,5,1,15.3,45.50,0.0080,7.7,0.30
789,789,622,359,32,15,14,24.4,19.90,0.0730,7.9,0.13
790,790,589,235,46,7,10,0.4,2.90,0.0050,4.3,0.14
791,791,468,220,1,2,10,29.4,10.60,0.0090,7.6,0.13
792,792,516,145,27,19,16,32.6,6.30,0.0340,4.1,0.24
793,793,599,73,50,14,7,30.0,14.30,0.0920,6.8,0.24
794,794,629,306,47,2,28,12.2,3.90,0.0210,5.3,0.16
795,795,792,77,49,20,26,25.7,23.30,0.0870,6.0,0.19
796,796,838,128,50,11,26,6.9,35.10,0.0680,5.5,0.24
797,797,543,54,40,4,8,0.8,23.70,0.0500,4.5,0.25
798,798,847,461,39,NULL,11,25.0,23.40,0.0930,7.7,0.18
799,799,712,341,14,17,24,26.6,44.00,0.0240,4.3,0.23
800,800,746,63,23,NULL,11,2.1,13.00,0.0090,5.0,0.13
801,801,786,499,25,17,24,34.2,2.90,0.0930,4.3,0.26
802,802,567,401,31,14,1,33.1,46.50,0.0740,7.3,0.23
803,803,704,122,35,8,23,17.9,21.00,0.0230,6.1,0.28
804,804,846,166,NULL,4,1,32.8,24.10,0.0490,5.4,0.18
805,805,773,368,49,15,17,31.5,30.00,0.0730,7.3,0.19
806,806,390,307,47,6,18,9.2,43.70,0.0090,5.3,0.24
807,807,515,276,35,10,18,32.5,4.60,0.0920,7.9,0.26
808,808,532,374,NULL,12,5,26.1,45.60,0.0100,4.3,0.16
809,809,976,56,1,2,NULL,10.9,49.60,0.0280,5.4,0.27
810,810,582,288,6,11,9,26.2,15.70,0.0390,6.4,0.10
811,811,942,455,26,7,25,29.3,40.60,0.0370,4.7,0.30
812,812,697,427,NULL,6,25,31.6,39.10,0.0040,6.1,0.18
813,813,650,379,31,11,2,0.5,30.60,0.0300,6.7,0.10
814,814,683,297,14,14,15,30.2,6.00,0.0990,4.4,0.23
815,815,376,50,23,6,19,31.8,29.40,0.0910,5.7,0.22
816,816,841,149,47,15,9,9.1,38.40,0.0020,6.3,0.24
817,817,966,339,45,20,29,11.2,4.60,0.0410,5.8,0.30
818,818,784,73,15,16,7,2.6,41.90,0.0380,6.2,0.17
819,819,886,469,7,15,19,24.4,23.60,0.0690,7.0,0.30
820,820,394,310,25,8,26,11.6,24.50,0.0260,6.7,0.12
821,821,802,138,44,4,14,30.3,37.00,0.0320,4.4,0.19
822,822,528,146,30,5,27,24.6,41.30,0.0360,7.6,0.14
823,823,760,299,NULL,8,21,25.2,4.00,0.0530,6.9,0.27
824,824,956,338,4,11,27,21.0,45.40,0.0420,6.2,0.25
825,825,490,387,46,20,15,8.8,11.90,0.0770,4.9,0.19
826,826,684,199,29,7,12,7.2,3.50,0.0190,4.5,0.21
827,827,849,280,17,13,10,7.2,39.90,0.0100,7.4,0.20
828,828,358,377,37,18,10,30.2,43.70,0.0390,7.3,0.20
829,829,632,467,49,14,28,22.3,1.40,0.0890,4.6,0.17
830,830,892,56,49,20,19,7.6,38.50,0.0110,4.1,0.17
831,831,758,245,35,19,15,31.9,37.80,0.0860,7.3,0.29
832,832,411,142,38,15,10,28.8,46.00,0.0150,4.7,0.24
833,833,799,275,44,5,29,32.0,15.40,0.0180,6.1,0.12
834,834,416,475,22,18,26,25.3,44.20,NULL,7.4,0.13
835,835,872,94,25,14,11,24.1,19.00,0.0990,7.9,0.27
836,836,369,125,29,19,4,7.8,15.00,0.0730,5.5,0.26
837,837,510,365,45,10,5,6.3,2.70,0.0990,4.7,0.21
838,838,888,354,24,11,1,24.0,4.20,0.0400,5.0,0.11
839,839,813,380,49,14,7,13.9,49.20,0.0860,5.1,0.22
840,840,608,264,27,20,16,21.6,4.00,0.0380,7.1,0.22
841,841,535,271,8,3,24,28.7,15.10,0.0890,7.7,0.25
842,842,984,83,26,2,25,31.2,32.80,0.0730,7.0,0.11
843,843,937,173,13,18,26,32.9,39.50,0.0760,6.2,0.14
844,844,455,125,42,6,22,22.2,7.00,0.0530,6.9,0.13
845,845,629,294,20,5,10,33.6,1.50,0.0530,5.5,0.13
846,846,648,429,38,16,18,16.3,33.90,0.0370,5.9,0.18
847,847,855,384,10,5,13,27.0,20.50,0.0270,4.7,0.23
848,848,711,455,2,19,30,21.6,1.50,0.0860,7.2,0.19
849,849,631,321,25,19,24,9.8,11.80,0.0680,6.9,0.11
850,850,913,140,30,10,17,21.5,4.80,0.0250,7.3,0.10
851,851,378,169,40,6,24,3.2,14.60,0.0420,4.0,0.21
852,852,674,314,49,19,NULL,13.9,6.40,0.0570,4.9,0.18
853,853,682,100,2,2,NULL,33.7,26.50,0.0550,5.5,0.27
854,854,802,490,47,9,17,28.8,47.90,0.0980,7.2,0.29
855,855,979,250,47,11,20,33.5,21.60,0.0680,5.0,0.12
856,856,626,417,9,6,11,12.5,39.10,0.0900,4.4,0.19
857,857,915,435,45,NULL,22,5.3,38.30,0.0850,4.0,0.26
858,858,711,190,48,19,10,10.5,16.10,0.0520,4.9,0.25
859,859,619,250,37,7,7,0.4,7.00,0.0280,4.8,0.17
860,860,817,128,42,1,27,26.3,42.90,0.0170,7.1,0.11
861,861,726,329,39,4,11,1.0,33.80,0.0300,7.1,0.20
862,862,715,357,39,12,3,22.8,19.30,0.0070,6.0,0.16
863,863,477,139,50,2,11,22.5,5.50,0.0350,7.7,0.22
864,864,863,479,2,19,30,18.7,41.10,0.0840,5.5,0.22
865,865,381,425,26,1,8,16.4,12.90,0.0030,6.4,0.20
866,866,371,245,40,8,26,6.7,29.80,0.0950,7.8,0.14
867,867,633,453,20,9,6,11.2,47.30,0.0100,6.9,0.24
868,868,471,164,47,18,4,27.8,33.70,0.0850,5.0,0.28
869,869,666,310,12,19,NULL,12.7,38.70,0.0980,6.6,0.13
870,870,667,133,16,20,17,11.7,24.50,0.0510,6.8,0.13
871,871,985,469,14,7,18,25.1,25.80,0.0490,7.7,0.26
872,872,419,418,41,14,2,35.0,33.50,0.0400,7.8,0.18
873,873,820,290,17,12,4,26.0,20.20,0.0080,5.9,0.22
874,874,967,131,17,7,27,24.3,18.20,0.0600,7.0,0.23
875,875,764,220,22,4,5,28.3,21.60,0.0920,5.2,0.29
876,876,516,92,21,2,16,17.2,27.00,0.0600,5.7,0.25
877,877,710,179,4,8,4,32.5,34.10,0.1000,7.9,0.23
878,878,567,383,15,1,1,2.6,19.90,0.0160,6.9,0.23
879,879,361,404,7,NULL,28,29.1,26.00,0.0310,7.4,0.23
880,880,938,369,32,20,23,25.1,24.10,0.0620,5.6,0.20
881,881,475,288,3,20,14,2.1,45.90,0.0400,5.2,0.29
882,882,439,68,41,3,6,5.4,31.90,0.0340,4.6,0.12
883,883,452,289,43,11,1,12.4,14.80,0.0460,4.1,0.18
884,884,472,447,36,18,23,13.2,16.10,0.0970,7.1,0.25
885,885,566,167,31,2,6,3.6,27.50,0.0100,6.2,0.13
886,886,675,207,29,12,12,8.1,4.70,0.0230,4.3,0.24
887,887,465,223,30,7,11,22.3,5.10,0.0100,4.3,0.13
888,888,894,332,46,NULL,25,4.0,24.40,0.0950,4.6,0.19
889,889,462,247,20,10,13,5.6,0.10,0.0220,6.0,0.29
890,890,390,71,50,19,24,27.9,16.70,0.0230,7.4,0.25
891,891,500,122,20,8,29,33.0,19.00,0.0050,7.9,0.26
892,892,474,269,5,12,6,30.4,37.40,0.0340,4.3,0.18
893,893,378,183,50,1,3,32.2,34.10,0.0530,7.1,0.29
894,894,618,315,41,19,21,26.8,1.20,0.0750,7.0,0.23
895,895,797,56,2,3,13,34.9,15.20,0.0230,6.9,0.20
896,896,433,278,38,13,13,21.5,28.20,0.0820,4.9,0.22
897,897,805,250,21,13,22,27.4,24.40,0.0490,5.4,0.18
898,898,360,94,46,10,27,29.6,26.40,0.0330,6.3,0.18
899,899,724,75,18,12,10,10.3,7.70,0.0940,7.8,0.18
900,900,442,169,23,18,28,7.1,3.40,0.0940,6.1,0.24
901,901,801,319,33,8,6,32.9,28.30,0.0780,5.7,0.26
902,902,931,278,24,2,NULL,17.7,41.20,0.0200,6.3,0.17
903,903,698,388,3,4,29,14.6,6.30,0.0250,4.4,0.20
904,904,353,83,39,3,6,20.2,32.60,0.0240,7.5,0.18
905,905,953,227,NULL,15,22,27.4,22.60,0.0540,5.8,0.19
906,906,962,69,31,11,25,17.5,43.10,0.0570,4.0,0.24
907,907,611,112,34,7,26,28.2,20.70,0.0880,5.5,0.26
908,908,359,163,37,18,2,4.3,8.70,0.0050,4.1,0.12
909,909,562,425,16,20,12,8.6,5.40,0.0160,5.9,0.24
910,910,545,196,30,8,4,30.5,14.40,0.0340,5.3,0.17
911,911,842,128,12,5,23,11.8,22.90,0.0450,7.4,0.22
912,912,753,198,6,19,22,0.1,33.80,0.0640,5.0,0.12
913,913,363,109,7,5,15,31.3,24.30,0.0490,7.4,0.24
914,914,767,115,33,20,28,15.2,45.90,0.0330,7.9,0.26
915,915,615,416,43,6,7,26.7,37.20,0.0810,6.7,0.22
916,916,730,358,25,11,11,13.9,45.10,0.0450,4.9,0.17
917,917,653,72,8,19,26,11.5,10.40,0.0240,5.5,0.25
918,918,650,259,26,15,4,16.0,45.90,0.0550,5.8,0.10
919,919,900,120,38,17,27,29.9,43.30,0.0580,4.8,0.22
920,920,875,61,4,12,16,6.5,23.90,0.0380,4.1,0.14
921,921,488,147,31,11,4,33.4,48.60,0.0900,5.1,0.14
922,922,877,159,27,18,12,11.4,13.10,0.0820,4.5,0.19
923,923,827,483,14,9,13,22.6,1.50,0.0870,5.0,0.14
924,924,543,117,3,1,18,7.8,22.90,0.0250,5.1,0.18
925,925,810,411,22,18,15,17.5,10.50,0.0590,6.9,0.18
926,926,517,473,45,18,1,9.0,23.80,0.0150,8.0,0.25
927,927,924,143,10,19,26,27.8,31.90,0.0680,4.5,0.22
928,928,639,221,49,1,5,3.0,14.80,0.0180,7.4,0.11
929,929,597,321,33,9,6,26.9,47.20,0.0070,7.4,0.21
930,930,460,135,24,17,19,4.9,16.90,0.0330,5.7,0.12
931,931,495,367,7,12,24,27.2,14.20,0.0440,5.8,0.27
932,932,830,206,27,NULL,3,25.1,32.60,0.0020,6.9,0.12
933,933,819,87,6,12,8,33.0,3.80,0.0100,5.3,0.28
934,934,639,213,29,8,25,3.9,42.60,0.0050,5.9,0.26
935,935,539,128,35,18,NULL,31.9,3.30,0.0940,4.9,0.29
936,936,627,326,21,11,17,6.6,5.70,0.0540,5.4,0.24
937,937,671,101,29,20,5,13.3,45.70,0.0550,4.6,0.23
938,938,992,128,5,15,18,9.0,22.00,0.0520,5.8,0.13
939,939,379,79,36,11,27,4.0,29.10,0.0890,6.4,0.22
940,940,632,341,16,1,2,31.8,41.40,0.0100,6.9,0.22
941,941,675,135,14,18,25,15.1,7.70,0.0940,6.6,0.10
942,942,374,131,20,5,8,5.0,37.70,0.0360,7.6,0.22
943,943,665,398,19,18,13,12.8,35.50,0.0640,7.4,0.15
944,944,768,179,45,6,23,9.9,48.20,0.0150,4.4,0.14
945,945,490,322,17,17,8,9.0,27.10,0.0250,6.3,0.23
946,946,646,449,39,11,3,28.6,14.00,0.0080,5.2,0.23
947,947,492,303,31,14,25,11.3,44.70,0.0340,7.3,0.26
948,948,744,435,28,20,12,28.6,0.10,0.0700,5.6,0.11
949,949,897,239,42,16,3,25.4,43.90,0.0670,7.7,0.15
950,950,583,445,15,13,2,7.2,22.20,0.0570,7.2,0.24
951,951,799,230,28,13,21,10.0,32.40,0.0180,4.1,0.28
