1,'ART54317','SC9857',1,93,'2024-09-15','2025-04-17'
2,'ART54254','SC7393',2,48,'2024-03-27','2025-09-09'
3,'ART69978','SC9391',3,61,'2024-05-01','2025-11-10'
4,'ART50422','SC3357',4,98,'2024-03-22','2025-10-10'
5,'ART95251','SC5309',5,87,'2024-05-08','2025-05-09'
6,'ART48028','SC3991',6,64,'2024-03-01','2025-07-01'
7,'ART69512','SC2020',7,34,'2024-12-27','2025-03-30'
8,'ART44049','SC2414',8,24,'2024-12-05','2025-03-02'
9,'ART22173','SC6200',9,6,'2024-10-06','2025-04-02'
10,'ART48053','SC6998',10,82,'2024-09-10','2025-08-13'
11,'ART17157','SC8355',11,39,'2024-09-16','2025-04-15'
12,'ART93578','SC3218',12,53,'2024-04-22','2025-07-15'
13,'ART23875','SC3506',13,52,'2024-09-13','2025-04-18'
14,'ART23155','SC3079',14,41,'2024-05-09','2025-11-10'
15,'ART87883','SC8818',15,23,'2024-10-26','2025-06-07'
16,'ART44432','SC3545',16,65,'2025-01-28','2025-05-07'
17,'ART77091','SC4696',17,73,'2025-02-05','2025-11-18'
18,'ART30247','SC7071',18,82,'2024-08-01','2025-03-07'
19,'ART54391','SC1850',19,19,'2024-03-27','2025-05-13'
20,'ART49538','SC4433',20,50,'2024-09-29','2026-02-19'
21,'ART79242','SC1893',21,17,'2024-06-29','2025-12-15'
22,'ART23455','SC9863',22,5,'2024-09-15','2025-11-08'
23,'ART75266','SC4299',23,97,'2024-03-07','2025-03-22'
24,'ART85937','SC6687',24,9,'2024-03-17','2025-10-09'
25,'ART67347','SC5412',25,70,'2024-08-18','2025-09-15'
26,'ART89393','SC9342',26,34,'2025-01-04','2025-11-27'
27,'ART45377','SC7260',27,92,'2024-03-28','2025-03-15'
28,'ART70054','SC2684',28,1,'2024-10-07','2025-08-25'
29,'ART64175','SC5945',29,11,'2024-03-10','2025-03-12'
30,'ART73040','SC4761',30,64,'2024-04-04','2025-05-27'
31,'ART97169','SC9271',31,78,'2025-02-19','2025-06-14'
32,'ART27258','SC8944',32,52,'2024-08-30','2025-09-21'
33,'ART19807','SC8624',33,63,'2024-07-24','2025-09-22'
34,'ART56964','SC4871',34,34,'2024-12-11','2025-09-16'
35,'ART52327','SC6413',35,98,'2024-08-05','2025-03-28'
36,'ART95026','SC8654',36,16,'2024-10-12','2025-04-18'
37,'ART75963','SC7973',37,2,'2024-06-10','2025-10-04'
38,'ART74018','SC4879',38,81,'2024-04-16','2025-10-27'
39,'ART33769','SC4487',39,96,'2024-11-28','2025-04-23'
40,'ART49793','SC1906',40,36,'2024-07-19','2025-05-29'
41,'ART84247','SC7530',41,71,'2024-11-16','2026-01-26'
42,'ART35668','SC4920',42,52,'2024-07-13','2025-11-10'
43,'ART55333','SC8266',43,77,'2024-08-10','2025-08-08'
44,'ART78189','SC6336',44,96,'2025-02-10','2025-09-04'
45,'ART98570','SC2048',45,43,'2024-12-11','2025-03-12'
46,'ART86437','SC2124',46,99,'2025-01-18','2025-09-01'
47,'ART77193','SC2696',47,87,'2024-11-22','2025-06-03'
48,'ART11997','SC3523',48,53,'2024-10-10','2025-11-27'
49,'ART71036','SC9478',49,1,'2024-05-04','2025-07-27'
50,'ART74448','SC9183',50,65,'2024-05-09','2025-05-24'
51,'ART16032','SC8834',51,3,'2024-03-28','2025-07-12'
52,'ART75678','SC5901',52,27,'2024-11-25','2025-11-11'
53,'ART62574','SC2185',53,23,'2024-03-09','2025-12-19'
54,'ART74715','SC9797',54,57,'2024-12-15','2025-11-21'
55,'ART15630','SC5775',55,42,'2025-01-30','2025-07-16'
56,'ART71177','SC2127',56,43,'2024-06-23','2026-01-25'
57,'ART34027','SC2989',57,20,'2025-01-02','2025-06-24'
58,'ART66667','SC8994',58,75,'2024-09-30','2025-04-18'
59,'ART32567','SC5706',59,47,'2024-11-11','2025-08-06'
60,'ART32207','SC5043',60,87,'2024-02-20','2025-11-13'
61,'ART89880','SC3219',61,83,'2024-03-11','2025-05-23'
62,'ART41900','SC1885',62,7,'2024-08-19','2025-09-17'
63,'ART51066','SC3005',63,4,'2025-02-18','2025-10-08'
64,'ART96778','SC8682',64,13,'2024-09-03','2025-09-24'
65,'ART14428','SC2601',65,38,'2024-04-14','2025-06-30'
66,'ART24037','SC9937',66,2,'2024-03-30','2025-09-21'
67,'ART56119','SC4467',67,78,'2024-08-31','2025-12-07'
68,'ART20918','SC6656',68,19,'2024-05-02','2025-03-05'
69,'ART72699','SC6504',69,25,'2024-04-29','2025-07-17'
70,'ART71203','SC2922',70,68,'2024-02-27','2025-12-07'
71,'ART57819','SC7811',71,14,'2024-10-18','2026-01-08'
72,'ART99720','SC3475',72,17,'2024-08-11','2025-11-22'
73,'ART53791','SC6062',73,46,'2025-01-17','2025-04-11'
74,'ART64791','SC8359',74,32,'2025-01-24','2025-07-06'
75,'ART63153','SC3065',75,89,'2024-06-16','2025-10-21'
76,'ART99599','SC8486',76,39,'2024-05-16','2025-10-04'
77,'ART92270','SC1487',77,33,'2024-06-05','2025-06-20'
78,'ART59106','SC9777',78,68,'2024-06-28','2025-10-19'
79,'ART64367','SC8570',79,61,'2024-07-13','2025-06-30'
80,'ART29176','SC1782',80,17,'2024-06-25','2025-05-09'
81,'ART66971','SC2296',81,2,'2025-02-03','2025-11-20'
82,'ART18099','SC9267',82,32,'2024-03-24','2025-10-10'
83,'ART25088','SC3998',83,58,'2024-04-04','2025-10-21'
84,'ART69692','SC1253',84,75,'2024-12-05','2025-11-18'
85,'ART51762','SC3082',85,60,'2024-04-09','2025-10-18'
86,'ART47896','SC9086',86,8,'2024-04-29','2025-05-20'
87,'ART13944','SC9647',87,73,'2024-08-12','2025-06-01'
88,'ART45648','SC3066',88,11,'2024-02-25','2025-05-07'
89,'ART69396','SC7411',89,29,'2024-11-15','2025-07-04'
90,'ART45572','SC4455',90,28,'2025-01-01','2025-07-14'
91,'ART94538','SC8883',91,73,'2024-09-21','2025-11-06'
92,'ART14093','SC5142',92,89,'2024-03-09','2025-05-12'
93,'ART31333','SC3200',93,26,'2024-09-21','2025-11-04'
94,'ART44866','SC9629',94,81,'2024-04-22','2025-03-10'
95,'ART22236','SC6557',95,92,'2024-09-16','2025-04-10'
96,'ART24363','SC4283',96,24,'2024-06-12','2025-08-20'
97,'ART12970','SC3749',97,100,'2024-09-16','2025-05-08'
98,'ART86696','SC8688',98,62,'2024-12-31','2025-07-17'
99,'ART54193','SC1772',99,33,'2025-01-02','2025-11-11'
100,'ART49076','SC6849',100,53,'2024-08-21','2025-05-12'
101,'ART43209','SC3251',101,66,'2024-07-10','2025-10-28'
102,'ART34850','SC9975',102,60,'2024-11-11','2026-01-23'
103,'ART41552','SC6578',103,14,'2024-06-22','2025-07-03'
104,'ART19184','SC3232',104,54,'2024-08-31','2025-03-12'
105,'ART61296','SC9690',105,30,'2024-06-13','2025-08-26'
106,'ART10877','SC3533',106,6,'2024-06-03','2025-05-18'
107,'ART20549','SC3992',107,56,'2024-04-09','2026-01-15'
108,'ART98976','SC7972',108,41,'2024-04-17','2025-03-10'
109,'ART23101','SC1402',109,54,'2024-08-30','2025-10-27'
110,'ART35857','SC3257',110,69,'2024-02-29','2025-06-24'
111,'ART32997','SC8311',111,38,'2024-02-20','2025-12-11'
112,'ART15992','SC6544',112,41,'2024-08-22','2025-12-23'
113,'ART16961','SC6905',113,84,'2025-01-15','2025-05-18'
114,'ART85062','SC3309',114,14,'2024-11-05','2026-02-10'
115,'ART48891','SC8064',115,50,'2024-12-06','2025-12-16'
116,'ART19391','SC5342',116,20,'2024-09-02','2025-12-06'
117,'ART45353','SC4915',117,66,'2024-12-10','2025-11-18'
118,'ART62822','SC6149',118,53,'2025-01-14','2025-09-21'
119,'ART32952','SC1997',119,30,'2024-11-17','2025-03-04'
120,'ART75762','SC5831',120,4,'2024-08-07','2025-10-12'
121,'ART68475','SC7056',121,19,'2025-01-25','2025-06-18'
122,'ART52132','SC9707',122,96,'2024-06-21','2025-08-20'
123,'ART94790','SC6547',123,46,'2024-10-23','2025-03-03'
124,'ART61992','SC7051',124,94,'2024-09-06','2025-12-29'
125,'ART17018','SC1135',125,13,'2024-06-02','2025-05-10'
126,'ART28471','SC8888',126,16,'2025-01-30','2025-04-17'
127,'ART33180','SC3932',127,36,'2024-11-15','2025-12-14'
128,'ART11692','SC6892',128,20,'2024-11-16','2026-02-08'
129,'ART89295','SC7832',129,47,'2024-12-13','2025-09-05'
130,'ART18814','SC9829',130,40,'2025-01-29','2025-12-30'
131,'ART51143','SC4873',131,20,'2024-05-04','2026-02-02'
132,'ART99610','SC2890',132,64,'2024-07-02','2025-05-14'
133,'ART16937','SC7437',133,52,'2024-10-20','2025-06-15'
134,'ART51120','SC6791',134,84,'2024-04-23','2025-08-23'
135,'ART65334','SC5477',135,3,'2024-05-08','2025-07-18'
136,'ART70347','SC8626',136,32,'2024-02-28','2025-07-23'
137,'ART33322','SC9849',137,78,'2025-02-10','2025-05-21'
138,'ART36172','SC3738',138,95,'2024-09-14','2026-01-10'
139,'ART65274','SC1982',139,40,'2024-09-09','2025-10-02'
140,'ART19319','SC6455',140,33,'2024-12-21','2025-09-07'
141,'ART73961','SC2211',141,100,'2024-09-23','2025-07-03'
142,'ART81270','SC2239',142,86,'2024-07-06','2025-05-06'
143,'ART35714','SC3677',143,45,'2024-06-06','2025-08-20'
144,'ART82822','SC4561',144,54,'2024-03-16','2025-10-12'
145,'ART60318','SC5286',145,69,'2024-05-06','2025-12-11'
146,'ART30431','SC9846',146,63,'2024-11-26','2025-03-12'
147,'ART25584','SC8100',147,34,'2025-02-16','2026-02-19'
148,'ART89376','SC5013',148,23,'2024-04-23','2025-03-05'
149,'ART21113','SC9877',149,30,'2024-05-18','2025-05-07'
150,'ART97628','SC4007',150,47,'2025-02-01','2025-11-22'
151,'ART30341','SC1490',151,13,'2024-08-30','2026-02-14'
152,'ART20790','SC7147',152,44,'2024-10-21','2025-05-11'
153,'ART18418','SC4345',153,53,'2024-08-11','2025-11-30'
154,'ART54038','SC2912',154,10,'2024-05-02','2025-10-01'
155,'ART97133','SC6822',155,38,'2024-10-06','2026-01-04'
156,'ART52809','SC2551',156,10,'2024-07-18','2026-01-27'
157,'ART75086','SC9343',157,41,'2024-03-14','2025-12-02'
158,'ART33042','SC3328',158,15,'2024-05-18','2025-11-30'
159,'ART10016','SC9447',159,77,'2024-10-01','2025-03-04'
160,'ART49884','SC3681',160,7,'2024-12-28','2025-05-15'
161,'ART66947','SC5133',161,24,'2024-07-30','2025-03-23'
162,'ART87110','SC8831',162,24,'2024-07-19','2025-10-17'
163,'ART16170','SC6636',163,80,'2024-04-04','2025-10-01'
164,'ART89792','SC7908',164,41,'2024-05-09','2025-08-07'
165,'ART92254','SC4182',165,14,'2024-02-25','2025-07-12'
166,'ART27324','SC6640',166,46,'2025-01-22','2025-05-25'
167,'ART42898','SC4600',167,26,'2024-03-30','2025-03-09'
168,'ART67567','SC5887',168,92,'2025-02-14','2025-03-30'
169,'ART70811','SC7215',169,19,'2024-03-28','2025-10-29'
170,'ART12836','SC8680',170,60,'2024-08-29','2025-03-18'
171,'ART99181','SC1934',171,72,'2024-10-19','2026-01-29'
172,'ART50461','SC2764',172,56,'2024-09-10','2025-05-15'
173,'ART87783','SC2801',173,52,'2024-06-21','2025-04-05'
174,'ART80978','SC9401',174,78,'2024-12-15','2025-12-18'
175,'ART23004','SC5080',175,30,'2024-08-04','2026-02-06'
176,'ART98449','SC5348',176,12,'2024-10-26','2025-09-28'
177,'ART25084','SC1183',177,34,'2024-11-16','2026-01-17'
178,'ART13491','SC5347',178,92,'2024-07-21','2026-01-24'
179,'ART24745','SC1015',179,67,'2024-12-04','2025-07-24'
180,'ART65719','SC3855',180,82,'2024-11-12','2025-09-25'
181,'ART91309','SC5109',181,78,'2024-07-12','2025-10-29'
182,'ART53019','SC9412',182,70,'2024-07-19','2025-10-15'
183,'ART14403','SC4646',183,62,'2024-05-11','2025-08-07'
184,'ART38276','SC3163',184,58,'2024-12-04','2025-04-28'
185,'ART42404','SC2442',185,64,'2024-11-16','2025-09-27'
186,'ART83629','SC4364',186,50,'2024-08-26','2025-04-22'
187,'ART13974','SC5111',187,2,'2024-08-21','2025-10-16'
188,'ART88917','SC2146',188,26,'2024-06-22','2025-11-24'
189,'ART41493','SC1260',189,87,'2024-09-28','2025-06-18'
190,'ART69240','SC5271',190,52,'2024-05-08','2025-09-10'
191,'ART49914','SC7626',191,62,'2024-11-01','2026-01-13'
192,'ART80033','SC8437',192,31,'2025-02-03','2025-08-11'
193,'ART94972','SC6870',193,22,'2024-03-14','2025-04-22'
194,'ART72194','SC1806',194,3,'2024-10-21','2025-05-22'
195,'ART84114','SC8163',195,3,'2024-12-06','2026-02-16'
196,'ART45437','SC6387',196,20,'2024-08-03','2025-04-23'
197,'ART31758','SC8527',197,90,'2024-05-02','2025-09-03'
198,'ART83252','SC9601',198,93,'2024-03-27','2025-12-28'
199,'ART67613','SC5195',199,88,'2024-04-20','2026-01-14'
200,'ART27147','SC6802',200,35,'2024-06-03','2025-05-23'
201,'ART60258','SC8622',201,72,'2024-07-06','2025-08-26'
202,'ART50323','SC3059',202,38,'2024-06-29','2025-08-20'
203,'ART74964','SC2419',203,4,'2024-03-22','2025-11-05'
204,'ART13446','SC6969',204,25,'2025-02-11','2025-09-26'
205,'ART71021','SC9878',205,64,'2024-05-22','2025-04-22'
206,'ART32811','SC7099',206,84,'2024-10-04','2025-04-18'
207,'ART71301','SC8886',207,74,'2024-12-03','2025-05-20'
208,'ART12707','SC9476',208,16,'2024-09-03','2025-10-10'
209,'ART37297','SC5896',209,8,'2025-02-05','2025-02-28'
210,'ART73892','SC9775',210,34,'2024-08-15','2026-02-11'
211,'ART50269','SC8877',211,39,'2024-09-13','2025-08-04'
212,'ART86574','SC7372',212,73,'2024-10-20','2025-06-26'
213,'ART94976','SC9952',213,100,'2024-04-27','2025-07-19'
214,'ART11696','SC2608',214,60,'2024-05-23','2025-08-24'
215,'ART82931','SC3821',215,17,'2024-04-03','2025-03-19'
216,'ART80111','SC9736',216,96,'2025-02-12','2025-04-03'
217,'ART40717','SC3053',217,95,'2024-04-22','2025-08-26'
218,'ART87584','SC6887',218,32,'2024-11-20','2025-03-31'
219,'ART74379','SC1539',219,34,'2024-07-21','2025-11-23'
220,'ART42099','SC6699',220,19,'2024-07-14','2025-09-28'
221,'ART95273','SC9594',221,46,'2024-10-04','2025-03-11'
222,'ART30207','SC6715',222,52,'2024-10-24','2025-07-26'
223,'ART58660','SC2870',223,75,'2025-02-08','2025-11-22'
224,'ART32258','SC2856',224,49,'2024-03-10','2025-07-31'
225,'ART13670','SC7780',225,61,'2024-03-26','2025-10-06'
226,'ART44828','SC2350',226,45,'2024-11-12','2025-11-22'
227,'ART27188','SC5833',227,97,'2024-09-11','2026-01-06'
228,'ART43891','SC9823',228,70,'2024-05-27','2025-04-04'
229,'ART76964','SC6667',229,81,'2024-10-30','2025-03-25'
230,'ART24532','SC6917',230,3,'2024-07-24','2025-05-25'
231,'ART55249','SC4380',231,50,'2024-11-13','2025-03-10'
232,'ART24931','SC5166',232,98,'2024-07-05','2025-06-05'
233,'ART73597','SC4211',233,97,'2025-01-03','2025-08-20'
234,'ART45358','SC9045',234,11,'2024-09-16','2025-06-19'
235,'ART71982','SC5171',235,8,'2024-04-21','2025-04-24'
236,'ART71172','SC5947',236,54,'2024-07-31','2025-06-13'
237,'ART55873','SC4250',237,97,'2024-02-24','2025-09-07'
238,'ART38073','SC5992',238,7,'2024-04-24','2025-04-29'
239,'ART51883','SC2171',239,98,'2024-05-29','2025-07-09'
240,'ART17559','SC6079',240,73,'2024-12-11','2025-08-13'
241,'ART15309','SC7700',241,66,'2024-07-28','2025-11-05'
242,'ART39560','SC8222',242,15,'2024-05-04','2025-11-04'
243,'ART90960','SC7009',243,2,'2024-12-20','2025-10-27'
244,'ART63740','SC9109',244,42,'2024-10-17','2026-01-02'
245,'ART86498','SC7514',245,68,'2024-06-11','2025-06-29'
246,'ART98285','SC2882',246,93,'2025-02-06','2025-12-08'
247,'ART43152','SC4713',247,41,'2024-03-20','2025-10-22'
248,'ART17254','SC1814',248,98,'2025-02-03','2025-08-10'
249,'ART22444','SC5420',249,3,'2024-05-29','2026-02-10'
250,'ART78343','SC5334',250,76,'2024-10-09','2025-10-16'
251,'ART90427','SC1807',251,61,'2024-05-09','2025-05-18'
252,'ART98320','SC3016',252,39,'2024-12-29','2026-02-02'
253,'ART41917','SC5659',253,73,'2025-01-19','2026-02-12'
254,'ART79729','SC7117',254,21,'2024-07-23','2025-03-07'
255,'ART15822','SC7967',255,99,'2024-10-08','2025-09-04'
256,'ART74169','SC4346',256,37,'2024-11-22','2025-07-22'
257,'ART43645','SC6516',257,46,'2025-01-04','2025-04-06'
258,'ART60637','SC3891',258,81,'2024-06-04','2025-12-05'
259,'ART91265','SC3967',259,91,'2024-05-16','2025-09-22'
260,'ART13864','SC9432',260,43,'2024-07-10','2025-06-15'
261,'ART25931','SC8728',261,12,'2024-08-17','2025-12-26'
262,'ART93236','SC4119',262,27,'2024-11-03','2025-06-21'
263,'ART99384','SC1112',263,15,'2025-01-24','2025-06-18'
264,'ART53116','SC2636',264,67,'2024-05-08','2025-04-02'
265,'ART85703','SC5329',265,18,'2024-12-04','2026-02-12'
266,'ART12943','SC7242',266,100,'2025-02-07','2026-01-07'
267,'ART78887','SC5045',267,6,'2024-09-16','2025-02-25'
268,'ART30190','SC7155',268,11,'2024-09-07','2025-08-26'
269,'ART38721','SC8598',269,37,'2024-05-08','2025-05-27'
270,'ART30217','SC3403',270,51,'2024-10-26','2026-01-12'
271,'ART47243','SC8351',271,41,'2024-05-20','2025-05-28'
272,'ART83882','SC5852',272,68,'2024-09-25','2025-09-30'
273,'ART77801','SC7808',273,95,'2024-09-21','2025-06-13'
274,'ART45260','SC6258',274,31,'2024-07-04','2025-06-17'
275,'ART73910','SC6527',275,77,'2025-02-17','2026-02-11'
276,'ART47531','SC8435',276,10,'2024-04-29','2025-04-07'
277,'ART73091','SC1326',277,20,'2024-08-06','2025-09-03'
278,'ART45554','SC2683',278,82,'2024-08-19','2025-05-15'
279,'ART50718','SC6537',279,88,'2024-03-04','2025-07-23'
280,'ART47788','SC7031',280,55,'2024-07-24','2025-10-30'
281,'ART37928','SC7576',281,43,'2024-12-08','2026-02-14'
282,'ART38978','SC3881',282,99,'2024-03-21','2025-04-03'
283,'ART69605','SC6054',283,10,'2024-03-21','2025-03-21'
284,'ART31121','SC1062',284,77,'2024-10-05','2025-07-06'
285,'ART59264','SC1226',285,96,'2024-10-16','2025-06-07'
286,'ART97827','SC7992',286,45,'2024-08-03','2025-07-12'
287,'ART64402','SC9745',287,41,'2025-01-18','2026-01-05'
288,'ART15493','SC9292',288,25,'2024-03-04','2025-04-18'
289,'ART68755','SC8132',289,22,'2024-11-06','2026-02-18'
290,'ART28417','SC8995',290,10,'2025-01-11','2025-12-15'
291,'ART42781','SC9791',291,25,'2024-08-06','2025-06-09'
292,'ART66169','SC4441',292,23,'2025-01-23','2025-09-01'
293,'ART96280','SC6041',293,59,'2024-06-20','2025-02-21'
294,'ART97495','SC1376',294,87,'2025-02-18','2025-12-10'
295,'ART24396','SC4125',295,89,'2024-03-08','2025-04-14'
296,'ART25032','SC5304',296,15,'2025-02-10','2026-01-09'
297,'ART62961','SC8774',297,20,'2024-03-13','2026-02-04'
298,'ART77111','SC9074',298,85,'2024-09-01','2025-08-14'
299,'ART49476','SC3140',299,93,'2024-05-26','2025-04-14'
300,'ART99394','SC3320',300,34,'2025-01-31','2025-11-07'
301,'ART50006','SC8483',301,8,'2024-04-09','2026-02-12'
302,'ART18330','SC6974',302,65,'2024-06-21','2026-02-14'
303,'ART65641','SC3217',303,100,'2024-06-19','2025-12-23'
304,'ART85565','SC5361',304,29,'2024-05-13','2026-01-09'
305,'ART90714','SC3947',305,24,'2024-07-01','2025-05-17'
306,'ART14535','SC5493',306,29,'2024-09-12','2025-11-16'
307,'ART47326','SC3806',307,54,'2024-04-17','2025-03-31'
308,'ART83116','SC6987',308,43,'2024-08-27','2025-09-01'
309,'ART37946','SC7787',309,84,'2024-09-30','2025-09-07'
310,'ART18394','SC1837',310,4,'2024-05-21','2026-02-14'
311,'ART43678','SC3235',311,51,'2025-01-18','2025-05-25'
312,'ART93347','SC6205',312,11,'2024-11-30','2025-06-17'
313,'ART54065','SC4844',313,13,'2024-12-16','2026-01-11'
314,'ART23045','SC7570',314,22,'2024-04-25','2026-01-23'
315,'ART44354','SC7449',315,97,'2024-09-16','2025-07-12'
316,'ART72253','SC5730',316,27,'2024-09-26','2026-01-21'
317,'ART10868','SC9414',317,94,'2024-06-19','2025-09-26'
318,'ART42503','SC7506',318,25,'2024-07-11','2025-10-29'
319,'ART32176','SC4212',319,40,'2025-01-04','2025-11-02'
320,'ART64633','SC4172',320,91,'2024-09-17','2025-08-12'
321,'ART87910','SC6432',321,70,'2024-11-18','2026-02-15'
322,'ART62028','SC3807',322,31,'2024-11-08','2025-04-30'
323,'ART75371','SC1214',323,2,'2024-04-16','2025-08-03'
324,'ART47766','SC9450',324,39,'2024-10-03','2025-10-08'
325,'ART52069','SC8164',325,64,'2024-02-29','2025-04-04'
326,'ART57217','SC4475',326,44,'2025-02-19','2025-09-26'
327,'ART93455','SC5083',327,57,'2024-06-14','2025-04-09'
328,'ART89006','SC3013',328,52,'2024-10-02','2025-12-07'
329,'ART33345','SC8298',329,82,'2025-01-09','2025-04-02'
330,'ART22032','SC5118',330,75,'2024-11-09','2025-08-29'
331,'ART66995','SC1603',331,36,'2024-05-06','2026-02-10'
332,'ART54879','SC3798',332,52,'2024-08-27','2025-04-15'
333,'ART99458','SC4680',333,4,'2025-01-09','2025-11-27'
334,'ART18632','SC4069',334,22,'2024-10-13','2025-04-15'
335,'ART16702','SC8002',335,6,'2024-06-27','2025-06-05'
336,'ART10454','SC1077',336,96,'2024-09-16','2025-07-06'
337,'ART57763','SC5090',337,47,'2025-02-17','2025-09-26'
338,'ART88421','SC5432',338,3,'2024-06-20','2025-07-11'
339,'ART89757','SC5113',339,44,'2024-05-20','2025-08-08'
340,'ART92972','SC8555',340,28,'2024-12-25','2025-09-03'
341,'ART60139','SC2622',341,56,'2025-01-15','2025-12-03'
342,'ART11238','SC2999',342,98,'2024-10-24','2025-03-23'
343,'ART10101','SC4229',343,50,'2024-04-29','2025-06-11'
344,'ART31106','SC4860',344,48,'2024-02-21','2025-08-27'
345,'ART93115','SC5469',345,49,'2024-09-22','2025-08-28'
346,'ART24723','SC2924',346,66,'2024-04-12','2025-03-02'
347,'ART59972','SC9054',347,77,'2025-01-01','2025-12-04'
348,'ART45346','SC6436',348,34,'2024-06-03','2025-10-03'
349,'ART98793','SC4002',349,26,'2024-11-08','2025-08-02'
350,'ART69266','SC3576',350,78,'2024-09-10','2025-10-01'
351,'ART20924','SC8894',351,90,'2024-09-30','2025-08-20'
352,'ART70901','SC7673',352,30,'2024-10-07','2025-04-12'
353,'ART20155','SC5052',353,21,'2024-11-03','2025-11-05'
354,'ART41568','SC8142',354,52,'2025-02-10','2026-01-24'
355,'ART21920','SC1672',355,43,'2024-04-15','2025-03-21'
356,'ART83067','SC2561',356,67,'2025-01-06','2025-07-21'
357,'ART84330','SC2505',357,99,'2024-08-31','2026-01-13'
358,'ART69450','SC3792',358,78,'2024-09-27','2025-05-18'
359,'ART46628','SC4658',359,81,'2024-04-06','2025-11-21'
360,'ART66581','SC7922',360,60,'2024-10-29','2025-05-05'
361,'ART86761','SC6300',361,97,'2024-08-20','2025-03-29'
362,'ART22545','SC4370',362,48,'2024-07-26','2026-01-15'
363,'ART76062','SC4330',363,31,'2024-07-12','2025-12-17'
364,'ART93962','SC2867',364,3,'2024-07-08','2025-06-15'
365,'ART30978','SC4308',365,40,'2024-02-23','2025-05-29'
366,'ART28359','SC9279',366,14,'2024-11-05','2025-09-16'
367,'ART53309','SC3060',367,48,'2024-08-24','2025-07-13'
368,'ART50684','SC5025',368,16,'2025-01-18','2025-12-21'
369,'ART98005','SC7452',369,90,'2024-12-15','2025-03-13'
370,'ART96062','SC9655',370,40,'2025-01-15','2025-04-27'
371,'ART43108','SC1498',371,92,'2024-02-28','2025-09-10'
372,'ART73568','SC7672',372,3,'2024-04-21','2025-07-18'
373,'ART31268','SC4256',373,71,'2024-03-19','2025-10-27'
374,'ART88648','SC4057',374,28,'2024-03-11','2026-02-09'
375,'ART55795','SC7968',375,48,'2024-08-04','2025-12-05'
376,'ART70354','SC4322',376,75,'2024-11-11','2025-12-22'
377,'ART51915','SC2065',377,48,'2024-03-02','2025-08-22'
378,'ART85171','SC8751',378,58,'2024-12-22','2025-07-22'
379,'ART42439','SC5708',379,70,'2024-06-29','2025-07-22'
380,'ART26707','SC1592',380,58,'2024-05-04','2025-04-02'
381,'ART63520','SC3147',381,53,'2025-01-04','2025-03-24'
382,'ART80110','SC7302',382,28,'2025-01-10','2025-03-26'
383,'ART53554','SC2101',383,46,'2024-06-07','2025-03-08'
384,'ART55648','SC1652',384,27,'2024-05-14','2025-12-22'
385,'ART47609','SC7431',385,55,'2024-08-17','2025-09-07'
386,'ART77482','SC7426',386,37,'2024-10-18','2025-10-20'
387,'ART48269','SC8459',387,62,'2024-07-24','2025-04-23'
388,'ART46875','SC6965',388,55,'2024-08-26','2025-12-05'
389,'ART63518','SC8306',389,59,'2025-01-27','2025-07-19'
390,'ART70034','SC9390',390,4,'2024-07-16','2026-01-23'
391,'ART28711','SC6835',391,40,'2024-04-18','2025-12-12'
392,'ART48999','SC8385',392,88,'2025-02-09','2026-01-17'
393,'ART28231','SC5063',393,23,'2024-09-10','2025-03-19'
394,'ART53235','SC8712',394,68,'2024-07-04','2025-05-11'
395,'ART68953','SC9141',395,32,'2024-03-09','2025-09-08'
396,'ART47293','SC1776',396,26,'2024-02-22','2025-05-03'
397,'ART65248','SC1802',397,69,'2025-01-22','2025-09-23'
398,'ART31256','SC9322',398,25,'2024-04-30','2025-11-14'
399,'ART78039','SC8733',399,6,'2024-08-03','2025-07-11'
400,'ART30501','SC3873',400,72,'2024-07-14','2025-08-19'
401,'ART42435','SC6073',401,32,'2024-12-30','2025-04-03'
402,'ART81325','SC4633',402,64,'2025-01-24','2025-07-02'
403,'ART57335','SC4943',403,58,'2024-12-20','2025-09-16'
404,'ART98663','SC2284',404,17,'2025-01-05','2025-04-16'
405,'ART16086','SC8047',405,15,'2024-10-11','2025-05-03'
406,'ART33827','SC2083',406,73,'2024-11-12','2025-06-13'
407,'ART45622','SC3100',407,83,'2024-12-26','2025-02-26'
408,'ART30160','SC7271',408,81,'2024-08-30','2025-04-28'
409,'ART51359','SC7604',409,43,'2024-10-01','2025-10-31'
410,'ART64648','SC4702',410,53,'2024-04-03','2025-10-29'
411,'ART74477','SC4014',411,45,'2024-05-03','2025-08-21'
412,'ART97528','SC4376',412,48,'2024-06-27','2025-05-10'
413,'ART17969','SC4006',413,46,'2024-12-08','2025-09-28'
414,'ART92812','SC4617',414,88,'2025-01-27','2025-08-13'
415,'ART83654','SC9463',415,95,'2024-06-30','2025-06-09'
416,'ART39222','SC3554',416,23,'2024-05-20','2025-06-04'
417,'ART83109','SC6456',417,93,'2024-04-22','2025-06-22'
418,'ART99476','SC1778',418,75,'2025-02-17','2025-12-17'
419,'ART91545','SC7505',419,91,'2024-06-17','2025-08-17'
420,'ART18956','SC2848',420,9,'2024-08-15','2025-12-17'
421,'ART84236','SC7617',421,74,'2024-03-07','2025-07-25'
422,'ART41693','SC4032',422,76,'2024-12-14','2026-02-10'
423,'ART85466','SC7987',423,85,'2024-11-19','2025-04-07'
424,'ART51626','SC3114',424,84,'2024-04-21','2025-02-25'
425,'ART26984','SC9093',425,20,'2024-07-20','2025-10-30'
426,'ART90499','SC4827',426,93,'2024-03-24','2025-11-26'
427,'ART84173','SC4885',427,77,'2024-12-01','2026-02-01'
428,'ART18753','SC1292',428,58,'2024-12-25','2026-02-18'
429,'ART49676','SC6431',429,28,'2024-02-25','2025-05-02'
430,'ART10796','SC4016',430,1,'2024-07-18','2025-09-29'
431,'ART30608','SC4166',431,96,'2024-11-30','2025-03-20'
432,'ART21993','SC2116',432,4,'2024-07-19','2025-12-19'
433,'ART30022','SC6095',433,63,'2024-08-14','2025-07-02'
434,'ART89862','SC1007',434,96,'2024-10-01','2026-01-11'
435,'ART18141','SC9753',435,21,'2025-02-07','2025-07-21'
436,'ART40431','SC5634',436,44,'2024-12-26','2025-11-26'
437,'ART63009','SC4615',437,78,'2024-10-13','2026-01-22'
438,'ART10304','SC8477',438,42,'2025-02-19','2026-02-19'
439,'ART94825','SC5096',439,78,'2024-03-01','2025-12-17'
440,'ART27503','SC6380',440,12,'2024-08-19','2025-12-28'
441,'ART96200','SC1043',441,20,'2024-10-11','2025-09-19'
442,'ART39644','SC7190',442,82,'2025-01-22','2025-08-19'
443,'ART18636','SC4153',443,4,'2024-09-03','2025-06-28'
444,'ART14626','SC5322',444,42,'2024-08-09','2026-01-11'
445,'ART33648','SC3254',445,99,'2024-06-15','2025-11-28'
446,'ART35180','SC4199',446,67,'2025-01-15','2025-09-29'
447,'ART79108','SC7246',447,59,'2024-11-03','2025-08-17'
448,'ART18962','SC9545',448,32,'2024-06-13','2025-04-19'
449,'ART67877','SC4446',449,37,'2024-04-28','2025-05-07'
450,'ART98899','SC1350',450,27,'2024-10-14','2025-06-26'
451,'ART30806','SC8754',451,52,'2024-10-27','2025-07-02'
452,'ART33858','SC9701',452,81,'2024-08-16','2025-11-24'
453,'ART56129','SC5689',453,13,'2024-12-16','2025-05-24'
454,'ART65842','SC8120',454,93,'2024-10-19','2025-12-10'
455,'ART64392','SC3968',455,32,'2024-07-03','2025-06-04'
456,'ART69688','SC1224',456,7,'2025-02-07','2026-02-18'
457,'ART90318','SC8865',457,47,'2025-02-16','2025-09-12'
458,'ART16908','SC9125',458,78,'2025-01-23','2025-03-23'
459,'ART23964','SC5943',459,50,'2024-03-08','2025-09-25'
460,'ART12752','SC4313',460,61,'2024-07-12','2025-03-04'
461,'ART89697','SC3505',461,81,'2024-07-31','2025-05-27'
462,'ART96889','SC6655',462,17,'2025-01-05','2025-12-09'
463,'ART78750','SC5899',463,88,'2024-11-06','2025-10-29'
464,'ART49649','SC7294',464,19,'2024-09-08','2025-10-29'
465,'ART28121','SC8960',465,60,'2024-04-11','2025-10-01'
466,'ART86824','SC2337',466,74,'2024-11-04','2025-10-20'
467,'ART35822','SC9365',467,69,'2024-03-20','2025-12-24'
468,'ART27053','SC9464',468,89,'2024-04-01','2025-04-23'
469,'ART28234','SC1999',469,13,'2024-08-19','2025-06-19'
470,'ART34427','SC6418',470,82,'2024-09-21','2026-01-23'
471,'ART36419','SC1600',471,27,'2024-05-02','2025-11-12'
472,'ART88575','SC1765',472,66,'2025-01-25','2025-07-03'
473,'ART38532','SC3389',473,66,'2024-10-22','2026-02-05'
474,'ART34715','SC6629',474,73,'2024-08-28','2026-01-18'
475,'ART32179','SC5448',475,55,'2025-01-12','2025-04-27'
476,'ART34896','SC2996',476,20,'2024-07-11','2026-01-27'
477,'ART68034','SC9955',477,40,'2024-09-27','2025-10-31'
478,'ART88300','SC9705',478,68,'2025-01-09','2025-06-27'
479,'ART22526','SC3022',479,9,'2024-03-28','2025-09-03'
480,'ART42855','SC7360',480,84,'2024-12-31','2025-05-03'
481,'ART76570','SC1296',481,94,'2024-03-28','2025-06-06'
482,'ART86703','SC8154',482,80,'2024-08-06','2025-08-10'
483,'ART63970','SC1193',483,61,'2024-08-29','2025-07-10'
484,'ART97160','SC7687',484,76,'2025-02-12','2025-07-24'
485,'ART98229','SC9285',485,56,'2024-07-14','2025-10-24'
486,'ART72536','SC5302',486,11,'2025-02-11','2025-10-04'
487,'ART53266','SC2049',487,72,'2024-10-12','2025-06-21'
488,'ART83161','SC4592',488,14,'2024-04-07','2025-07-10'
489,'ART57961','SC1830',489,79,'2025-02-03','2026-02-19'
490,'ART92624','SC9272',490,63,'2024-09-29','2025-05-07'
491,'ART23896','SC8017',491,36,'2024-05-18','2025-10-14'
492,'ART68160','SC9415',492,93,'2024-04-15','2025-12-18'
493,'ART58497','SC3590',493,91,'2025-01-08','2025-10-22'
494,'ART64922','SC2945',494,8,'2024-12-16','2025-06-07'
495,'ART12066','SC3577',495,95,'2024-02-22','2025-12-24'
496,'ART65335','SC5516',496,27,'2024-03-18','2025-12-03'
497,'ART68662','SC9936',497,17,'2024-09-07','2025-07-26'
498,'ART26247','SC3778',498,99,'2024-04-28','2025-12-01'
499,'ART22192','SC5882',499,99,'2025-02-04','2025-11-02'
500,'ART20287','SC2553',500,93,'2024-06-01','2025-04-09'
501,'ART52858','SC1353',501,64,'2024-11-23','2025-09-08'
502,'ART98823','SC4448',502,65,'2024-05-23','2025-07-14'
503,'ART96951','SC9310',503,41,'2025-01-14','2025-07-27'
504,'ART72358','SC2157',504,73,'2024-04-01','2025-06-13'
505,'ART55698','SC8087',505,15,'2024-07-24','2026-01-26'
506,'ART87575','SC7206',506,25,'2024-08-18','2025-03-20'
507,'ART43650','SC1546',507,6,'2024-08-26','2025-05-16'
508,'ART86220','SC8548',508,66,'2025-01-14','2025-11-30'
509,'ART96639','SC2134',509,81,'2024-10-16','2025-10-08'
510,'ART47357','SC9816',510,4,'2024-06-23','2026-02-17'
511,'ART45746','SC2503',511,60,'2024-12-01','2025-08-03'
512,'ART45740','SC3401',512,51,'2024-05-18','2026-01-12'
513,'ART88876','SC6873',513,63,'2024-10-27','2025-06-06'
514,'ART87418','SC2783',514,29,'2024-09-13','2025-03-25'
515,'ART97635','SC9778',515,56,'2024-06-11','2026-02-09'
516,'ART25292','SC3380',516,38,'2025-01-21','2025-08-31'
517,'ART51076','SC6719',517,53,'2024-06-30','2025-09-20'
518,'ART32220','SC8242',518,98,'2024-02-24','2025-05-12'
519,'ART76047','SC9841',519,28,'2024-03-22','2025-10-30'
520,'ART90178','SC2053',520,70,'2024-03-26','2025-03-09'
521,'ART29967','SC7140',521,78,'2024-03-28','2026-02-16'
522,'ART58041','SC4542',522,32,'2024-07-25','2025-09-17'
523,'ART64972','SC3667',523,4,'2024-11-18','2025-08-23'
524,'ART56415','SC7688',524,95,'2024-07-04','2025-04-19'
525,'ART45509','SC4192',525,71,'2024-06-21','2025-02-23'
526,'ART62693','SC2986',526,55,'2024-07-30','2025-05-12'
527,'ART85673','SC8812',527,60,'2024-08-12','2025-10-22'
528,'ART71133','SC4627',528,78,'2024-09-23','2025-07-27'
529,'ART69135','SC2348',529,66,'2024-07-21','2025-07-07'
530,'ART59994','SC9757',530,58,'2024-11-28','2025-03-01'
531,'ART80256','SC9992',531,71,'2024-09-17','2025-06-14'
532,'ART26841','SC9449',532,23,'2024-12-16','2025-04-24'
533,'ART94581','SC2992',533,85,'2024-07-01','2025-05-07'
534,'ART78648','SC5600',534,17,'2024-04-28','2025-11-03'
535,'ART85581','SC3477',535,46,'2024-02-24','2025-05-15'
536,'ART84089','SC3253',536,83,'2024-05-15','2025-03-01'
537,'ART53753','SC7208',537,92,'2024-05-30','2025-07-31'
538,'ART95732','SC1286',538,57,'2024-08-26','2026-01-08'
539,'ART37603','SC7018',539,95,'2024-04-23','2025-12-09'
540,'ART56181','SC9454',540,88,'2024-10-31','2025-05-22'
541,'ART48785','SC3352',541,85,'2025-02-04','2025-06-18'
542,'ART85127','SC6834',542,63,'2024-05-26','2026-01-11'
543,'ART83097','SC9400',543,38,'2024-03-07','2025-12-05'
544,'ART67931','SC7394',544,81,'2024-06-02','2025-06-24'
545,'ART80163','SC3438',545,36,'2024-07-17','2026-02-03'
546,'ART86467','SC5115',546,57,'2024-07-10','2025-07-27'
547,'ART44956','SC1823',547,80,'2024-10-07','2025-03-03'
548,'ART94461','SC8173',548,2,'2024-04-02','2025-03-07'
549,'ART46007','SC1232',549,72,'2024-04-21','2025-12-09'
550,'ART55624','SC4311',550,42,'2024-07-25','2025-10-17'
551,'ART36303','SC1006',551,74,'2024-10-04','2025-03-23'
552,'ART44161','SC8513',552,41,'2024-04-25','2025-11-16'
553,'ART79576','SC1898',553,59,'2024-09-25','2025-10-20'
554,'ART66820','SC6481',554,35,'2024-11-02','2025-11-29'
555,'ART99943','SC4922',555,84,'2024-12-07','2025-03-26'
556,'ART56040','SC1736',556,85,'2024-03-28','2025-08-22'
557,'ART99073','SC3377',557,79,'2024-03-18','2025-07-19'
558,'ART33473','SC6078',558,20,'2025-01-04','2025-03-05'
559,'ART24840','SC3638',559,38,'2024-03-09','2025-04-24'
560,'ART96165','SC6604',560,57,'2024-08-04','2025-10-24'
561,'ART88073','SC3212',561,27,'2024-12-15','2025-05-25'
562,'ART28804','SC8810',562,1,'2024-05-30','2025-03-09'
563,'ART17546','SC2170',563,40,'2025-01-30','2025-10-15'
564,'ART14981','SC1491',564,46,'2024-08-31','2025-04-15'
565,'ART43106','SC5425',565,41,'2024-11-14','2025-12-19'
566,'ART74822','SC6230',566,49,'2024-10-03','2025-09-05'
567,'ART61565','SC1901',567,73,'2024-10-02','2026-02-13'
568,'ART79175','SC9977',568,14,'2024-07-24','2025-05-04'
569,'ART26272','SC6993',569,74,'2024-02-28','2025-08-13'
570,'ART59168','SC8411',570,63,'2025-02-12','2026-02-08'
571,'ART66476','SC5735',571,50,'2024-07-08','2025-12-09'
572,'ART98965','SC6574',572,48,'2025-02-04','2025-03-12'
573,'ART11166','SC2458',573,3,'2024-06-04','2025-11-27'
574,'ART66092','SC7500',574,98,'2025-01-25','2025-08-28'
575,'ART28913','SC2468',575,5,'2024-06-27','2025-09-18'
576,'ART36852','SC6605',576,81,'2024-05-23','2025-06-22'
577,'ART32001','SC8508',577,24,'2024-11-18','2025-02-21'
578,'ART10602','SC8887',578,58,'2024-12-06','2025-06-03'
579,'ART18996','SC7085',579,61,'2024-10-03','2026-01-14'
580,'ART82359','SC9283',580,21,'2025-02-16','2025-08-31'
581,'ART15952','SC3699',581,26,'2025-02-07','2025-09-11'
582,'ART26831','SC1164',582,38,'2024-07-28','2025-11-10'
583,'ART24978','SC6561',583,80,'2024-07-31','2025-07-30'
584,'ART84637','SC7739',584,36,'2024-02-20','2025-08-30'
585,'ART98277','SC1931',585,4,'2024-08-28','2025-08-29'
586,'ART39262','SC2366',586,69,'2024-03-07','2025-06-11'
587,'ART56602','SC1957',587,20,'2024-11-30','2025-11-08'
588,'ART57966','SC1555',588,18,'2024-11-10','2026-02-19'
589,'ART75943','SC2955',589,84,'2024-07-26','2025-09-25'
590,'ART52469','SC2064',590,54,'2024-03-17','2025-10-05'
591,'ART26470','SC2135',591,7,'2024-06-09','2026-02-11'
592,'ART57328','SC7600',592,78,'2024-09-10','2025-03-10'
593,'ART68018','SC3290',593,12,'2024-06-21','2025-11-08'
594,'ART34189','SC2054',594,95,'2025-01-09','2025-08-01'
595,'ART88121','SC2077',595,63,'2024-05-28','2025-10-30'
596,'ART38138','SC3318',596,8,'2024-06-26','2025-09-09'
597,'ART97175','SC9096',597,14,'2025-01-29','2025-05-30'
598,'ART81329','SC6356',598,1,'2024-03-02','2025-06-24'
599,'ART12913','SC6162',599,29,'2024-09-02','2025-11-05'
600,'ART25050','SC5158',600,77,'2025-01-08','2025-09-20'
601,'ART58867','SC1511',601,68,'2024-02-29','2025-04-02'
602,'ART79542','SC5502',602,99,'2024-11-08','2025-10-24'
603,'ART82199','SC8859',603,86,'2024-02-23','2025-08-21'
604,'ART91028','SC5633',604,26,'2024-08-04','2025-03-23'
605,'ART70580','SC2884',605,93,'2025-02-13','2025-10-21'
606,'ART58926','SC5229',606,34,'2024-09-28','2025-05-22'
607,'ART67300','SC4505',607,42,'2024-05-11','2026-01-04'
608,'ART36902','SC4170',608,81,'2024-09-18','2025-10-04'
609,'ART16037','SC3044',609,33,'2024-06-09','2025-12-06'
610,'ART50052','SC9790',610,59,'2024-08-09','2025-03-01'
611,'ART20268','SC1534',611,89,'2024-11-07','2025-09-24'
612,'ART85066','SC8956',612,20,'2024-08-26','2025-06-28'
613,'ART82711','SC4203',613,27,'2024-06-12','2025-09-26'
614,'ART72030','SC2188',614,85,'2025-01-17','2025-04-14'
615,'ART48513','SC3620',615,69,'2024-06-02','2025-02-20'
616,'ART13225','SC3605',616,78,'2025-01-10','2025-08-27'
617,'ART16185','SC7428',617,97,'2024-04-28','2025-04-30'
618,'ART87084','SC3706',618,78,'2024-05-05','2025-10-02'
619,'ART76681','SC1741',619,30,'2024-07-11','2025-08-20'
620,'ART23595','SC5151',620,63,'2024-06-14','2025-04-03'
621,'ART26935','SC4604',621,99,'2024-04-14','2025-07-11'
622,'ART54253','SC2338',622,56,'2024-12-06','2025-07-03'
623,'ART78450','SC2735',623,73,'2024-08-01','2025-06-03'
624,'ART36509','SC4969',624,12,'2025-02-10','2025-03-05'
625,'ART43909','SC1351',625,82,'2024-06-06','2026-01-06'
626,'ART53400','SC2050',626,29,'2024-06-27','2025-05-13'
627,'ART66554','SC6566',627,10,'2024-03-31','2025-03-13'
628,'ART71813','SC9148',628,32,'2024-03-05','2026-01-16'
629,'ART51093','SC6399',629,85,'2024-03-21','2025-04-19'
630,'ART69403','SC7499',630,61,'2024-09-23','2025-09-06'
631,'ART86364','SC7860',631,22,'2024-12-15','2025-09-27'
632,'ART75229','SC6237',632,55,'2024-07-12','2025-04-04'
633,'ART46673','SC7871',633,1,'2025-01-27','2025-10-10'
634,'ART23510','SC3673',634,47,'2024-06-10','2025-12-01'
635,'ART86735','SC6589',635,73,'2024-09-06','2025-04-29'
636,'ART66768','SC8813',636,85,'2024-06-16','2025-08-28'
637,'ART25282','SC9308',637,10,'2025-01-17','2025-11-24'
638,'ART16218','SC5478',638,82,'2025-02-09','2025-06-26'
639,'ART69787','SC1777',639,34,'2024-04-04','2025-10-03'
640,'ART21873','SC7043',640,11,'2024-05-10','2025-12-31'
641,'ART41646','SC6846',641,83,'2024-09-20','2025-12-09'
642,'ART31545','SC6173',642,30,'2024-10-08','2025-08-15'
643,'ART30984','SC8937',643,15,'2024-11-06','2025-03-09'
644,'ART86486','SC2834',644,65,'2024-10-23','2025-04-05'
645,'ART62766','SC9614',645,67,'2024-04-03','2025-04-06'
646,'ART32509','SC7286',646,33,'2024-09-07','2025-11-28'
647,'ART89340','SC2721',647,8,'2025-02-05','2025-10-27'
648,'ART88196','SC4536',648,78,'2024-12-15','2025-09-02'
649,'ART14493','SC7417',649,3,'2024-10-30','2025-11-20'
650,'ART76252','SC2098',650,38,'2024-07-18','2025-12-14'
651,'ART57157','SC5367',651,52,'2024-11-04','2025-10-27'
652,'ART95823','SC6129',652,14,'2024-06-24','2025-08-27'
653,'ART89007','SC2872',653,4,'2024-12-05','2025-03-13'
654,'ART59941','SC5684',654,40,'2024-09-04','2025-05-11'
655,'ART81928','SC6634',655,34,'2024-06-05','2025-04-02'
656,'ART60859','SC8170',656,11,'2025-02-10','2025-05-02'
657,'ART76513','SC4938',657,60,'2025-01-15','2025-12-28'
658,'ART55259','SC6860',658,34,'2024-06-29','2026-01-14'
659,'ART90617','SC7397',659,17,'2024-09-07','2026-01-08'
660,'ART24032','SC4409',660,42,'2024-11-28','2025-05-08'
661,'ART14524','SC7532',661,26,'2024-09-01','2026-02-17'
662,'ART12071','SC2125',662,43,'2024-08-04','2026-02-03'
663,'ART66542','SC9256',663,37,'2024-06-09','2025-06-10'
664,'ART49968','SC2754',664,42,'2024-04-26','2025-06-06'
665,'ART22763','SC2456',665,44,'2024-04-10','2025-03-08'
666,'ART87825','SC6712',666,99,'2024-05-02','2025-12-09'
667,'ART75092','SC6342',667,80,'2024-10-28','2025-12-11'
668,'ART64002','SC8293',668,62,'2025-02-05','2025-05-11'
669,'ART49681','SC1525',669,58,'2024-07-09','2025-05-23'
670,'ART74234','SC6159',670,76,'2024-12-20','2025-04-21'
671,'ART82500','SC2476',671,25,'2024-04-15','2025-08-04'
672,'ART81133','SC4391',672,26,'2024-07-12','2025-05-14'
673,'ART43117','SC5035',673,30,'2024-09-03','2026-01-25'
674,'ART40138','SC3748',674,69,'2025-02-03','2025-03-04'
675,'ART54875','SC4991',675,29,'2024-10-29','2025-03-08'
676,'ART75708','SC8793',676,80,'2024-09-18','2025-03-28'
677,'ART68102','SC2245',677,18,'2024-12-13','2026-02-17'
678,'ART55916','SC5549',678,82,'2024-08-18','2026-01-22'
679,'ART90234','SC6158',679,84,'2024-06-26','2025-06-24'
680,'ART23795','SC5288',680,26,'2024-10-23','2025-10-06'
681,'ART68106','SC4045',681,71,'2024-05-30','2025-03-25'
682,'ART38773','SC3368',682,54,'2025-02-15','2026-01-26'
683,'ART83239','SC9066',683,7,'2024-04-28','2025-11-29'
684,'ART97001','SC4691',684,45,'2024-05-16','2025-04-03'
685,'ART69943','SC1699',685,23,'2024-06-13','2025-03-29'
686,'ART19243','SC9676',686,78,'2024-05-19','2025-10-29'
687,'ART72272','SC6941',687,4,'2025-02-11','2026-02-17'
688,'ART22160','SC1141',688,51,'2024-10-10','2025-09-28'
689,'ART92263','SC8215',689,3,'2024-02-26','2025-03-18'
690,'ART65243','SC9812',690,10,'2024-05-10','2025-05-29'
691,'ART44699','SC3861',691,60,'2024-03-20','2025-11-14'
692,'ART11818','SC1979',692,97,'2024-10-22','2026-02-19'
693,'ART96685','SC9253',693,5,'2024-11-19','2025-10-09'
694,'ART33856','SC4822',694,74,'2024-09-07','2025-09-25'
695,'ART37504','SC8907',695,38,'2024-03-13','2025-08-22'
696,'ART31688','SC4321',696,55,'2024-11-02','2025-06-06'
697,'ART96901','SC7650',697,45,'2025-02-18','2025-08-10'
698,'ART50086','SC3285',698,35,'2024-03-06','2025-03-12'
699,'ART53209','SC7404',699,10,'2024-09-15','2025-03-20'
700,'ART83335','SC1562',700,91,'2024-04-25','2025-06-24'
701,'ART40350','SC1447',701,20,'2024-08-27','2025-04-06'
702,'ART64734','SC1211',702,14,'2024-03-24','2025-10-18'
703,'ART54697','SC2577',703,5,'2024-04-06','2025-07-10'
704,'ART39945','SC4230',704,60,'2024-11-23','2025-08-16'
705,'ART42663','SC5378',705,78,'2024-06-17','2026-02-07'
706,'ART22716','SC6927',706,33,'2024-06-06','2025-10-25'
707,'ART91514','SC3157',707,1,'2024-06-15','2026-01-29'
708,'ART33221','SC6447',708,72,'2024-07-04','2025-08-18'
709,'ART32246','SC8855',709,24,'2024-05-20','2025-03-12'
710,'ART17845','SC7833',710,82,'2024-08-24','2025-07-26'
711,'ART76881','SC7205',711,71,'2024-11-22','2025-09-27'
712,'ART52193','SC3713',712,85,'2025-02-16','2025-07-31'
713,'ART44784','SC3086',713,64,'2024-06-05','2026-01-02'
714,'ART96311','SC9641',714,44,'2024-05-18','2025-03-30'
715,'ART69468','SC9919',715,94,'2024-12-29','2025-10-01'
716,'ART74832','SC1319',716,41,'2024-11-28','2025-11-18'
717,'ART85471','SC7408',717,28,'2024-09-19','2025-06-03'
718,'ART32309','SC3391',718,11,'2024-05-19','2025-06-19'
719,'ART90500','SC3981',719,68,'2024-10-23','2025-04-14'
720,'ART74273','SC5993',720,49,'2024-06-24','2025-05-27'
721,'ART17888','SC8691',721,68,'2024-10-26','2025-05-06'
722,'ART90346','SC6496',722,40,'2025-01-02','2025-10-11'
723,'ART80971','SC9502',723,35,'2024-04-29','2025-10-06'
724,'ART23310','SC2340',724,86,'2024-09-16','2025-12-06'
725,'ART48666','SC7212',725,86,'2024-03-12','2025-07-10'
726,'ART21088','SC1445',726,4,'2024-03-02','2025-05-11'
727,'ART77509','SC8113',727,76,'2025-02-15','2025-06-11'
728,'ART34980','SC9417',728,3,'2025-02-17','2025-10-29'
729,'ART95946','SC2810',729,56,'2024-03-06','2025-03-01'
730,'ART39018','SC6216',730,44,'2024-11-23','2025-11-26'
731,'ART69774','SC9552',731,74,'2024-07-28','2025-10-22'
732,'ART22315','SC9920',732,77,'2024-06-20','2025-06-08'
733,'ART13427','SC3682',733,80,'2024-11-02','2025-10-07'
734,'ART83272','SC8060',734,45,'2024-05-29','2025-11-22'
735,'ART65730','SC1269',735,51,'2024-07-23','2026-01-01'
736,'ART42147','SC3709',736,15,'2024-04-13','2026-01-31'
737,'ART23549','SC6815',737,37,'2024-04-25','2025-02-25'
738,'ART16462','SC8304',738,35,'2024-06-29','2025-11-04'
739,'ART67113','SC2906',739,5,'2024-10-24','2026-01-17'
740,'ART94859','SC6327',740,30,'2024-09-09','2025-04-09'
741,'ART34112','SC4377',741,96,'2024-07-11','2025-08-31'
742,'ART14989','SC7184',742,93,'2024-11-13','2026-02-19'
743,'ART17780','SC9207',743,62,'2025-01-13','2025-04-09'
744,'ART28621','SC7163',744,69,'2025-01-27','2025-09-23'
745,'ART81768','SC5068',745,55,'2024-05-19','2025-08-10'
746,'ART87618','SC2641',746,10,'2024-09-01','2025-04-23'
747,'ART42851','SC3843',747,70,'2024-12-10','2025-02-27'
748,'ART69547','SC2741',748,43,'2024-12-31','2026-01-02'
749,'ART51717','SC4560',749,96,'2024-11-27','2025-07-10'
750,'ART22886','SC7253',750,14,'2024-12-23','2025-09-05'
751,'ART49302','SC8669',751,53,'2025-01-14','2025-06-18'
752,'ART72563','SC6047',752,41,'2024-03-09','2025-10-27'
753,'ART11915','SC1633',753,4,'2024-08-13','2025-05-18'
754,'ART57469','SC4759',754,7,'2024-08-10','2025-09-23'
755,'ART90399','SC7430',755,48,'2024-09-28','2025-12-19'
756,'ART43450','SC3926',756,29,'2024-07-26','2025-11-03'
757,'ART51448','SC6960',757,69,'2025-01-21','2025-08-04'
758,'ART92103','SC7204',758,12,'2024-08-29','2025-06-28'
759,'ART73159','SC3810',759,11,'2024-11-09','2025-05-22'
760,'ART75514','SC7986',760,46,'2024-05-05','2025-04-17'
761,'ART29208','SC4361',761,73,'2024-02-26','2025-04-06'
762,'ART71890','SC7245',762,54,'2024-04-18','2025-03-15'
763,'ART66615','SC9319',763,68,'2024-03-13','2025-06-22'
764,'ART65460','SC4594',764,5,'2024-12-21','2025-06-03'
765,'ART98712','SC3208',765,39,'2024-12-05','2025-11-01'
766,'ART66657','SC2007',766,82,'2024-10-07','2026-02-09'
767,'ART45951','SC5561',767,37,'2024-03-09','2025-09-20'
768,'ART20768','SC4117',768,19,'2024-03-15','2025-11-22'
769,'ART59524','SC2010',769,61,'2024-10-16','2025-04-15'
770,'ART84214','SC7124',770,37,'2024-12-31','2025-07-04'
771,'ART31921','SC3837',771,55,'2024-03-30','2025-06-07'
772,'ART46790','SC3663',772,94,'2025-01-23','2025-09-03'
773,'ART72241','SC1285',773,75,'2024-05-16','2025-06-03'
774,'ART57648','SC9083',774,19,'2024-12-02','2025-11-09'
775,'ART77503','SC4548',775,21,'2024-09-22','2025-03-19'
776,'ART42635','SC4937',776,18,'2024-09-08','2025-05-02'
777,'ART98088','SC2929',777,59,'2024-07-02','2025-05-04'
778,'ART94883','SC6787',778,2,'2024-12-29','2025-12-25'
779,'ART70417','SC1826',779,93,'2024-12-03','2025-12-27'
780,'ART84609','SC7282',780,3,'2024-03-04','2025-07-07'
781,'ART76346','SC1644',781,83,'2024-06-05','2025-07-27'
782,'ART34720','SC8297',782,57,'2024-03-12','2025-08-24'
783,'ART46547','SC3585',783,16,'2024-08-29','2026-02-10'
784,'ART61364','SC4481',784,82,'2024-05-19','2025-03-12'
785,'ART34932','SC1955',785,69,'2024-12-21','2025-04-12'
786,'ART96228','SC6056',786,12,'2024-12-12','2026-01-15'
787,'ART86470','SC7851',787,81,'2024-05-27','2025-10-26'
788,'ART76871','SC1862',788,45,'2024-05-23','2025-09-10'
789,'ART24485','SC7740',789,4,'2024-11-11','2025-12-26'
790,'ART49449','SC7390',790,99,'2024-09-26','2026-01-02'
791,'ART81383','SC4610',791,64,'2024-05-17','2025-06-26'
792,'ART44723','SC5076',792,76,'2025-01-22','2025-05-06'
793,'ART49026','SC6517',793,2,'2024-07-07','2025-09-25'
794,'ART66541','SC7072',794,16,'2024-12-22','2025-09-02'
795,'ART77907','SC1127',795,54,'2024-08-29','2025-09-03'
796,'ART59475','SC8196',796,27,'2024-11-24','2026-01-05'
797,'ART16498','SC4417',797,46,'2024-12-18','2025-10-30'
798,'ART98227','SC2155',798,56,'2024-04-29','2025-11-27'
799,'ART36393','SC8186',799,56,'2025-02-10','2026-01-31'
800,'ART87020','SC1598',800,78,'2024-03-11','2025-11-09'
801,'ART30034','SC5106',801,74,'2025-02-09','2025-03-24'
802,'ART75348','SC7373',802,80,'2024-11-17','2026-01-01'
803,'ART58270','SC2310',803,86,'2024-09-15','2025-04-28'
804,'ART39902','SC1692',804,41,'2024-06-15','2025-08-08'
805,'ART14031','SC7387',805,43,'2024-06-09','2025-05-19'
806,'ART18290','SC1242',806,13,'2024-04-30','2025-03-29'
807,'ART95167','SC6207',807,13,'2024-10-29','2026-01-23'
808,'ART44203','SC4169',808,6,'2024-09-30','2025-12-07'
809,'ART31890','SC6996',809,82,'2025-01-22','2025-05-15'
810,'ART87754','SC9088',810,91,'2025-01-21','2025-03-15'
811,'ART22321','SC7862',811,49,'2024-12-23','2025-10-06'
812,'ART25763','SC3921',812,76,'2024-04-03','2026-02-06'
813,'ART32170','SC7335',813,33,'2024-11-27','2025-07-07'
814,'ART84986','SC6354',814,44,'2025-02-11','2025-07-15'
815,'ART46023','SC6408',815,16,'2024-09-30','2025-12-12'
816,'ART73708','SC2865',816,80,'2024-11-21','2025-08-17'
817,'ART85630','SC9847',817,78,'2024-07-14','2025-11-22'
818,'ART36966','SC4466',818,35,'2024-05-03','2025-06-12'
819,'ART33251','SC1060',819,15,'2024-10-30','2025-10-05'
820,'ART98440','SC8159',820,77,'2024-11-28','2025-12-29'
821,'ART50102','SC5582',821,50,'2024-04-23','2026-01-12'
822,'ART48520','SC6270',822,14,'2024-10-11','2025-12-08'
823,'ART99097','SC6349',823,74,'2024-10-23','2025-05-10'
824,'ART49705','SC1125',824,35,'2024-06-05','2025-07-27'
825,'ART68080','SC8433',825,93,'2024-10-30','2025-08-01'
826,'ART56318','SC8755',826,4,'2024-09-16','2025-10-27'
827,'ART57908','SC9505',827,5,'2025-02-08','2025-07-04'
828,'ART76099','SC8255',828,94,'2024-11-04','2026-02-10'
829,'ART54444','SC3788',829,70,'2024-06-03','2025-08-15'
830,'ART97344','SC7012',830,71,'2024-10-03','2025-10-03'
831,'ART88991','SC2349',831,83,'2024-07-08','2025-11-02'
832,'ART47743','SC4274',832,98,'2025-01-10','2025-04-17'
833,'ART14074','SC8108',833,14,'2024-06-21','2025-02-23'
834,'ART90207','SC3721',834,96,'2024-08-15','2025-04-01'
835,'ART68517','SC1201',835,7,'2024-05-24','2025-08-23'
836,'ART57930','SC7918',836,19,'2024-08-27','2025-11-30'
837,'ART76770','SC7337',837,83,'2024-07-23','2025-10-15'
838,'ART43584','SC2240',838,83,'2024-11-08','2025-09-03'
839,'ART88102','SC8791',839,86,'2024-03-13','2025-10-06'
840,'ART97113','SC5699',840,72,'2024-03-25','2025-07-18'
841,'ART55351','SC3243',841,23,'2024-11-24','2025-10-24'
842,'ART38024','SC5455',842,63,'2024-05-10','2025-11-10'
843,'ART12569','SC4075',843,57,'2024-10-23','2025-02-26'
844,'ART40919','SC9848',844,52,'2024-10-23','2025-04-14'
845,'ART48705','SC2117',845,69,'2024-05-27','2025-06-14'
846,'ART67296','SC9214',846,18,'2025-02-18','2025-04-11'
847,'ART52555','SC8840',847,33,'2024-12-15','2025-10-11'
848,'ART62527','SC3692',848,42,'2024-03-24','2025-10-15'
849,'ART48011','SC5489',849,82,'2024-07-10','2026-02-01'
850,'ART94879','SC8344',850,17,'2024-05-26','2025-11-16'
851,'ART91888','SC2916',851,89,'2024-06-03','2026-02-18'
852,'ART77072','SC6334',852,51,'2025-02-10','2025-05-17'
853,'ART88585','SC5695',853,100,'2024-11-05','2025-04-23'
854,'ART36596','SC9138',854,79,'2024-08-17','2025-03-17'
855,'ART33026','SC5089',855,1,'2025-02-09','2025-12-06'
856,'ART55483','SC2465',856,37,'2024-07-14','2026-01-27'
857,'ART77974','SC4508',857,19,'2025-01-22','2026-01-12'
858,'ART12761','SC9728',858,82,'2024-03-14','2025-08-15'
859,'ART51031','SC9746',859,92,'2024-10-11','2025-04-28'
860,'ART96563','SC9824',860,10,'2024-09-16','2025-06-27'
861,'ART27457','SC8363',861,55,'2024-12-01','2025-05-27'
862,'ART19120','SC7511',862,24,'2024-04-07','2026-01-06'
863,'ART35063','SC8121',863,22,'2024-09-26','2025-06-04'
864,'ART83105','SC4681',864,38,'2024-08-21','2025-05-22'
865,'ART20837','SC5767',865,96,'2024-10-23','2025-10-22'
866,'ART29144','SC5923',866,83,'2024-07-13','2026-02-17'
867,'ART33184','SC2651',867,89,'2024-07-14','2025-11-01'
868,'ART87673','SC3287',868,35,'2024-10-22','2025-12-24'
869,'ART20952','SC6844',869,69,'2024-12-09','2025-08-14'
870,'ART95841','SC7729',870,76,'2024-11-24','2025-11-14'
871,'ART45564','SC9834',871,35,'2025-01-20','2026-02-14'
872,'ART51243','SC4789',872,40,'2024-03-12','2025-03-29'
873,'ART76884','SC5470',873,38,'2024-09-18','2025-09-07'
874,'ART19502','SC2150',874,77,'2024-07-02','2025-02-22'
875,'ART39200','SC7425',875,89,'2024-06-10','2025-12-12'
876,'ART54672','SC4329',876,26,'2024-06-22','2025-02-26'
877,'ART88577','SC5811',877,20,'2024-08-25','2025-08-29'
878,'ART19556','SC8997',878,56,'2024-02-25','2025-09-23'
879,'ART84852','SC5323',879,85,'2024-05-07','2025-08-17'
880,'ART30736','SC8578',880,80,'2024-09-12','2025-11-25'
881,'ART36834','SC4101',881,20,'2024-11-04','2025-05-19'
882,'ART25431','SC1870',882,32,'2024-12-07','2025-05-24'
883,'ART56814','SC8841',883,70,'2024-05-30','2025-06-07'
884,'ART68570','SC9040',884,95,'2024-11-01','2025-10-31'
885,'ART16025','SC1271',885,6,'2024-11-14','2025-09-25'
886,'ART52472','SC8923',886,84,'2024-10-03','2025-12-21'
887,'ART46791','SC6156',887,66,'2025-01-06','2025-11-28'
888,'ART93520','SC4663',888,61,'2024-07-31','2025-05-27'
889,'ART99903','SC1038',889,75,'2024-03-27','2026-01-27'
890,'ART26051','SC3390',890,80,'2024-03-29','2025-06-19'
891,'ART21779','SC5293',891,18,'2024-03-02','2025-09-14'
892,'ART38797','SC5249',892,75,'2025-02-11','2025-06-09'
893,'ART11061','SC6976',893,67,'2024-10-26','2025-04-10'
894,'ART98932','SC6800',894,2,'2024-10-19','2025-12-25'
895,'ART49022','SC6080',895,52,'2024-05-31','2025-04-06'
896,'ART48284','SC1251',896,83,'2024-09-23','2025-11-09'
897,'ART63447','SC9528',897,26,'2024-03-19','2025-07-04'
898,'ART28065','SC5605',898,72,'2024-09-26','2025-03-20'
899,'ART53096','SC8045',899,18,'2024-06-21','2025-05-10'
900,'ART67195','SC4543',900,12,'2024-03-05','2025-04-27'
901,'ART71265','SC9482',901,63,'2024-09-04','2026-02-07'
902,'ART48796','SC3443',902,83,'2024-03-20','2025-12-08'
903,'ART36963','SC2668',903,42,'2024-07-13','2025-11-01'
904,'ART50362','SC6726',904,92,'2024-08-14','2025-09-21'
905,'ART57791','SC4945',905,96,'2024-03-02','2025-03-12'
906,'ART70056','SC2450',906,94,'2024-07-06','2025-02-27'
907,'ART32927','SC3811',907,100,'2024-12-18','2025-12-28'
908,'ART23886','SC4416',908,51,'2024-06-16','2025-11-01'
909,'ART95284','SC7279',909,5,'2024-07-20','2025-10-16'
910,'ART55884','SC4208',910,44,'2024-11-28','2025-08-06'
911,'ART71037','SC3919',911,32,'2024-09-12','2025-12-08'
912,'ART11605','SC5208',912,62,'2024-08-07','2025-11-13'
913,'ART38084','SC7936',913,28,'2024-11-26','2026-01-19'
914,'ART90913','SC2506',914,6,'2024-09-03','2025-04-13'
915,'ART22677','SC4314',915,6,'2024-04-28','2025-11-26'
916,'ART74019','SC9233',916,98,'2024-12-08','2025-08-20'
917,'ART85566','SC5717',917,52,'2025-02-15','2025-10-28'
918,'ART96289','SC6182',918,77,'2024-06-25','2025-12-20'
919,'ART84918','SC6362',919,72,'2025-02-18','2026-02-01'
920,'ART19972','SC4557',920,24,'2024-08-21','2025-11-01'
921,'ART37743','SC3637',921,25,'2024-04-16','2025-09-21'
922,'ART97428','SC2843',922,52,'2024-03-28','2025-11-21'
923,'ART93993','SC4883',923,40,'2025-02-09','2025-02-22'
924,'ART19962','SC6351',924,100,'2024-09-07','2025-08-30'
925,'ART29701','SC7540',925,71,'2025-02-04','2025-05-28'
926,'ART38517','SC1305',926,5,'2024-11-11','2026-01-15'
927,'ART34748','SC4519',927,74,'2024-11-06','2026-02-17'
928,'ART73959','SC9209',928,25,'2024-08-20','2025-10-08'
929,'ART87960','SC6357',929,37,'2024-07-07','2025-06-18'
930,'ART77748','SC5734',930,81,'2025-01-27','2025-07-15'
931,'ART45762','SC9930',931,48,'2024-10-16','2025-07-31'
932,'ART32387','SC5721',932,69,'2024-03-10','2025-11-30'
933,'ART64798','SC4011',933,73,'2024-06-02','2025-08-14'
934,'ART57406','SC9810',934,71,'2024-09-25','2025-10-31'
935,'ART80652','SC1443',935,25,'2024-05-22','2025-11-14'
936,'ART93117','SC9541',936,52,'2024-10-05','2026-01-13'
937,'ART54295','SC3957',937,41,'2025-02-15','2025-07-12'
938,'ART39698','SC7420',938,27,'2024-12-03','2025-03-10'
939,'ART60882','SC4026',939,20,'2024-12-20','2026-02-03'
940,'ART36144','SC4162',940,21,'2025-02-18','2025-08-17'
941,'ART17501','SC1158',941,9,'2024-06-04','2025-04-14'
942,'ART57635','SC8947',942,94,'2024-04-10','2025-04-07'
943,'ART61392','SC6059',943,46,'2024-07-09','2025-05-15'
944,'ART92779','SC7377',944,62,'2024-07-28','2025-03-29'
945,'ART44024','SC4689',945,59,'2024-02-28','2025-11-09'
946,'ART35090','SC7754',946,61,'2024-12-15','2025-02-23'
947,'ART58491','SC7753',947,99,'2024-09-18','2025-12-29'
948,'ART72164','SC3546',948,4,'2025-02-05','2025-02-24'
949,'ART41569','SC2677',949,3,'2024-07-02','2025-04-09'
950,'ART30989','SC4810',950,85,'2024-11-14','2025-03-25'
951,'ART70622','SC8058',951,15,'2024-12-17','2025-09-24'
