1,'MM191823  ','2024-08-06 08:38:48.050','SC9857      ',21,0.85,53,2,1020.0
2,'MM153427  ','2025-02-07 03:00:17.050','SC7393      ',18,1.34,54,1,1013.4
3,'MM675303  ','2024-07-25 09:37:21.050','SC9391      ',21,1.75,47,1,1015.3
4,'MM393141  ','2024-07-08 01:48:13.050','SC3357      ',20,0.35,46,3,1004.9
5,'MM651913  ','2024-10-06 18:12:55.050','SC5309      ',21,0.69,52,2,1017.5
6,'MM225197  ','2025-01-08 00:54:32.051','SC3991      ',18,0.59,49,2,988.4
7,'MM542481  ','2024-06-17 18:28:31.051','SC2020      ',18,1.01,54,3,1014.7
8,'MM734505  ','2024-06-15 06:10:57.051','SC2414      ',20,0.15,46,2,1003.5
9,'MM193607  ','2024-06-02 05:14:15.051','SC6200      ',21,1.42,46,0,1006.1
10,'MM813116  ','2024-09-02 15:47:35.051','SC6998      ',19,1.29,54,3,982.3
11,'MM686474  ','2024-08-30 19:39:47.051','SC8355      ',19,1.72,47,3,1006.3
12,'MM477153  ','2025-01-23 20:00:10.051','SC3218      ',21,0.49,51,3,996.3
13,'MM338614  ','2025-02-12 09:44:57.051','SC3506      ',18,0.21,52,1,1006.1
14,'MM248775  ','2024-10-19 16:34:16.051','SC3079      ',18,0.99,49,1,1010.2
15,'MM615731  ','2025-01-26 11:17:50.051','SC8818      ',20,0.84,49,2,1015.0
16,'MM809308  ','2025-01-20 07:24:51.052','SC3545      ',19,0.92,51,2,1016.6
17,'MM827419  ','2024-05-30 06:22:30.052','SC4696      ',20,0.72,47,1,997.8
18,'MM516392  ','2024-04-02 00:57:24.052','SC7071      ',21,0.5,46,1,984.1
19,'MM244628  ','2024-08-02 01:35:46.052','SC1850      ',20,1.43,45,3,990.5
20,'MM877699  ','2024-09-06 16:27:54.052','SC4433      ',18,0.08,50,4,1016.0
21,'MM625828  ','2024-11-12 21:34:17.052','SC1893      ',18,1.18,50,4,1003.1
22,'MM610953  ','2024-05-26 09:52:48.052','SC9863      ',21,0.37,51,3,1007.9
23,'MM938886  ','2024-07-16 10:46:41.052','SC4299      ',20,1.91,47,1,1005.6
24,'MM618688  ','2024-11-22 19:11:19.052','SC6687      ',20,1.12,46,4,990.4
25,'MM348437  ','2024-12-27 03:34:49.052','SC5412      ',20,1.92,54,2,993.4
26,'MM765070  ','2024-08-31 16:30:11.052','SC9342      ',20,0.77,51,0,991.4
27,'MM559583  ','2024-08-15 02:39:49.052','SC7260      ',21,0.11,47,1,1019.1
28,'MM656862  ','2024-11-08 06:07:12.052','SC2684      ',21,1.82,52,2,1015.1
29,'MM809455  ','2025-01-21 03:03:41.052','SC5945      ',19,0.99,47,0,1007.3
30,'MM496136  ','2024-04-13 22:05:40.053','SC4761      ',18,0.94,46,3,1001.6
31,'MM677399  ','2025-01-18 13:59:32.053','SC9271      ',18,1.47,54,0,989.2
32,'MM116568  ','2025-01-03 09:08:14.053','SC8944      ',20,0.08,45,4,1011.6
33,'MM591475  ','2024-02-20 23:27:32.053','SC8624      ',18,0.23,51,4,988.7
34,'MM557515  ','2024-05-05 11:34:17.053','SC4871      ',19,0.51,46,3,1003.4
35,'MM339381  ','2024-09-13 23:43:47.053','SC6413      ',21,1.68,46,0,1013.4
36,'MM949909  ','2024-08-05 11:40:55.053','SC8654      ',21,0.37,52,1,1004.7
37,'MM981891  ','2024-10-28 10:53:05.053','SC7973      ',21,1.29,51,0,1017.6
38,'MM527406  ','2024-04-13 06:40:10.053','SC4879      ',19,0.07,51,0,1002.6
39,'MM623082  ','2024-07-01 11:26:14.053','SC4487      ',18,0.99,50,3,1011.5
40,'MM483113  ','2024-10-14 08:18:12.053','SC1906      ',20,1.69,53,0,1010.7
41,'MM671386  ','2024-07-07 14:05:44.053','SC7530      ',21,0.85,54,4,1001.4
42,'MM526350  ','2024-12-22 07:26:23.053','SC4920      ',18,1.46,49,2,999.0
43,'MM541667  ','2024-04-24 00:47:09.053','SC8266      ',20,0.52,52,3,988.6
44,'MM284525  ','2025-01-09 18:05:25.053','SC6336      ',20,1.88,52,0,996.4
45,'MM666937  ','2024-06-15 05:03:16.054','SC2048      ',18,0.6,48,1,1010.4
46,'MM666001  ','2024-03-12 17:10:36.054','SC2124      ',21,1.89,49,0,1013.7
47,'MM359731  ','2025-01-12 11:52:31.054','SC2696      ',18,1.99,54,0,1002.3
48,'MM119827  ','2024-12-29 07:09:55.054','SC3523      ',18,1.35,54,4,1005.4
49,'MM414451  ','2025-01-28 20:55:41.054','SC9478      ',21,1.83,54,0,1012.5
50,'MM809050  ','2024-06-24 05:28:45.054','SC9183      ',20,1.88,51,4,992.7
51,'MM936912  ','2024-06-11 20:05:05.054','SC8834      ',21,0.53,51,3,1007.1
52,'MM487933  ','2024-06-14 21:35:26.054','SC5901      ',18,0.97,54,3,988.5
53,'MM880823  ','2024-09-09 06:55:12.054','SC2185      ',18,0.87,53,4,999.5
54,'MM532461  ','2024-03-18 10:43:15.054','SC9797      ',20,0.98,45,0,1001.6
55,'MM808706  ','2024-06-18 07:39:58.054','SC5775      ',20,1.59,54,3,1013.7
56,'MM654857  ','2024-07-21 19:30:14.054','SC2127      ',18,1.32,54,3,1015.3
57,'MM831611  ','2024-03-16 04:32:32.054','SC2989      ',18,1.22,52,4,1011.5
58,'MM792944  ','2024-02-26 22:40:12.055','SC8994      ',21,1.78,53,4,996.7
59,'MM272572  ','2024-03-27 20:30:47.055','SC5706      ',18,0.65,46,0,1011.3
60,'MM569524  ','2024-06-03 14:12:36.055','SC5043      ',18,0.89,46,2,1006.8
61,'MM614495  ','2024-03-27 12:47:10.055','SC3219      ',21,0.34,46,0,1015.8
62,'MM505620  ','2024-11-27 06:37:58.055','SC1885      ',19,1.13,54,0,1012.6
63,'MM339161  ','2025-01-18 18:13:20.055','SC3005      ',20,1.44,54,3,1002.9
64,'MM605500  ','2024-06-08 17:46:18.055','SC8682      ',18,0.55,47,4,996.9
65,'MM549209  ','2024-12-16 11:05:04.055','SC2601      ',21,1.59,54,2,988.3
66,'MM322726  ','2024-08-20 10:49:35.055','SC9937      ',20,1.73,48,4,1017.2
67,'MM109105  ','2025-01-09 05:46:10.055','SC4467      ',20,1.77,49,4,989.7
68,'MM547574  ','2024-04-12 23:24:15.055','SC6656      ',20,1.94,48,4,997.2
69,'MM156553  ','2024-05-19 09:10:20.055','SC6504      ',20,1.55,47,1,1012.6
70,'MM646820  ','2025-01-03 18:07:33.055','SC2922      ',20,1.75,45,1,1016.1
71,'MM557758  ','2025-01-19 06:00:40.055','SC7811      ',18,0.88,46,2,989.6
72,'MM799073  ','2024-06-05 17:31:14.056','SC3475      ',21,0.69,49,3,997.5
73,'MM794470  ','2024-12-28 23:46:04.056','SC6062      ',21,0.7,49,4,989.8
74,'MM572464  ','2024-08-15 15:45:45.056','SC8359      ',20,1.71,45,0,999.5
75,'MM211041  ','2024-09-03 23:12:54.056','SC3065      ',19,0.2,52,3,984.0
76,'MM258931  ','2024-07-12 16:18:58.056','SC8486      ',20,1.31,46,0,1018.8
77,'MM550898  ','2024-03-08 07:13:59.056','SC1487      ',19,0.06,52,1,1017.2
78,'MM163668  ','2024-10-31 17:36:26.056','SC9777      ',19,1.58,53,2,1011.8
79,'MM205017  ','2024-12-05 06:53:17.056','SC8570      ',20,0.75,53,2,1010.0
80,'MM587241  ','2024-09-25 22:20:40.056','SC1782      ',20,0.44,45,4,992.3
81,'MM603317  ','2024-06-09 00:33:39.056','SC2296      ',20,0.93,51,1,1010.0
82,'MM662059  ','2024-08-21 21:23:09.056','SC9267      ',19,0.55,54,2,981.8
83,'MM651965  ','2024-12-17 02:42:35.056','SC3998      ',20,0.82,52,4,1005.1
84,'MM106594  ','2024-04-29 12:10:23.056','SC1253      ',18,0.78,47,1,982.2
85,'MM968670  ','2024-05-06 10:55:42.056','SC3082      ',18,0.85,45,2,997.9
86,'MM690770  ','2025-02-17 17:04:30.057','SC9086      ',18,1.48,49,3,993.7
87,'MM614686  ','2024-04-30 04:17:22.057','SC9647      ',20,1.06,46,0,994.5
88,'MM925779  ','2024-11-08 16:27:16.057','SC3066      ',21,1.36,50,1,996.9
89,'MM561411  ','2024-11-26 05:42:27.057','SC7411      ',20,1.96,53,1,1008.7
90,'MM744087  ','2024-09-17 22:52:45.057','SC4455      ',18,1.18,51,2,1009.6
91,'MM887810  ','2025-02-10 00:11:18.057','SC8883      ',19,0.23,45,1,1018.7
92,'MM137672  ','2024-10-30 09:17:47.057','SC5142      ',18,0.29,48,1,1013.3
93,'MM711787  ','2024-10-06 07:47:27.057','SC3200      ',21,1.66,47,2,1012.2
94,'MM290703  ','2025-01-17 12:27:45.057','SC9629      ',20,1.48,46,3,990.8
95,'MM743187  ','2024-07-26 16:44:31.057','SC6557      ',18,1.2,54,2,1012.4
96,'MM876527  ','2024-08-26 06:04:42.057','SC4283      ',18,0.33,46,0,983.5
97,'MM839054  ','2025-02-10 23:39:46.057','SC3749      ',19,0.03,51,2,982.3
98,'MM752377  ','2024-05-04 04:26:35.057','SC8688      ',19,1.71,50,1,1011.4
99,'MM248870  ','2025-01-01 04:44:39.057','SC1772      ',20,1.67,51,0,1007.2
100,'MM277925  ','2024-07-05 09:27:32.057','SC6849      ',19,0.2,50,2,987.3
101,'MM601463  ','2024-07-05 08:37:18.057','SC3251      ',18,1.07,47,4,989.2
102,'MM619530  ','2024-10-02 03:51:17.057','SC9975      ',19,1.16,50,4,990.3
103,'MM576113  ','2024-12-14 12:45:29.057','SC6578      ',21,0.36,50,2,1011.0
104,'MM599403  ','2024-12-01 01:31:08.057','SC3232      ',21,0.53,48,1,1017.8
105,'MM750901  ','2024-12-19 09:21:41.057','SC9690      ',20,1.9,49,4,998.5
106,'MM370065  ','2024-08-23 10:28:16.057','SC3533      ',20,1.83,48,3,994.1
107,'MM312618  ','2024-11-03 17:29:18.057','SC3992      ',20,1.28,50,3,1014.7
108,'MM232672  ','2024-07-07 08:46:47.057','SC7972      ',21,0.47,54,4,1004.1
109,'MM841163  ','2024-04-13 14:12:30.057','SC1402      ',21,0.97,47,3,1009.7
110,'MM573633  ','2025-02-05 00:47:22.057','SC3257      ',18,0.42,47,1,1019.1
111,'MM137387  ','2025-02-17 08:08:18.057','SC8311      ',21,0.02,54,0,1011.0
112,'MM821226  ','2024-12-25 13:09:31.057','SC6544      ',20,0.17,52,0,989.5
113,'MM637416  ','2024-03-17 06:41:40.057','SC6905      ',18,1.02,49,3,997.8
114,'MM574119  ','2024-12-08 14:51:58.057','SC3309      ',19,0.81,49,2,996.3
115,'MM272589  ','2024-07-26 14:50:09.057','SC8064      ',21,0.85,51,3,1001.5
116,'MM438129  ','2024-11-23 22:10:56.057','SC5342      ',21,0.91,52,1,1011.3
117,'MM167107  ','2025-02-02 13:26:42.057','SC4915      ',21,0.97,52,4,1017.2
118,'MM119692  ','2024-05-29 19:19:56.057','SC6149      ',20,1.08,51,2,1015.8
119,'MM543648  ','2024-06-19 03:28:02.057','SC1997      ',18,1.83,45,4,1019.0
120,'MM309785  ','2024-11-05 11:35:22.057','SC5831      ',19,0.67,49,0,980.2
121,'MM917460  ','2024-10-12 13:25:47.057','SC7056      ',18,1.9,52,2,983.6
122,'MM439528  ','2025-01-08 12:35:08.057','SC9707      ',19,0.51,54,4,1016.6
123,'MM156805  ','2025-02-04 11:54:25.057','SC6547      ',18,0.36,47,3,1007.9
124,'MM592691  ','2024-07-17 14:17:28.057','SC7051      ',21,0.54,47,3,996.2
125,'MM232226  ','2024-09-10 06:44:33.057','SC1135      ',21,0.39,48,0,1019.3
126,'MM818567  ','2024-07-23 15:13:01.057','SC8888      ',20,0.47,46,3,983.9
127,'MM754102  ','2024-06-26 03:09:36.057','SC3932      ',18,0.64,48,1,982.2
128,'MM731907  ','2024-06-06 23:34:27.057','SC6892      ',21,0.06,48,4,1018.6
129,'MM467511  ','2025-02-10 09:14:31.057','SC7832      ',20,0.73,49,0,1018.6
130,'MM661163  ','2024-11-01 12:12:01.057','SC9829      ',18,0.51,47,0,983.0
131,'MM182072  ','2024-04-15 17:01:01.057','SC4873      ',19,1.68,46,1,984.6
132,'MM975097  ','2024-10-19 00:27:03.057','SC2890      ',18,0.32,46,0,1001.2
133,'MM134592  ','2024-06-14 03:12:26.057','SC7437      ',21,0.94,53,3,1008.4
134,'MM989393  ','2024-07-18 15:30:28.057','SC6791      ',19,1.63,47,4,998.1
135,'MM332890  ','2024-06-05 08:49:30.057','SC5477      ',20,1.93,50,1,986.6
136,'MM626967  ','2024-08-21 07:22:28.057','SC8626      ',20,0.49,49,1,999.9
137,'MM295132  ','2024-11-07 05:19:55.057','SC9849      ',18,0.12,46,0,987.9
138,'MM221962  ','2024-07-05 07:40:20.057','SC3738      ',21,0.13,46,1,996.9
139,'MM923617  ','2024-12-05 22:41:34.057','SC1982      ',19,0.12,54,0,992.9
140,'MM423479  ','2025-01-30 00:08:01.057','SC6455      ',20,1.35,50,0,980.2
141,'MM196963  ','2024-09-04 06:22:32.057','SC2211      ',18,0.17,47,2,993.9
142,'MM975361  ','2024-03-27 21:02:52.057','SC2239      ',19,1.68,50,0,1012.7
143,'MM717346  ','2024-11-03 18:24:39.057','SC3677      ',18,1.0,49,4,992.0
144,'MM478978  ','2024-04-12 02:47:18.057','SC4561      ',19,0.43,49,0,1011.0
145,'MM405431  ','2024-11-15 03:48:49.057','SC5286      ',21,0.38,45,0,988.3
146,'MM479586  ','2024-03-10 03:59:37.057','SC9846      ',20,1.29,50,4,986.1
147,'MM388282  ','2024-09-08 16:55:22.057','SC8100      ',21,1.19,52,0,1013.1
148,'MM286906  ','2024-12-26 20:02:37.057','SC5013      ',19,1.22,49,2,993.8
149,'MM413684  ','2025-02-04 23:58:39.057','SC9877      ',21,1.07,51,2,1013.6
150,'MM396337  ','2024-10-08 03:38:33.057','SC4007      ',19,1.18,47,1,1009.7
151,'MM108852  ','2024-12-09 15:36:30.057','SC1490      ',21,1.82,47,2,1012.1
152,'MM298519  ','2024-03-05 22:06:51.057','SC7147      ',20,1.12,52,0,996.2
153,'MM242864  ','2025-01-01 14:12:51.057','SC4345      ',19,0.6,54,0,1012.0
154,'MM816860  ','2024-07-16 05:39:13.057','SC2912      ',18,0.16,51,0,1018.8
155,'MM701272  ','2024-07-17 14:06:22.057','SC6822      ',21,0.02,45,0,983.7
156,'MM499141  ','2024-10-04 13:38:30.057','SC2551      ',18,0.39,53,1,1007.9
157,'MM775882  ','2024-12-15 10:47:31.057','SC9343      ',19,1.58,45,2,997.2
158,'MM852643  ','2024-08-15 11:45:38.057','SC3328      ',18,1.88,47,2,1001.0
159,'MM815118  ','2024-10-24 05:43:10.057','SC9447      ',20,1.5,48,2,986.5
160,'MM237589  ','2024-04-16 05:40:56.057','SC3681      ',20,0.1,52,2,1005.8
161,'MM464481  ','2024-11-21 01:40:50.057','SC5133      ',21,1.76,54,3,994.3
162,'MM733089  ','2024-11-17 15:48:29.057','SC8831      ',19,0.29,49,2,1014.9
163,'MM828618  ','2024-11-11 05:19:33.057','SC6636      ',19,0.7,52,2,1012.8
164,'MM538230  ','2024-07-19 00:45:15.057','SC7908      ',18,0.27,54,1,1014.3
165,'MM740367  ','2024-04-09 21:14:34.057','SC4182      ',20,1.8,45,4,1011.4
166,'MM449721  ','2024-04-09 20:07:33.057','SC6640      ',19,0.58,54,3,998.3
167,'MM257723  ','2024-10-29 14:52:56.057','SC4600      ',19,1.43,50,3,984.3
168,'MM779106  ','2024-08-13 16:21:52.057','SC5887      ',18,0.72,53,1,1015.0
169,'MM334333  ','2024-10-22 03:18:18.057','SC7215      ',21,0.53,48,0,982.4
170,'MM688959  ','2024-06-17 07:15:39.057','SC8680      ',19,0.3,54,1,989.4
171,'MM957224  ','2025-01-26 18:34:14.057','SC1934      ',21,1.11,48,3,1009.6
172,'MM611484  ','2024-12-05 13:44:22.057','SC2764      ',21,0.78,48,0,1018.4
173,'MM564288  ','2024-12-28 04:59:41.057','SC2801      ',18,0.4,53,4,982.9
174,'MM600503  ','2024-08-08 16:54:57.057','SC9401      ',18,1.02,48,0,989.0
175,'MM196157  ','2024-05-31 12:02:41.057','SC5080      ',18,1.77,50,0,1018.2
176,'MM264402  ','2024-05-09 01:58:41.057','SC5348      ',18,1.58,51,1,999.9
177,'MM470877  ','2024-02-25 07:24:39.057','SC1183      ',18,0.83,54,1,997.4
178,'MM752059  ','2024-11-01 13:15:06.057','SC5347      ',20,0.75,50,1,988.5
179,'MM986210  ','2024-08-01 05:03:55.057','SC1015      ',18,0.59,47,3,999.9
180,'MM812237  ','2024-10-15 05:51:01.057','SC3855      ',21,1.06,46,4,1001.5
181,'MM411605  ','2024-06-24 19:24:32.057','SC5109      ',21,1.42,52,1,999.8
182,'MM421359  ','2024-05-17 15:19:44.057','SC9412      ',20,0.71,54,3,989.8
183,'MM415181  ','2024-05-19 14:56:09.057','SC4646      ',20,1.23,53,1,999.0
184,'MM948026  ','2024-08-06 17:19:26.057','SC3163      ',20,0.02,45,0,986.7
185,'MM406140  ','2024-06-24 22:50:41.057','SC2442      ',19,1.16,49,4,983.2
186,'MM328360  ','2024-02-22 22:26:01.057','SC4364      ',21,0.27,51,0,984.7
187,'MM730412  ','2024-10-25 15:22:35.057','SC5111      ',20,1.17,48,3,990.0
188,'MM111688  ','2024-09-16 06:07:28.057','SC2146      ',18,1.88,46,3,981.0
189,'MM741880  ','2024-12-17 01:57:30.057','SC1260      ',21,0.11,53,0,999.8
190,'MM599189  ','2024-10-21 05:43:44.057','SC5271      ',21,0.45,48,0,989.9
191,'MM813277  ','2024-09-24 11:11:21.057','SC7626      ',20,0.46,46,3,989.8
192,'MM765624  ','2024-03-20 21:04:43.057','SC8437      ',18,0.38,49,0,1013.9
193,'MM664497  ','2024-02-29 07:49:14.057','SC6870      ',18,1.33,54,3,1017.5
194,'MM440816  ','2024-06-08 10:31:32.057','SC1806      ',21,1.1,47,0,998.3
195,'MM224201  ','2024-05-15 10:58:09.057','SC8163      ',18,1.19,54,3,1004.5
196,'MM589845  ','2024-05-24 14:51:38.057','SC6387      ',19,0.43,54,1,988.8
197,'MM660316  ','2024-05-03 09:24:53.057','SC8527      ',20,1.37,53,4,1006.6
198,'MM588777  ','2024-05-01 04:58:18.057','SC9601      ',20,1.25,47,1,1000.3
199,'MM227802  ','2024-03-23 22:12:03.057','SC5195      ',20,0.01,45,1,1007.4
200,'MM872242  ','2024-12-07 04:30:02.057','SC6802      ',19,1.08,45,0,986.1
201,'MM521427  ','2024-04-08 06:56:01.057','SC8622      ',18,1.8,54,3,1017.0
202,'MM371189  ','2025-02-10 23:42:07.057','SC3059      ',21,1.66,45,1,980.8
203,'MM772809  ','2024-12-24 04:22:38.057','SC2419      ',18,1.92,53,2,993.3
204,'MM334779  ','2024-04-27 19:29:00.057','SC6969      ',18,1.07,49,3,1000.4
205,'MM856277  ','2024-06-24 15:27:06.057','SC9878      ',19,1.45,53,4,989.3
206,'MM824699  ','2024-08-07 01:35:05.057','SC7099      ',21,0.03,51,1,1019.2
207,'MM666876  ','2024-09-24 05:31:37.057','SC8886      ',18,1.5,45,3,1019.0
208,'MM970059  ','2024-06-21 09:02:29.057','SC9476      ',18,0.58,54,1,1003.0
209,'MM197297  ','2024-09-10 06:44:53.057','SC5896      ',20,1.49,54,1,989.9
210,'MM712825  ','2024-10-15 20:53:58.057','SC9775      ',18,1.44,47,2,1011.2
211,'MM209208  ','2024-08-05 15:59:39.057','SC8877      ',18,0.16,50,4,996.3
212,'MM736343  ','2024-09-15 09:30:15.057','SC7372      ',19,1.82,49,4,990.8
213,'MM528978  ','2024-06-12 04:41:21.057','SC9952      ',20,0.76,46,1,1016.2
214,'MM247681  ','2024-11-07 13:58:10.057','SC2608      ',21,1.56,53,0,986.4
215,'MM992267  ','2024-10-16 08:03:30.057','SC3821      ',21,1.49,52,0,1001.5
216,'MM386641  ','2024-03-10 23:44:21.057','SC9736      ',18,0.14,49,3,987.3
217,'MM334898  ','2024-05-19 14:11:20.057','SC3053      ',18,0.16,52,0,1018.6
218,'MM144026  ','2024-05-07 23:37:38.057','SC6887      ',21,0.49,47,1,993.1
219,'MM846298  ','2024-09-24 08:17:35.073','SC1539      ',18,1.9,47,4,1002.2
220,'MM894100  ','2024-05-29 07:39:38.073','SC6699      ',20,0.62,49,2,1018.3
221,'MM729712  ','2024-03-11 07:57:10.073','SC9594      ',18,0.07,52,1,985.1
222,'MM599724  ','2024-08-09 09:52:59.073','SC6715      ',20,1.04,46,4,1017.8
223,'MM242101  ','2024-06-04 20:07:44.073','SC2870      ',21,0.52,50,2,1011.2
224,'MM321428  ','2024-09-09 08:58:49.073','SC2856      ',21,0.04,51,1,990.5
225,'MM518940  ','2024-08-29 19:40:39.073','SC7780      ',20,0.7,50,0,1002.4
226,'MM304697  ','2024-11-11 18:44:10.073','SC2350      ',20,1.04,46,1,1006.2
227,'MM414687  ','2024-12-11 05:08:35.073','SC5833      ',20,0.41,51,4,1013.6
228,'MM553038  ','2024-09-22 07:10:52.073','SC9823      ',20,0.73,52,1,995.6
229,'MM113114  ','2024-03-27 12:27:54.073','SC6667      ',19,0.42,51,0,1014.3
230,'MM776300  ','2025-02-14 12:25:04.073','SC6917      ',18,1.56,54,2,1001.9
231,'MM316420  ','2024-03-24 08:24:32.073','SC4380      ',20,1.66,51,3,1005.0
232,'MM464163  ','2024-11-13 01:21:13.073','SC5166      ',21,1.75,50,4,986.4
233,'MM971488  ','2024-11-09 18:47:02.073','SC4211      ',19,0.77,53,4,989.9
234,'MM916254  ','2024-09-14 21:11:12.073','SC9045      ',18,1.28,53,2,1017.3
235,'MM520990  ','2025-01-09 09:01:02.073','SC5171      ',19,1.87,50,4,1003.3
236,'MM905714  ','2024-04-09 19:22:30.073','SC5947      ',21,0.93,45,0,1007.8
237,'MM844486  ','2024-08-16 01:30:15.073','SC4250      ',21,1.75,52,2,998.7
238,'MM136859  ','2024-03-08 17:18:06.073','SC5992      ',21,1.04,49,1,995.9
239,'MM384539  ','2025-02-14 03:05:54.073','SC2171      ',18,1.26,51,2,998.6
240,'MM604139  ','2025-01-07 06:05:40.073','SC6079      ',19,1.3,54,4,983.4
241,'MM573962  ','2024-07-31 00:37:40.073','SC7700      ',21,1.22,52,0,991.7
242,'MM390767  ','2025-01-25 20:05:38.073','SC8222      ',19,0.35,52,3,986.3
243,'MM820642  ','2024-08-29 07:56:08.073','SC7009      ',18,0.02,54,0,986.8
244,'MM581624  ','2024-12-25 20:20:47.073','SC9109      ',20,1.85,49,4,1016.9
245,'MM115238  ','2025-01-07 21:03:26.073','SC7514      ',18,1.88,45,4,991.9
246,'MM674305  ','2024-04-22 13:01:45.073','SC2882      ',19,0.75,45,4,996.4
247,'MM768247  ','2024-10-02 22:24:31.073','SC4713      ',21,1.0,53,2,993.9
248,'MM862909  ','2024-06-29 08:54:39.073','SC1814      ',20,1.68,54,3,1014.9
249,'MM866036  ','2024-08-07 20:35:34.073','SC5420      ',21,1.31,48,0,1004.3
250,'MM746455  ','2025-01-19 19:21:55.073','SC5334      ',19,1.9,52,1,1004.1
251,'MM575322  ','2025-01-20 20:37:13.073','SC1807      ',19,1.35,49,3,1018.5
252,'MM454357  ','2024-06-23 01:54:20.073','SC3016      ',20,1.71,49,3,995.3
253,'MM573696  ','2025-02-04 10:21:14.073','SC5659      ',18,1.19,51,4,1005.9
254,'MM770748  ','2024-12-16 08:20:16.073','SC7117      ',21,0.73,49,1,996.2
255,'MM688165  ','2024-10-03 11:25:24.073','SC7967      ',21,0.06,45,2,985.9
256,'MM636412  ','2024-10-08 22:28:25.073','SC4346      ',18,1.86,45,0,1019.3
257,'MM553996  ','2024-04-02 11:21:07.073','SC6516      ',19,1.95,50,0,986.1
258,'MM404074  ','2024-06-07 21:51:34.073','SC3891      ',19,0.23,54,3,992.4
259,'MM146138  ','2024-05-29 23:36:18.073','SC3967      ',20,0.17,53,3,984.5
260,'MM465375  ','2024-12-31 10:42:07.073','SC9432      ',18,1.96,45,0,999.6
261,'MM212307  ','2024-04-10 07:37:21.073','SC8728      ',20,1.82,50,3,993.9
262,'MM810922  ','2024-07-01 23:25:14.073','SC4119      ',20,1.31,49,1,1017.6
263,'MM200548  ','2024-03-15 14:35:43.073','SC1112      ',18,1.51,52,0,1000.6
264,'MM808806  ','2024-06-19 10:45:29.073','SC2636      ',20,1.73,46,2,999.2
265,'MM446972  ','2025-01-28 15:04:15.073','SC5329      ',21,1.59,45,2,1000.4
266,'MM290714  ','2024-07-21 21:18:26.073','SC7242      ',20,0.22,48,3,1009.2
267,'MM289704  ','2024-03-29 14:48:08.073','SC5045      ',18,0.35,49,3,993.0
268,'MM377957  ','2024-08-12 07:28:39.073','SC7155      ',21,0.46,48,1,996.5
269,'MM460009  ','2024-04-26 10:44:12.073','SC8598      ',19,0.34,52,3,991.9
270,'MM446747  ','2024-07-03 13:07:52.073','SC3403      ',21,0.56,49,0,1015.4
271,'MM294317  ','2024-09-25 08:40:12.073','SC8351      ',21,0.21,47,4,1018.3
272,'MM303433  ','2024-08-09 05:17:44.073','SC5852      ',19,1.5,54,2,1004.5
273,'MM584213  ','2025-01-13 08:38:19.073','SC7808      ',18,0.38,49,3,1004.8
274,'MM943696  ','2025-02-03 02:17:12.073','SC6258      ',19,0.44,50,2,1015.2
275,'MM610754  ','2024-05-24 22:08:47.073','SC6527      ',18,1.74,51,3,989.9
276,'MM984604  ','2024-05-23 20:57:10.073','SC8435      ',19,0.98,52,1,983.1
277,'MM994228  ','2024-02-22 07:49:05.073','SC1326      ',19,1.09,47,1,1019.7
278,'MM593725  ','2024-12-11 00:44:35.073','SC2683      ',19,0.55,50,3,983.3
279,'MM976220  ','2024-11-06 11:15:20.073','SC6537      ',20,0.22,49,4,1014.8
280,'MM248133  ','2024-08-05 05:20:54.073','SC7031      ',18,0.82,50,0,995.9
281,'MM484439  ','2024-11-12 14:29:39.073','SC7576      ',20,0.51,46,2,1007.0
282,'MM346768  ','2024-05-11 19:53:51.073','SC3881      ',19,0.75,49,2,1002.2
283,'MM454861  ','2024-07-27 13:34:10.073','SC6054      ',18,1.32,47,2,995.9
284,'MM823941  ','2024-05-11 04:10:46.073','SC1062      ',19,0.09,47,0,1017.3
285,'MM731617  ','2024-08-11 11:37:46.073','SC1226      ',18,1.44,53,4,1016.0
286,'MM675822  ','2024-12-30 14:12:12.073','SC7992      ',19,1.04,47,0,1004.4
287,'MM727152  ','2024-08-03 07:48:13.073','SC9745      ',21,0.68,50,2,1016.9
288,'MM785748  ','2024-11-12 10:03:15.073','SC9292      ',19,1.85,51,1,1005.6
289,'MM313987  ','2025-01-16 00:36:51.073','SC8132      ',18,0.89,50,0,983.7
290,'MM122462  ','2024-07-07 02:29:47.073','SC8995      ',21,1.35,52,2,996.9
291,'MM643438  ','2024-02-22 07:45:25.073','SC9791      ',21,0.85,49,2,1014.1
292,'MM396072  ','2024-07-16 06:42:52.073','SC4441      ',21,1.52,45,0,994.4
293,'MM590494  ','2024-09-19 21:13:33.073','SC6041      ',20,0.64,50,3,987.7
294,'MM160627  ','2024-06-09 07:32:05.073','SC1376      ',18,1.63,51,4,993.8
295,'MM230198  ','2024-06-25 16:36:27.073','SC4125      ',20,0.59,47,3,989.8
296,'MM253573  ','2024-05-16 14:45:45.073','SC5304      ',21,0.88,53,0,1005.7
297,'MM927166  ','2024-03-18 01:21:14.073','SC8774      ',21,0.28,46,1,1002.4
298,'MM973498  ','2024-04-02 05:41:48.073','SC9074      ',18,0.66,54,1,994.1
299,'MM137882  ','2024-06-05 16:32:57.073','SC3140      ',20,0.07,49,4,1003.1
300,'MM433119  ','2024-12-17 19:54:13.073','SC3320      ',20,0.95,51,2,991.7
301,'MM189321  ','2024-09-13 13:14:55.073','SC8483      ',21,0.98,51,3,1018.2
302,'MM961611  ','2025-02-15 17:02:40.073','SC6974      ',19,1.52,54,0,1010.5
303,'MM912263  ','2024-10-25 14:24:16.073','SC3217      ',19,1.72,51,1,1008.8
304,'MM255564  ','2025-01-11 07:09:43.073','SC5361      ',18,1.21,53,1,999.3
305,'MM571399  ','2024-12-04 08:24:38.073','SC3947      ',19,1.71,49,4,986.4
306,'MM561456  ','2025-01-23 00:30:23.073','SC5493      ',20,1.25,54,2,984.2
307,'MM435361  ','2024-11-10 13:55:44.073','SC3806      ',19,1.89,47,0,1008.9
308,'MM637668  ','2024-06-02 04:31:32.073','SC6987      ',18,1.15,49,2,1007.7
309,'MM899287  ','2025-02-07 22:18:32.073','SC7787      ',21,0.2,53,2,1010.2
310,'MM168737  ','2024-12-25 01:45:36.073','SC1837      ',20,0.09,45,0,1004.8
311,'MM218390  ','2024-04-15 20:57:39.073','SC3235      ',18,0.76,45,4,999.7
312,'MM499948  ','2024-04-01 03:50:33.073','SC6205      ',20,1.77,47,3,981.6
313,'MM406135  ','2024-12-12 07:07:27.073','SC4844      ',18,1.52,45,4,1005.5
314,'MM736254  ','2024-03-20 10:05:27.073','SC7570      ',18,0.04,49,4,1003.0
315,'MM161507  ','2025-01-06 12:33:01.073','SC7449      ',21,1.0,48,1,993.1
316,'MM432342  ','2024-08-24 00:28:26.073','SC5730      ',20,0.08,49,1,1002.1
317,'MM567210  ','2024-09-16 03:17:13.073','SC9414      ',19,1.44,51,0,997.3
318,'MM545154  ','2024-04-26 11:53:27.073','SC7506      ',18,1.18,54,2,990.8
319,'MM376340  ','2024-08-23 17:33:23.073','SC4212      ',19,0.53,52,2,1011.2
320,'MM764937  ','2024-03-04 15:58:25.073','SC4172      ',18,1.26,52,3,1014.0
321,'MM549966  ','2024-09-29 07:46:18.073','SC6432      ',21,0.41,53,1,995.8
322,'MM777210  ','2024-10-20 04:53:42.073','SC3807      ',20,0.6,50,1,983.8
323,'MM854406  ','2024-07-25 08:51:56.073','SC1214      ',21,0.24,45,2,995.7
324,'MM831246  ','2024-04-05 01:19:26.073','SC9450      ',19,1.22,46,3,985.9
325,'MM586634  ','2024-05-20 10:51:20.073','SC8164      ',18,1.01,51,0,1017.2
326,'MM911435  ','2024-06-21 17:27:32.073','SC4475      ',18,0.16,47,4,988.0
327,'MM873084  ','2024-11-27 07:57:01.073','SC5083      ',20,1.73,49,4,987.9
328,'MM247126  ','2024-10-02 22:14:11.073','SC3013      ',19,1.29,45,2,1009.8
329,'MM535410  ','2024-08-04 01:00:16.073','SC8298      ',18,0.56,52,3,1015.6
330,'MM733675  ','2025-01-29 19:43:28.073','SC5118      ',21,0.82,45,3,1011.6
331,'MM674685  ','2024-02-28 02:15:15.073','SC1603      ',19,1.64,47,1,1008.2
332,'MM121295  ','2024-06-06 14:25:53.073','SC3798      ',20,1.5,45,2,1008.3
333,'MM360027  ','2024-05-03 05:46:36.073','SC4680      ',19,0.56,53,2,992.1
334,'MM283461  ','2024-08-01 04:09:01.073','SC4069      ',19,0.56,51,2,995.9
335,'MM157902  ','2024-12-28 21:39:29.073','SC8002      ',18,1.75,50,4,1010.0
336,'MM395889  ','2025-02-11 07:41:09.073','SC1077      ',19,1.24,45,0,1002.6
337,'MM413453  ','2024-06-25 00:48:45.073','SC5090      ',21,0.24,47,1,1001.2
338,'MM492496  ','2024-03-16 14:48:17.073','SC5432      ',21,1.44,54,4,1005.7
339,'MM338489  ','2025-02-18 14:30:45.073','SC5113      ',18,1.43,50,4,988.0
340,'MM260844  ','2025-02-01 15:01:04.073','SC8555      ',19,0.03,45,1,998.1
341,'MM591638  ','2024-06-21 07:58:55.073','SC2622      ',20,1.89,51,4,1019.6
342,'MM698078  ','2024-12-22 00:35:37.073','SC2999      ',20,0.6,53,1,990.6
343,'MM923889  ','2024-09-17 02:24:44.073','SC4229      ',20,1.64,48,1,998.8
344,'MM644075  ','2024-08-12 17:23:50.073','SC4860      ',18,1.52,49,4,992.3
345,'MM328021  ','2025-01-21 10:34:27.073','SC5469      ',18,0.61,53,0,1006.1
346,'MM546653  ','2024-12-15 08:20:10.073','SC2924      ',19,0.25,52,4,1010.4
347,'MM456909  ','2024-12-02 19:57:37.073','SC9054      ',21,0.87,47,3,991.5
348,'MM293267  ','2024-03-23 13:02:22.073','SC6436      ',18,0.02,47,3,1009.8
349,'MM139639  ','2025-01-20 20:27:44.073','SC4002      ',19,1.08,52,1,1002.4
350,'MM408077  ','2024-09-28 08:10:01.073','SC3576      ',21,1.79,52,2,1010.8
351,'MM116316  ','2024-04-12 05:51:13.073','SC8894      ',21,0.85,45,1,1005.7
352,'MM963342  ','2025-02-19 02:42:13.073','SC7673      ',20,0.02,45,4,990.2
353,'MM597236  ','2024-03-26 23:58:39.073','SC5052      ',18,1.81,50,3,988.0
354,'MM249268  ','2024-05-13 15:03:19.073','SC8142      ',19,1.79,54,3,999.2
355,'MM754606  ','2025-02-02 19:24:14.083','SC1672      ',20,0.52,49,4,1004.4
356,'MM822763  ','2024-06-26 19:37:19.083','SC2561      ',19,0.03,48,1,1000.8
357,'MM534863  ','2024-11-16 02:55:11.083','SC2505      ',20,1.24,50,2,1010.2
358,'MM108075  ','2024-03-14 19:25:53.083','SC3792      ',18,1.09,50,4,1012.8
359,'MM567536  ','2024-06-14 18:34:38.083','SC4658      ',19,0.61,53,3,987.9
360,'MM603492  ','2024-11-15 20:43:02.083','SC7922      ',18,1.43,48,0,1013.4
361,'MM152115  ','2024-11-23 07:23:28.084','SC6300      ',21,0.26,53,4,990.3
362,'MM577193  ','2024-11-07 11:30:23.084','SC4370      ',18,1.57,49,2,1017.0
363,'MM494568  ','2024-10-27 23:58:44.084','SC4330      ',18,0.69,54,0,988.3
364,'MM593493  ','2025-02-14 00:10:01.084','SC2867      ',21,1.9,49,4,1007.4
365,'MM216013  ','2024-03-01 22:40:26.084','SC4308      ',18,2.0,50,2,1002.6
366,'MM898017  ','2024-08-05 07:53:45.084','SC9279      ',18,1.84,45,3,996.7
367,'MM925030  ','2025-02-06 20:07:30.084','SC3060      ',19,0.68,49,0,995.6
368,'MM803227  ','2024-08-12 16:14:01.084','SC5025      ',21,0.47,46,3,1007.0
369,'MM585248  ','2024-07-27 03:43:35.084','SC7452      ',20,1.75,46,2,1005.0
370,'MM161477  ','2024-12-05 19:48:41.084','SC9655      ',18,1.68,54,3,983.1
371,'MM293911  ','2024-08-16 12:51:05.084','SC1498      ',18,0.7,52,0,1011.3
372,'MM765151  ','2024-10-28 06:48:53.084','SC7672      ',20,1.62,45,4,998.8
373,'MM660369  ','2024-08-07 13:47:26.084','SC4256      ',18,1.79,54,2,983.7
374,'MM280491  ','2024-07-13 02:52:04.084','SC4057      ',21,1.17,51,4,986.7
375,'MM334424  ','2024-12-24 08:43:59.085','SC7968      ',19,1.95,53,2,1005.0
376,'MM465369  ','2024-05-21 18:11:57.085','SC4322      ',19,0.15,54,0,987.5
377,'MM382415  ','2024-10-29 21:56:08.085','SC2065      ',21,0.67,52,0,993.1
378,'MM264102  ','2024-03-21 11:24:26.085','SC8751      ',19,1.44,49,4,1015.0
379,'MM481953  ','2024-07-04 02:11:45.085','SC5708      ',19,0.55,49,1,997.0
380,'MM476288  ','2024-12-09 11:08:22.085','SC1592      ',20,1.68,46,3,989.4
381,'MM611000  ','2024-12-27 10:51:51.085','SC3147      ',21,0.75,48,1,981.7
382,'MM239358  ','2024-05-23 23:17:46.085','SC7302      ',19,0.03,49,0,980.9
383,'MM404220  ','2025-02-13 08:30:23.085','SC2101      ',19,0.97,53,4,983.4
384,'MM483502  ','2024-08-22 00:23:01.085','SC1652      ',19,0.49,51,3,1001.2
385,'MM554399  ','2024-07-12 11:12:17.085','SC7431      ',19,0.25,47,0,1008.9
386,'MM129424  ','2024-04-22 23:20:01.085','SC7426      ',19,1.71,48,4,991.4
387,'MM499870  ','2024-06-03 08:14:08.085','SC8459      ',18,0.29,52,0,1019.2
388,'MM800148  ','2024-05-07 19:13:50.085','SC6965      ',18,0.73,50,1,997.0
389,'MM451718  ','2024-09-17 03:14:55.085','SC8306      ',19,0.79,50,3,1005.0
390,'MM212298  ','2024-12-20 11:33:13.085','SC9390      ',20,1.25,47,3,991.2
391,'MM339022  ','2024-07-20 05:16:03.085','SC6835      ',18,1.67,54,0,983.4
392,'MM434362  ','2024-03-13 08:04:42.085','SC8385      ',20,1.63,51,3,984.8
393,'MM290122  ','2024-11-09 16:40:14.085','SC5063      ',20,1.86,54,1,993.5
394,'MM705366  ','2024-06-25 03:28:31.085','SC8712      ',20,0.31,51,3,1018.7
395,'MM438554  ','2024-03-18 05:39:11.085','SC9141      ',20,1.89,54,2,991.5
396,'MM951595  ','2024-06-07 03:15:26.086','SC1776      ',20,0.99,47,0,997.4
397,'MM557552  ','2025-01-18 04:38:07.086','SC1802      ',21,0.77,48,1,995.9
398,'MM495134  ','2024-07-16 23:31:47.086','SC9322      ',21,1.17,47,3,989.7
399,'MM301044  ','2025-02-04 21:58:45.086','SC8733      ',21,1.46,49,0,999.0
400,'MM454737  ','2024-08-24 10:45:03.086','SC3873      ',21,0.22,47,0,983.4
401,'MM299827  ','2025-02-16 15:49:05.086','SC6073      ',19,0.84,50,4,1011.7
402,'MM318120  ','2025-01-08 17:08:50.086','SC4633      ',19,1.5,53,0,986.0
403,'MM908756  ','2024-05-16 12:42:32.086','SC4943      ',20,0.23,50,4,1007.6
404,'MM772542  ','2024-11-12 22:00:06.086','SC2284      ',21,1.33,47,0,1014.7
405,'MM154928  ','2024-07-09 01:56:21.086','SC8047      ',20,0.06,52,0,1010.5
406,'MM825441  ','2024-03-31 10:14:49.086','SC2083      ',20,1.02,49,4,1004.9
407,'MM359210  ','2024-10-31 10:12:59.086','SC3100      ',21,0.74,48,0,1010.4
408,'MM447577  ','2024-06-09 04:47:25.086','SC7271      ',19,0.64,50,0,1009.3
409,'MM169417  ','2024-04-04 19:33:31.086','SC7604      ',20,1.89,45,3,992.0
410,'MM860823  ','2024-05-22 05:24:27.087','SC4702      ',19,1.95,51,1,981.8
411,'MM316563  ','2024-10-15 10:51:00.087','SC4014      ',20,1.18,51,0,1005.2
412,'MM612177  ','2024-12-16 18:14:37.087','SC4376      ',21,1.33,50,2,1005.4
413,'MM324434  ','2024-11-26 01:42:40.087','SC4006      ',20,1.28,46,2,1012.2
414,'MM612338  ','2024-11-21 07:36:46.087','SC4617      ',18,0.29,51,0,1007.0
415,'MM970414  ','2024-03-08 11:31:58.087','SC9463      ',19,0.29,45,0,989.0
416,'MM231083  ','2024-06-23 05:26:46.087','SC3554      ',19,0.77,47,1,1014.4
417,'MM369332  ','2024-04-10 22:54:44.087','SC6456      ',21,1.39,46,1,999.1
418,'MM904117  ','2024-07-18 01:52:37.088','SC1778      ',19,1.93,48,0,999.9
419,'MM687741  ','2024-10-30 00:25:09.088','SC7505      ',19,1.79,50,0,983.0
420,'MM367905  ','2024-06-11 03:52:06.088','SC2848      ',20,0.1,52,1,996.9
421,'MM472114  ','2024-11-22 17:18:38.088','SC7617      ',18,1.71,49,1,989.8
422,'MM165326  ','2024-05-06 17:03:13.088','SC4032      ',19,0.79,51,3,995.5
423,'MM803656  ','2024-08-30 02:44:57.088','SC7987      ',21,1.78,48,1,992.5
424,'MM799634  ','2024-02-23 20:53:06.088','SC3114      ',21,1.82,52,0,989.6
425,'MM910997  ','2024-10-23 12:50:20.088','SC9093      ',20,0.42,49,4,998.8
426,'MM239619  ','2024-06-11 02:02:01.088','SC4827      ',18,1.61,49,1,983.5
427,'MM711321  ','2024-05-01 15:58:04.088','SC4885      ',19,0.83,48,4,985.9
428,'MM112832  ','2024-11-03 20:27:56.088','SC1292      ',20,1.89,45,1,1000.0
429,'MM604180  ','2024-07-16 11:49:00.088','SC6431      ',20,0.57,51,0,997.0
430,'MM462206  ','2024-03-25 07:05:50.088','SC4016      ',21,0.62,52,3,1006.2
431,'MM858006  ','2024-04-20 20:58:45.088','SC4166      ',21,1.83,49,3,989.1
432,'MM270106  ','2024-04-28 09:06:02.089','SC2116      ',21,1.56,50,1,1003.2
433,'MM496886  ','2024-10-31 11:55:37.089','SC6095      ',19,1.16,51,1,1006.9
434,'MM338285  ','2025-01-11 20:19:03.089','SC1007      ',19,0.45,52,2,996.7
435,'MM762192  ','2024-09-06 19:35:30.089','SC9753      ',20,0.07,51,0,1018.6
436,'MM380507  ','2024-06-11 00:35:26.089','SC5634      ',21,0.92,45,1,1006.4
437,'MM565899  ','2025-01-07 22:18:16.089','SC4615      ',18,0.17,46,3,983.6
438,'MM935160  ','2024-08-10 21:15:03.089','SC8477      ',21,0.31,50,2,1009.0
439,'MM189258  ','2024-08-08 04:08:01.089','SC5096      ',20,0.82,46,0,998.7
440,'MM977311  ','2025-01-31 07:30:36.089','SC6380      ',18,1.25,51,4,1000.3
441,'MM675640  ','2024-08-12 22:15:12.089','SC1043      ',21,1.43,54,2,1007.8
442,'MM629949  ','2024-10-22 04:49:34.089','SC7190      ',18,1.31,45,3,1008.5
443,'MM983205  ','2024-09-28 02:31:00.089','SC4153      ',18,0.01,48,1,997.7
444,'MM502113  ','2025-01-04 12:37:29.089','SC5322      ',21,0.34,46,2,1005.3
445,'MM605667  ','2024-09-10 08:59:50.090','SC3254      ',18,0.09,47,4,1014.7
446,'MM396939  ','2024-06-21 17:18:28.090','SC4199      ',21,0.47,48,0,981.2
447,'MM466940  ','2024-12-01 05:26:03.090','SC7246      ',19,0.05,46,3,981.8
448,'MM882668  ','2024-09-20 18:30:37.090','SC9545      ',21,1.41,52,2,990.8
449,'MM173716  ','2024-02-27 04:03:32.090','SC4446      ',20,0.49,47,0,1001.8
450,'MM381334  ','2024-09-10 09:21:42.090','SC1350      ',19,0.33,46,1,984.5
451,'MM637505  ','2024-05-19 01:22:57.090','SC8754      ',20,0.37,54,3,999.1
452,'MM322255  ','2024-03-27 16:41:01.090','SC9701      ',18,1.53,47,1,1009.3
453,'MM813151  ','2024-04-19 22:49:41.090','SC5689      ',18,0.97,52,1,1019.7
454,'MM242773  ','2025-01-19 17:00:21.090','SC8120      ',21,1.04,50,2,988.0
455,'MM825241  ','2024-04-13 00:42:20.090','SC3968      ',19,1.27,54,1,1017.9
456,'MM415897  ','2025-02-06 12:32:16.090','SC1224      ',21,1.49,51,3,1015.0
457,'MM781378  ','2025-02-18 08:03:05.090','SC8865      ',18,1.5,53,4,1012.9
458,'MM971597  ','2024-10-31 01:50:21.090','SC9125      ',20,0.59,50,1,993.5
459,'MM934170  ','2024-04-24 11:57:31.091','SC5943      ',19,0.01,46,2,1017.4
460,'MM670848  ','2024-04-10 00:20:48.091','SC4313      ',19,1.24,51,2,1017.2
461,'MM933692  ','2024-04-17 04:47:19.091','SC3505      ',18,1.39,48,NULL,1008.7
462,'MM222978  ','2024-10-17 05:51:23.091','SC6655      ',20,1.37,51,3,991.6
463,'MM903830  ','2024-12-09 23:10:16.091','SC5899      ',20,0.88,49,1,997.4
464,'MM200921  ','2024-12-14 14:52:27.091','SC7294      ',20,0.46,50,4,1003.4
465,'MM569997  ','2024-04-08 17:58:21.091','SC8960      ',19,0.9,49,1,1003.4
466,'MM272549  ','2024-07-18 04:26:45.091','SC2337      ',18,0.85,47,4,998.1
467,'MM557645  ','2024-07-07 18:44:30.091','SC9365      ',18,0.54,45,4,1011.9
468,'MM646354  ','2024-03-06 16:53:40.091','SC9464      ',18,0.78,54,0,997.3
469,'MM838642  ','2024-08-14 01:14:38.091','SC1999      ',20,1.68,45,1,997.7
470,'MM657800  ','2024-04-12 21:52:03.091','SC6418      ',19,1.27,49,1,993.8
471,'MM162541  ','2024-11-19 22:47:58.092','SC1600      ',20,1.89,53,3,1013.6
472,'MM800199  ','2025-01-22 19:08:09.092','SC1765      ',19,0.83,50,1,1011.0
473,'MM917869  ','2024-12-06 15:11:34.092','SC3389      ',18,0.86,46,2,1004.8
474,'MM272536  ','2024-07-17 11:10:17.092','SC6629      ',18,0.77,51,2,1019.6
475,'MM618773  ','2024-06-18 04:06:28.092','SC5448      ',20,1.38,52,0,1007.8
476,'MM785628  ','2024-05-09 18:21:23.092','SC2996      ',20,1.86,45,2,999.2
477,'MM189230  ','2024-06-27 08:28:13.092','SC9955      ',20,1.84,49,0,989.9
478,'MM223273  ','2025-02-03 05:44:30.092','SC9705      ',19,1.99,45,4,995.3
479,'MM311133  ','2024-08-08 16:28:35.092','SC3022      ',19,0.18,54,2,982.4
480,'MM699357  ','2024-09-10 07:24:36.092','SC7360      ',21,0.91,51,2,980.0
481,'MM576688  ','2024-10-04 01:37:42.092','SC1296      ',21,1.76,51,0,1018.5
482,'MM884413  ','2024-12-29 17:58:54.092','SC8154      ',19,1.79,51,1,1012.3
483,'MM997316  ','2024-10-10 09:03:00.092','SC1193      ',19,1.41,49,1,1015.6
484,'MM615391  ','2024-09-11 22:52:44.092','SC7687      ',18,0.25,52,4,994.0
485,'MM588965  ','2024-09-22 08:42:14.092','SC9285      ',20,0.71,48,4,989.6
486,'MM935113  ','2025-02-03 13:32:50.092','SC5302      ',21,1.36,49,1,983.3
487,'MM375201  ','2025-01-24 13:34:44.093','SC2049      ',21,0.54,47,1,992.4
488,'MM238523  ','2024-06-03 09:20:52.093','SC4592      ',19,0.44,45,1,1016.0
489,'MM404563  ','2024-06-08 07:07:33.093','SC1830      ',20,1.8,53,2,984.4
490,'MM209304  ','2024-06-30 19:04:24.093','SC9272      ',18,1.38,53,4,993.0
491,'MM519257  ','2024-06-29 12:29:24.093','SC8017      ',20,0.58,51,4,1010.2
492,'MM568864  ','2024-09-17 06:11:07.093','SC9415      ',18,0.44,45,2,983.1
493,'MM726794  ','2024-08-15 03:16:53.093','SC3590      ',18,0.28,53,2,985.6
494,'MM516087  ','2024-09-29 11:08:34.093','SC2945      ',18,1.49,47,1,986.7
495,'MM508391  ','2024-08-14 17:12:06.093','SC3577      ',21,1.28,46,3,995.0
496,'MM910969  ','2024-03-03 22:01:30.093','SC5516      ',20,0.92,51,3,1003.0
497,'MM995212  ','2025-02-09 21:27:30.093','SC9936      ',18,0.32,46,3,1013.5
498,'MM239175  ','2024-06-18 07:30:25.094','SC3778      ',18,0.01,52,0,998.4
499,'MM424020  ','2024-04-20 18:59:22.094','SC5882      ',20,0.47,51,4,998.1
500,'MM579308  ','2024-07-27 05:40:30.094','SC2553      ',20,0.18,47,4,999.1
501,'MM988360  ','2024-11-24 11:24:59.094','SC1353      ',18,0.14,53,3,993.9
502,'MM704479  ','2024-10-01 18:17:10.094','SC4448      ',20,1.97,46,5,986.6
503,'MM395021  ','2024-12-24 07:51:19.094','SC9310      ',18,0.64,51,0,985.5
504,'MM873391  ','2024-06-05 13:39:49.094','SC2157      ',19,0.35,53,1,991.7
505,'MM409582  ','2024-05-05 13:30:22.094','SC8087      ',19,1.26,50,4,1004.8
506,'MM456109  ','2024-03-20 16:04:14.094','SC7206      ',21,0.56,52,2,1006.2
507,'MM772277  ','2024-09-02 07:56:19.094','SC1546      ',19,1.49,54,4,998.5
508,'MM510687  ','2024-05-16 19:14:15.094','SC8548      ',20,0.03,47,0,984.2
509,'MM601508  ','2024-08-30 11:32:00.094','SC2134      ',21,1.26,52,4,994.0
510,'MM577332  ','2025-01-06 12:12:35.094','SC9816      ',21,0.07,52,1,1012.0
511,'MM435190  ','2024-03-05 20:01:40.094','SC2503      ',18,0.33,51,3,1000.9
512,'MM718419  ','2024-08-09 21:48:49.094','SC3401      ',18,0.83,50,3,989.8
513,'MM214068  ','2024-02-21 02:45:07.095','SC6873      ',20,1.63,45,1,994.5
514,'MM522645  ','2025-02-11 18:58:19.095','SC2783      ',21,0.88,52,2,1002.5
515,'MM123036  ','2024-03-08 19:16:17.095','SC9778      ',21,1.81,52,0,984.9
516,'MM124682  ','2024-07-14 23:47:38.095','SC3380      ',18,1.13,46,2,1007.2
517,'MM272475  ','2024-12-06 21:32:42.095','SC6719      ',21,1.29,45,4,1001.3
518,'MM530881  ','2024-06-01 14:41:16.095','SC8242      ',19,0.2,49,3,1008.8
519,'MM985192  ','2024-10-02 00:32:03.095','SC9841      ',19,0.89,45,3,990.1
520,'MM229821  ','2024-08-13 05:28:22.095','SC2053      ',20,0.84,51,3,1011.5
521,'MM783677  ','2025-01-11 15:33:32.095','SC7140      ',20,1.41,48,0,1017.0
522,'MM636919  ','2024-05-24 00:17:10.095','SC4542      ',19,1.16,45,1,1007.7
523,'MM870271  ','2024-09-10 06:23:02.095','SC3667      ',20,1.53,45,3,990.1
524,'MM399510  ','2024-09-16 12:35:24.095','SC7688      ',21,1.57,51,3,1002.9
525,'MM460345  ','2024-05-27 20:47:28.095','SC4192      ',19,1.78,48,4,1002.9
526,'MM960037  ','2024-08-15 08:03:40.096','SC2986      ',21,0.48,46,2,997.2
527,'MM601937  ','2024-06-02 10:25:39.096','SC8812      ',21,1.36,52,3,1009.7
528,'MM904854  ','2024-12-06 06:34:45.096','SC4627      ',18,1.08,48,2,1018.1
529,'MM975895  ','2024-05-20 19:38:46.096','SC2348      ',18,1.44,48,1,988.9
530,'MM819598  ','2024-09-02 06:33:52.096','SC9757      ',21,1.89,50,4,1008.9
531,'MM152127  ','2024-06-09 22:10:49.096','SC9992      ',21,1.39,49,3,989.0
532,'MM490428  ','2025-01-12 03:55:34.096','SC9449      ',21,1.06,46,4,1002.8
533,'MM831621  ','2024-11-25 21:07:18.096','SC2992      ',20,0.93,46,4,997.1
534,'MM306758  ','2024-06-20 05:50:10.096','SC5600      ',18,0.95,51,1,1015.1
535,'MM272824  ','2024-05-17 10:02:37.096','SC3477      ',21,0.72,47,1,993.6
536,'MM658853  ','2025-01-07 13:24:10.096','SC3253      ',18,0.81,54,3,1005.9
537,'MM574095  ','2024-06-08 10:29:36.096','SC7208      ',21,1.95,54,1,985.5
538,'MM171403  ','2024-09-26 03:05:43.096','SC1286      ',20,0.35,45,1,993.2
539,'MM431590  ','2024-08-02 04:48:38.097','SC7018      ',18,0.88,45,3,994.5
540,'MM349696  ','2024-07-20 05:10:41.097','SC9454      ',18,0.23,46,1,1010.8
541,'MM347186  ','2024-10-19 20:22:18.097','SC3352      ',21,0.96,50,1,995.0
542,'MM464605  ','2024-11-30 06:23:24.097','SC6834      ',21,0.3,51,1,990.1
543,'MM261987  ','2024-06-18 01:22:53.097','SC9400      ',20,0.73,53,4,987.5
544,'MM708230  ','2024-12-10 17:28:21.097','SC7394      ',18,0.65,53,4,993.5
545,'MM871270  ','2024-07-30 17:50:29.097','SC3438      ',18,1.16,47,3,1016.9
546,'MM912253  ','2024-10-13 07:55:47.097','SC5115      ',20,0.31,47,2,984.7
547,'MM701935  ','2024-06-09 11:26:19.097','SC1823      ',19,0.29,50,1,1005.8
548,'MM896980  ','2024-02-27 12:22:16.097','SC8173      ',19,0.17,54,3,1012.9
549,'MM525696  ','2024-09-08 09:46:04.097','SC1232      ',21,0.21,50,4,1014.7
550,'MM144091  ','2024-03-07 14:13:15.097','SC4311      ',21,0.98,53,1,996.9
551,'MM967704  ','2024-10-29 19:36:13.098','SC1006      ',18,1.8,54,3,1018.2
552,'MM711290  ','2024-09-01 20:30:51.098','SC8513      ',20,1.6,49,3,994.5
553,'MM418530  ','2024-03-18 18:08:11.098','SC1898      ',20,1.52,47,4,1000.0
554,'MM863155  ','2024-08-16 06:36:19.098','SC6481      ',20,1.07,46,2,1004.2
555,'MM745429  ','2024-11-04 21:27:13.098','SC4922      ',19,0.41,49,2,1018.4
556,'MM460181  ','2024-02-22 09:05:50.098','SC1736      ',21,1.08,51,3,991.4
557,'MM186210  ','2024-08-25 01:16:50.098','SC3377      ',21,0.51,47,0,995.9
558,'MM569245  ','2024-11-01 20:10:22.098','SC6078      ',18,1.91,46,3,1006.3
559,'MM716261  ','2025-02-08 10:25:31.098','SC3638      ',19,0.34,51,2,981.2
560,'MM702975  ','2024-06-14 12:16:35.098','SC6604      ',21,1.59,52,3,985.9
561,'MM159665  ','2024-12-13 18:49:00.098','SC3212      ',18,0.66,45,2,999.2
562,'MM500649  ','2024-07-26 16:36:36.098','SC8810      ',18,0.46,53,3,997.7
563,'MM915642  ','2024-09-28 21:26:32.098','SC2170      ',18,1.96,50,0,1007.2
564,'MM161960  ','2024-09-25 03:48:13.098','SC1491      ',21,0.49,45,2,1017.0
565,'MM381310  ','2024-03-14 11:23:29.099','SC5425      ',18,1.21,51,3,1000.9
566,'MM785113  ','2024-04-03 05:14:46.099','SC6230      ',21,0.99,50,1,1015.3
567,'MM230558  ','2024-08-10 20:05:27.099','SC1901      ',18,1.74,54,4,1010.8
568,'MM504836  ','2025-01-21 07:57:51.099','SC9977      ',18,1.74,49,3,985.0
569,'MM267163  ','2024-04-01 17:56:57.099','SC6993      ',19,1.38,50,1,1002.8
570,'MM693566  ','2024-03-01 11:15:49.099','SC8411      ',20,1.04,52,0,1019.7
571,'MM100628  ','2024-12-20 02:13:10.099','SC5735      ',18,0.31,54,0,1003.5
572,'MM418849  ','2024-04-02 21:14:21.099','SC6574      ',21,1.99,51,4,982.6
573,'MM835024  ','2024-05-03 10:47:05.099','SC2458      ',18,1.81,52,1,982.0
574,'MM610142  ','2024-12-28 16:31:13.099','SC7500      ',19,0.36,52,3,985.7
575,'MM772527  ','2024-08-28 13:05:27.099','SC2468      ',19,0.73,52,1,1016.8
576,'MM597717  ','2024-11-11 07:58:13.099','SC6605      ',20,1.25,49,4,1013.1
577,'MM141782  ','2025-02-14 09:09:33.100','SC8508      ',18,1.66,48,3,1013.8
578,'MM393542  ','2025-01-23 00:24:55.100','SC8887      ',20,0.54,46,4,993.5
579,'MM226926  ','2024-12-22 08:01:19.100','SC7085      ',20,1.67,51,4,991.1
580,'MM953878  ','2025-01-22 13:51:04.100','SC9283      ',20,1.85,48,0,984.0
581,'MM606748  ','2024-07-01 03:51:18.100','SC3699      ',20,1.76,48,4,990.0
582,'MM528266  ','2024-04-12 22:27:16.100','SC1164      ',18,1.53,45,4,993.5
583,'MM555821  ','2025-02-17 12:17:57.100','SC6561      ',20,0.7,49,1,984.9
584,'MM931661  ','2024-10-15 15:24:28.100','SC7739      ',19,0.64,47,1,1017.2
585,'MM181295  ','2024-10-15 17:48:24.100','SC1931      ',18,0.18,51,2,1005.3
586,'MM891304  ','2025-01-16 14:53:14.100','SC2366      ',20,0.21,48,3,1015.3
587,'MM572745  ','2024-09-02 17:41:41.100','SC1957      ',18,1.15,54,4,985.3
588,'MM995201  ','2024-06-15 21:29:45.100','SC1555      ',21,1.63,47,4,1002.9
589,'MM240002  ','2024-06-29 05:51:01.100','SC2955      ',18,0.24,46,4,1004.4
590,'MM993026  ','2024-09-20 11:42:44.100','SC2064      ',20,0.02,46,0,1008.1
591,'MM815644  ','2024-12-08 13:16:24.100','SC2135      ',20,0.5,45,2,1015.3
592,'MM376039  ','2024-11-02 14:00:04.100','SC7600      ',19,0.34,45,3,1004.3
593,'MM252118  ','2024-07-19 06:02:23.100','SC3290      ',18,0.03,51,4,985.5
594,'MM878170  ','2024-06-12 23:22:36.100','SC2054      ',21,0.07,52,2,1017.9
595,'MM345186  ','2024-04-18 18:58:52.100','SC2077      ',20,1.75,50,1,997.4
596,'MM284522  ','2024-04-25 15:49:36.100','SC3318      ',19,1.75,53,3,992.5
597,'MM669684  ','2024-05-12 09:54:24.100','SC9096      ',19,1.71,53,4,1011.4
598,'MM730937  ','2024-06-02 23:00:15.100','SC6356      ',21,0.44,54,4,1000.4
599,'MM666392  ','2024-12-07 13:27:31.100','SC6162      ',18,0.95,52,3,987.3
600,'MM476869  ','2024-10-04 08:45:34.100','SC5158      ',18,0.23,48,3,980.6
601,'MM955036  ','2024-12-25 05:23:03.100','SC1511      ',21,0.36,45,4,1005.5
602,'MM908881  ','2024-04-09 21:03:32.100','SC5502      ',20,1.99,52,2,991.1
603,'MM168893  ','2024-12-03 04:01:59.100','SC8859      ',18,1.86,52,0,1008.2
604,'MM341126  ','2024-10-20 15:20:21.100','SC5633      ',20,1.87,46,0,1005.8
605,'MM231003  ','2024-08-19 05:11:41.100','SC2884      ',20,1.7,47,4,1000.9
606,'MM762774  ','2024-10-20 08:17:09.100','SC5229      ',21,0.68,54,3,991.7
607,'MM373698  ','2024-12-14 20:03:59.100','SC4505      ',20,1.63,48,3,1009.6
608,'MM252083  ','2024-03-28 17:15:24.100','SC4170      ',21,1.45,48,1,1002.1
609,'MM629908  ','2024-05-31 21:12:43.100','SC3044      ',20,0.22,54,3,982.0
610,'MM523842  ','2024-04-27 02:31:02.100','SC9790      ',21,0.68,53,2,992.7
611,'MM632562  ','2025-01-27 17:30:35.100','SC1534      ',20,1.22,45,0,1009.2
612,'MM177056  ','2024-11-04 19:23:49.100','SC8956      ',19,1.28,48,3,991.2
613,'MM439821  ','2025-01-26 22:19:38.100','SC4203      ',19,0.21,54,4,996.2
614,'MM744530  ','2024-10-30 18:42:06.100','SC2188      ',19,0.5,50,0,980.1
615,'MM348134  ','2024-03-13 00:39:51.100','SC3620      ',20,0.45,51,0,1013.5
616,'MM610470  ','2024-11-23 19:17:09.100','SC3605      ',21,1.88,47,1,980.6
617,'MM600530  ','2024-04-17 18:05:59.100','SC7428      ',19,1.69,50,4,985.8
618,'MM694709  ','2024-03-07 22:50:19.100','SC3706      ',18,1.21,51,NULL,999.3
619,'MM177917  ','2024-03-28 12:22:11.100','SC1741      ',20,0.16,53,3,1002.7
620,'MM802781  ','2024-06-22 03:51:23.100','SC5151      ',19,0.09,51,3,1009.8
621,'MM430913  ','2024-05-29 17:09:49.100','SC4604      ',18,1.0,50,1,1016.9
622,'MM171703  ','2025-01-04 23:03:06.100','SC2338      ',18,1.63,47,3,995.3
623,'MM132447  ','2024-03-20 19:49:04.100','SC2735      ',19,1.36,46,3,1007.6
624,'MM278215  ','2024-04-15 17:22:35.100','SC4969      ',18,1.84,54,0,993.5
625,'MM724274  ','2025-01-22 01:45:33.100','SC1351      ',21,0.91,47,1,989.7
626,'MM511909  ','2024-07-27 04:01:47.100','SC2050      ',20,1.38,46,3,993.8
627,'MM131098  ','2025-01-12 04:01:28.100','SC6566      ',20,1.7,50,3,1015.8
628,'MM371020  ','2024-04-18 21:38:36.100','SC9148      ',20,1.44,54,2,996.1
629,'MM218624  ','2024-03-12 21:03:30.100','SC6399      ',21,0.28,47,0,1016.8
630,'MM942653  ','2025-02-03 07:58:02.100','SC7499      ',18,0.7,51,4,1006.2
631,'MM731326  ','2024-03-12 14:37:39.100','SC7860      ',19,0.96,51,2,997.2
632,'MM757051  ','2024-03-07 16:45:35.100','SC6237      ',21,0.68,49,3,995.8
633,'MM350951  ','2024-03-05 12:01:34.100','SC7871      ',19,0.87,48,2,1012.8
634,'MM808658  ','2024-07-03 03:41:28.100','SC3673      ',20,0.32,47,4,1002.6
635,'MM202082  ','2024-11-21 23:59:44.100','SC6589      ',21,1.8,48,0,1016.7
636,'MM909527  ','2024-04-12 08:23:22.100','SC8813      ',21,1.31,48,2,994.6
637,'MM783450  ','2024-05-15 01:49:42.100','SC9308      ',18,0.5,50,0,989.9
638,'MM581575  ','2024-04-04 07:56:16.100','SC5478      ',20,1.72,50,0,1007.0
639,'MM552192  ','2024-03-31 01:59:10.100','SC1777      ',21,1.95,48,3,1013.0
640,'MM213615  ','2024-06-09 23:10:18.100','SC7043      ',20,1.38,45,4,1012.9
641,'MM627657  ','2024-12-09 19:43:25.100','SC6846      ',20,0.23,53,2,987.8
642,'MM595779  ','2024-06-23 07:53:19.100','SC6173      ',20,0.04,45,3,1015.7
643,'MM621319  ','2024-05-17 05:07:58.100','SC8937      ',21,1.67,49,0,989.7
644,'MM763725  ','2024-03-08 04:53:02.100','SC2834      ',20,0.01,49,2,990.8
645,'MM615386  ','2024-09-26 14:02:31.100','SC9614      ',19,1.98,54,2,1005.7
646,'MM643002  ','2024-12-10 05:06:59.100','SC7286      ',18,1.33,46,4,1008.7
647,'MM688921  ','2024-03-12 15:20:50.100','SC2721      ',18,1.56,46,3,1019.7
648,'MM616791  ','2024-11-02 08:59:28.100','SC4536      ',18,1.65,53,0,985.3
649,'MM720611  ','2024-02-26 13:33:38.100','SC7417      ',18,0.21,45,2,988.9
650,'MM490631  ','2024-10-06 08:42:29.100','SC2098      ',19,1.74,54,0,990.7
651,'MM270384  ','2024-08-12 03:51:32.100','SC5367      ',20,1.49,52,4,1006.5
652,'MM890509  ','2024-05-18 03:45:53.100','SC6129      ',18,1.54,52,2,1017.1
653,'MM490484  ','2024-09-25 08:10:53.100','SC2872      ',21,0.02,52,3,984.7
654,'MM702262  ','2024-12-14 18:54:14.100','SC5684      ',19,1.74,50,0,983.1
655,'MM981613  ','2024-08-29 19:10:31.100','SC6634      ',18,1.36,53,2,989.9
656,'MM788863  ','2024-04-12 17:51:07.100','SC8170      ',18,0.1,50,0,987.7
657,'MM258863  ','2024-08-08 01:04:39.100','SC4938      ',21,0.25,54,3,998.2
658,'MM942776  ','2024-10-02 06:36:22.100','SC6860      ',18,1.07,51,0,998.3
659,'MM856100  ','2024-05-09 12:30:22.100','SC7397      ',21,0.79,45,3,984.0
660,'MM133506  ','2024-12-07 08:09:01.100','SC4409      ',19,1.28,49,2,1003.4
661,'MM431396  ','2024-09-20 04:49:36.100','SC7532      ',20,0.24,54,1,1010.6
662,'MM801901  ','2024-10-04 02:24:29.100','SC2125      ',18,0.7,51,4,990.9
663,'MM570415  ','2024-09-19 09:00:29.100','SC9256      ',21,1.44,45,3,982.8
664,'MM289128  ','2024-03-08 21:08:51.100','SC2754      ',19,0.47,48,0,1005.2
665,'MM688233  ','2024-03-15 11:08:13.100','SC2456      ',20,1.41,50,1,983.2
666,'MM852092  ','2025-01-06 16:34:10.100','SC6712      ',21,0.78,51,1,1004.7
667,'MM951559  ','2024-09-18 13:20:40.100','SC6342      ',19,1.55,53,3,1002.8
668,'MM427218  ','2024-04-25 09:30:56.100','SC8293      ',19,0.07,51,3,1016.9
669,'MM398763  ','2025-02-06 18:19:36.100','SC1525      ',18,1.96,49,2,999.8
670,'MM963032  ','2024-06-21 01:15:10.100','SC6159      ',20,0.67,49,1,987.6
671,'MM739892  ','2025-01-13 11:11:51.100','SC2476      ',20,0.04,52,3,1017.8
672,'MM777298  ','2024-08-20 08:38:11.100','SC4391      ',18,1.1,50,3,998.2
673,'MM574683  ','2024-03-28 21:43:53.100','SC5035      ',20,0.01,47,4,982.5
674,'MM381334  ','2024-12-03 13:16:04.100','SC3748      ',18,0.33,51,0,984.9
675,'MM308177  ','2024-06-24 00:19:23.100','SC4991      ',19,0.96,52,0,982.2
676,'MM320249  ','2024-07-20 03:44:39.100','SC8793      ',19,0.43,46,2,1000.7
677,'MM988784  ','2024-10-13 06:47:42.100','SC2245      ',20,0.92,47,3,989.3
678,'MM348181  ','2024-08-28 16:15:46.100','SC5549      ',18,0.43,45,4,985.5
679,'MM767838  ','2024-06-10 04:17:40.100','SC6158      ',18,0.01,45,4,1014.2
680,'MM926833  ','2024-08-02 17:52:44.100','SC5288      ',18,1.96,47,4,987.9
681,'MM914147  ','2024-12-12 14:03:20.100','SC4045      ',21,1.4,53,3,981.1
682,'MM722260  ','2024-06-05 17:25:46.100','SC3368      ',18,0.4,46,3,993.0
683,'MM905531  ','2024-10-04 03:23:55.100','SC9066      ',20,1.53,45,0,981.4
684,'MM810284  ','2024-07-04 17:58:08.100','SC4691      ',21,1.85,53,0,985.8
685,'MM238008  ','2025-02-12 15:25:44.100','SC1699      ',21,1.21,52,0,1012.2
686,'MM818720  ','2024-05-04 20:54:30.100','SC9676      ',19,1.57,47,1,1007.2
687,'MM478306  ','2024-09-21 01:08:33.100','SC6941      ',20,0.39,48,2,1010.3
688,'MM281612  ','2024-06-22 10:45:15.100','SC1141      ',20,0.26,54,1,1017.5
689,'MM324248  ','2025-01-21 16:59:45.100','SC8215      ',21,1.13,51,0,1000.4
690,'MM142282  ','2025-01-02 18:22:36.100','SC9812      ',21,1.09,49,2,991.6
691,'MM112073  ','2024-10-07 21:07:58.100','SC3861      ',20,0.64,53,4,1011.8
692,'MM367153  ','2024-10-31 20:10:50.100','SC1979      ',19,1.19,54,2,1017.3
693,'MM410031  ','2024-09-26 08:33:46.100','SC9253      ',18,0.74,51,1,995.6
694,'MM910657  ','2024-08-05 11:46:18.100','SC4822      ',20,0.02,45,3,998.5
695,'MM671734  ','2024-11-03 19:25:15.100','SC8907      ',19,0.01,51,1,997.2
696,'MM536188  ','2024-10-26 11:09:04.100','SC4321      ',21,0.35,46,0,984.7
697,'MM375410  ','2024-06-09 05:19:39.100','SC7650      ',20,1.21,50,2,997.6
698,'MM814329  ','2024-09-07 07:36:14.100','SC3285      ',21,1.74,52,0,990.9
699,'MM341970  ','2024-04-30 11:21:10.100','SC7404      ',18,1.4,54,0,1000.2
700,'MM878174  ','2025-02-17 05:24:36.100','SC1562      ',20,0.47,52,3,997.5
701,'MM762686  ','2024-02-27 07:46:23.100','SC1447      ',18,0.45,45,1,1000.6
702,'MM492863  ','2024-08-31 06:54:49.100','SC1211      ',18,1.59,54,3,995.3
703,'MM243254  ','2024-07-16 12:43:42.100','SC2577      ',18,1.37,46,1,1009.5
704,'MM380427  ','2024-05-16 09:30:50.100','SC4230      ',19,1.22,45,3,1014.3
705,'MM460495  ','2024-12-02 02:01:10.100','SC5378      ',20,0.83,50,4,1000.1
706,'MM298934  ','2024-06-02 18:05:49.100','SC6927      ',19,1.49,53,1,984.7
707,'MM659624  ','2024-09-04 10:25:37.100','SC3157      ',21,0.04,51,3,1005.7
708,'MM868401  ','2024-06-05 00:23:18.100','SC6447      ',21,0.12,50,3,987.4
709,'MM878365  ','2024-03-09 12:53:19.100','SC8855      ',21,1.86,53,1,996.3
710,'MM620967  ','2024-06-08 23:13:33.100','SC7833      ',18,0.55,50,0,1003.2
711,'MM871146  ','2024-12-12 13:19:50.100','SC7205      ',21,1.2,54,2,1019.9
712,'MM995225  ','2024-12-06 08:08:09.100','SC3713      ',19,1.31,45,0,1019.0
713,'MM728888  ','2025-01-24 02:09:33.100','SC3086      ',18,2.0,50,4,1014.6
714,'MM137237  ','2024-10-16 07:45:21.100','SC9641      ',18,0.95,49,4,1016.7
715,'MM700220  ','2024-08-28 00:45:50.100','SC9919      ',19,0.66,50,1,1010.1
716,'MM426491  ','2024-05-08 07:46:21.100','SC1319      ',18,1.29,47,2,993.6
717,'MM472263  ','2024-09-17 18:43:19.100','SC7408      ',19,0.85,51,3,995.3
718,'MM632290  ','2024-12-07 05:22:57.100','SC3391      ',20,0.65,48,4,981.2
719,'MM508950  ','2024-11-22 07:35:29.100','SC3981      ',18,0.94,53,3,1003.6
720,'MM966750  ','2024-03-28 13:38:50.100','SC5993      ',18,0.8,50,2,1013.1
721,'MM408504  ','2024-08-04 16:49:10.100','SC8691      ',18,0.31,51,2,983.1
722,'MM143855  ','2024-12-04 07:47:50.100','SC6496      ',19,0.26,54,2,992.5
723,'MM543928  ','2025-02-18 15:04:28.100','SC9502      ',19,1.52,47,1,984.0
724,'MM981949  ','2024-08-03 02:29:10.100','SC2340      ',21,1.95,46,0,1010.8
725,'MM184451  ','2025-01-26 11:39:15.100','SC7212      ',21,1.49,51,1,994.3
726,'MM110820  ','2025-01-27 23:09:29.100','SC1445      ',19,1.07,46,3,1001.7
727,'MM735747  ','2024-05-04 13:32:42.100','SC8113      ',20,0.13,47,3,996.7
728,'MM597402  ','2024-04-01 15:26:51.100','SC9417      ',21,0.46,50,0,1006.8
729,'MM372237  ','2024-05-19 18:03:05.100','SC2810      ',21,0.26,51,1,981.5
730,'MM424618  ','2025-01-14 15:04:46.100','SC6216      ',20,1.83,47,4,1000.6
731,'MM228448  ','2024-06-15 02:21:35.100','SC9552      ',18,0.52,51,1,983.7
732,'MM823270  ','2024-04-09 16:58:51.100','SC9920      ',18,0.03,46,0,995.0
733,'MM979903  ','2025-01-13 08:15:24.100','SC3682      ',21,0.89,48,1,1002.7
734,'MM254048  ','2025-01-04 15:32:56.100','SC8060      ',18,1.73,48,1,1014.0
735,'MM984114  ','2024-12-09 02:43:58.100','SC1269      ',19,0.4,45,0,993.6
736,'MM803666  ','2025-01-18 01:15:12.100','SC3709      ',20,1.01,45,3,995.3
737,'MM867942  ','2024-04-11 06:38:56.100','SC6815      ',20,1.78,52,0,1001.8
738,'MM380041  ','2024-12-20 16:32:59.100','SC8304      ',21,NULL,48,2,998.6
739,'MM950667  ','2024-11-18 13:44:25.100','SC2906      ',20,0.19,50,2,1007.5
740,'MM509960  ','2024-08-13 10:14:28.100','SC6327      ',18,0.21,49,4,987.4
741,'MM806958  ','2024-09-12 05:29:52.100','SC4377      ',18,0.65,46,1,993.9
742,'MM337537  ','2024-08-27 06:06:38.100','SC7184      ',21,0.7,53,4,1006.8
743,'MM744856  ','2024-08-29 14:04:33.100','SC9207      ',20,0.45,48,3,1015.4
744,'MM211878  ','2024-10-26 15:47:45.100','SC7163      ',18,1.71,47,0,994.8
745,'MM169490  ','2025-01-30 20:26:39.100','SC5068      ',20,0.26,49,1,1009.3
746,'MM198912  ','2024-06-06 03:57:19.100','SC2641      ',19,0.78,52,0,1011.6
747,'MM185593  ','2024-04-29 22:06:23.100','SC3843      ',18,0.94,53,0,1004.3
748,'MM893579  ','2025-02-03 19:22:48.100','SC2741      ',20,1.84,45,0,992.4
749,'MM833583  ','2024-11-13 13:55:20.100','SC4560      ',19,0.54,47,0,1009.1
750,'MM935947  ','2024-03-12 12:28:33.100','SC7253      ',21,0.38,51,3,983.4
751,'MM441093  ','2024-10-24 10:59:08.100','SC8669      ',19,1.01,53,3,996.1
752,'MM167523  ','2024-08-22 00:05:29.100','SC6047      ',18,0.42,45,1,994.8
753,'MM178421  ','2024-10-02 13:01:09.100','SC1633      ',20,1.54,54,1,1011.8
754,'MM581555  ','2024-02-29 07:17:45.100','SC4759      ',19,0.53,49,0,987.6
755,'MM931804  ','2024-04-27 19:54:33.100','SC7430      ',20,1.94,50,4,986.7
756,'MM478660  ','2024-08-08 16:44:38.100','SC3926      ',21,0.96,51,0,1001.9
757,'MM221058  ','2024-05-25 21:56:33.100','SC6960      ',18,0.82,51,1,1011.8
758,'MM459002  ','2024-12-06 13:35:18.100','SC7204      ',21,0.12,51,0,1019.7
759,'MM207369  ','2024-07-21 20:07:33.100','SC3810      ',20,1.87,45,3,1001.9
760,'MM641628  ','2024-03-09 14:53:48.100','SC7986      ',21,0.25,47,1,1016.4
761,'MM694924  ','2024-04-29 08:34:33.100','SC4361      ',19,0.33,54,3,1012.6
762,'MM814818  ','2024-12-30 10:14:51.100','SC7245      ',21,0.31,52,0,1011.7
763,'MM694948  ','2024-06-27 12:17:49.100','SC9319      ',21,0.78,45,0,1019.9
764,'MM636516  ','2024-10-02 13:42:52.100','SC4594      ',20,0.14,48,1,1003.2
765,'MM277101  ','2024-12-04 04:16:17.100','SC3208      ',21,0.47,46,1,1014.5
766,'MM599131  ','2024-07-07 21:14:12.100','SC2007      ',21,0.71,47,3,1011.0
767,'MM531510  ','2024-12-05 12:05:21.100','SC5561      ',21,0.48,51,2,1005.9
768,'MM597796  ','2024-08-09 08:17:15.100','SC4117      ',19,0.68,54,0,1018.0
769,'MM815858  ','2024-09-26 19:01:17.100','SC2010      ',18,0.03,46,3,1015.0
770,'MM791458  ','2024-10-23 08:19:34.100','SC7124      ',21,0.47,54,3,1007.5
771,'MM870738  ','2024-11-20 16:46:48.100','SC3837      ',21,1.53,47,3,1016.7
772,'MM767046  ','2024-05-06 21:03:23.100','SC3663      ',18,1.22,51,0,998.4
773,'MM991792  ','2024-12-05 07:52:27.100','SC1285      ',21,1.8,50,3,983.1
774,'MM121257  ','2025-01-30 09:16:18.100','SC9083      ',20,0.08,49,4,1005.0
775,'MM955179  ','2025-02-01 23:55:58.100','SC4548      ',21,1.7,45,1,1010.1
776,'MM461534  ','2024-09-29 14:55:17.115','SC4937      ',20,1.16,45,1,1018.6
777,'MM228810  ','2024-10-05 10:31:06.115','SC2929      ',21,1.89,49,3,1015.7
778,'MM273526  ','2024-12-16 12:07:46.115','SC6787      ',20,1.82,52,3,1015.0
779,'MM577249  ','2024-09-12 23:30:59.115','SC1826      ',19,1.92,47,0,1014.7
780,'MM198526  ','2024-07-22 02:18:41.115','SC7282      ',21,1.9,53,0,984.5
781,'MM741347  ','2024-03-07 00:59:13.115','SC1644      ',20,0.32,45,4,1007.4
782,'MM188620  ','2024-03-30 01:45:07.115','SC8297      ',18,1.01,46,1,996.0
783,'MM274007  ','2024-06-06 17:13:39.115','SC3585      ',20,0.93,50,3,985.5
784,'MM315106  ','2025-01-11 19:30:27.115','SC4481      ',18,1.64,45,1,993.0
785,'MM969425  ','2024-04-13 20:27:52.115','SC1955      ',18,1.63,53,2,991.1
786,'MM229922  ','2024-11-17 19:54:45.115','SC6056      ',20,1.87,50,2,981.5
787,'MM351470  ','2024-06-16 15:21:01.115','SC7851      ',21,0.49,52,2,1004.7
788,'MM553972  ','2024-03-24 10:39:51.115','SC1862      ',20,1.01,49,4,992.4
789,'MM746446  ','2024-09-11 11:36:03.115','SC7740      ',19,0.13,49,2,990.1
790,'MM164417  ','2024-10-28 20:35:15.115','SC7390      ',18,0.8,45,2,983.1
791,'MM155149  ','2025-01-24 19:54:52.115','SC4610      ',18,0.81,51,1,1008.0
792,'MM550797  ','2025-01-28 05:01:18.115','SC5076      ',18,1.0,52,1,995.5
793,'MM116539  ','2024-03-27 10:23:29.115','SC6517      ',19,1.3,49,1,1015.4
794,'MM686233  ','2024-06-25 17:58:03.115','SC7072      ',21,0.08,52,0,993.2
795,'MM599831  ','2025-01-02 12:08:26.115','SC1127      ',20,1.43,48,3,985.3
796,'MM207834  ','2024-07-22 07:51:22.115','SC8196      ',18,0.31,52,0,981.2
797,'MM556711  ','2024-10-12 14:12:53.115','SC4417      ',20,0.07,50,2,1013.7
798,'MM879684  ','2025-01-16 18:37:51.115','SC2155      ',20,1.98,48,2,991.4
799,'MM799163  ','2024-07-07 11:58:08.115','SC8186      ',19,0.11,53,1,1005.9
800,'MM703849  ','2024-10-20 05:40:59.115','SC1598      ',20,0.04,48,2,1011.1
801,'MM955290  ','2024-04-06 22:35:32.115','SC5106      ',18,1.79,53,2,983.5
802,'MM574870  ','2024-05-30 02:52:12.115','SC7373      ',19,1.04,50,4,997.3
803,'MM170132  ','2025-02-12 03:05:57.115','SC2310      ',18,0.59,53,3,1018.5
804,'MM511881  ','2024-10-09 06:35:51.115','SC1692      ',20,0.55,50,4,989.7
805,'MM992379  ','2024-09-17 14:16:30.115','SC7387      ',19,1.49,53,0,980.7
806,'MM151909  ','2024-07-21 07:21:09.115','SC1242      ',20,1.97,51,3,988.0
807,'MM104695  ','2024-08-31 13:11:44.115','SC6207      ',19,1.88,51,1,980.4
808,'MM906838  ','2024-10-07 01:34:15.115','SC4169      ',19,1.6,46,0,1006.8
809,'MM819043  ','2024-04-11 03:22:51.115','SC6996      ',19,1.95,45,1,982.8
810,'MM741635  ','2024-09-12 14:42:07.115','SC9088      ',21,1.72,47,0,1014.4
811,'MM998424  ','2025-02-18 20:53:42.115','SC7862      ',21,1.58,51,1,1004.0
812,'MM657305  ','2024-12-06 16:44:00.115','SC3921      ',20,0.11,53,3,993.2
813,'MM278974  ','2024-12-13 00:03:12.115','SC7335      ',18,1.79,46,4,989.0
814,'MM657777  ','2024-04-25 21:58:23.115','SC6354      ',18,0.88,46,3,1018.5
815,'MM180480  ','2024-07-24 12:48:25.115','SC6408      ',18,0.06,53,1,990.7
816,'MM728063  ','2024-10-27 05:19:10.115','SC2865      ',19,1.38,50,4,999.5
817,'MM473354  ','2025-02-10 21:49:53.115','SC9847      ',18,1.89,53,1,989.1
818,'MM897515  ','2024-12-04 10:05:08.115','SC4466      ',18,1.11,47,4,1004.4
819,'MM482159  ','2024-06-21 10:21:26.115','SC1060      ',19,1.81,51,4,992.9
820,'MM466792  ','2024-08-11 10:30:03.115','SC8159      ',19,1.23,48,0,989.4
821,'MM378973  ','2024-08-28 00:58:48.115','SC5582      ',21,0.82,51,3,1019.4
822,'MM539790  ','2025-02-09 10:30:46.115','SC6270      ',21,1.07,48,3,987.2
823,'MM364211  ','2024-09-08 22:38:33.115','SC6349      ',19,1.22,47,1,993.1
824,'MM802621  ','2024-12-27 17:16:05.115','SC1125      ',18,1.69,54,4,1018.4
825,'MM876113  ','2024-10-14 10:07:23.115','SC8433      ',18,1.0,47,0,997.8
826,'MM870601  ','2024-12-30 02:33:44.115','SC8755      ',19,1.1,48,2,1010.8
827,'MM662704  ','2025-01-06 10:26:21.115','SC9505      ',21,1.34,54,2,992.4
828,'MM991598  ','2025-01-01 05:14:32.115','SC8255      ',19,0.02,45,3,993.9
829,'MM594540  ','2024-09-23 13:05:07.115','SC3788      ',18,1.0,52,5,988.3
830,'MM805870  ','2024-09-12 08:20:36.115','SC7012      ',21,1.77,51,1,982.9
831,'MM795912  ','2024-10-19 17:36:55.115','SC2349      ',19,1.17,53,4,982.2
832,'MM171734  ','2024-12-13 09:12:35.115','SC4274      ',20,1.6,51,4,1003.2
833,'MM392878  ','2025-01-02 08:06:05.115','SC8108      ',20,1.58,49,4,1008.1
834,'MM177888  ','2024-05-05 14:56:58.115','SC3721      ',18,0.25,54,1,1015.6
835,'MM167527  ','2024-03-01 00:27:24.115','SC1201      ',19,0.64,46,3,992.2
836,'MM651577  ','2024-03-09 22:35:01.115','SC7918      ',21,1.59,51,3,1013.8
837,'MM167146  ','2024-10-25 17:27:20.115','SC7337      ',21,0.26,46,4,991.7
838,'MM295812  ','2024-07-22 17:05:27.115','SC2240      ',20,1.35,54,2,1016.0
839,'MM860807  ','2024-11-30 13:07:49.115','SC8791      ',19,1.63,46,0,988.9
840,'MM866654  ','2024-11-29 05:10:55.115','SC5699      ',19,1.28,48,2,1005.4
841,'MM894744  ','2024-04-07 11:14:11.115','SC3243      ',19,0.81,46,0,998.5
842,'MM538353  ','2024-05-18 10:55:21.115','SC5455      ',19,0.79,45,3,1006.1
843,'MM235654  ','2024-06-07 19:34:34.115','SC4075      ',18,0.44,53,4,983.4
844,'MM498091  ','2024-12-13 23:54:52.115','SC9848      ',21,0.19,47,0,1013.2
845,'MM313401  ','2024-04-13 05:59:10.115','SC2117      ',21,0.65,48,2,995.3
846,'MM707796  ','2024-03-21 08:14:36.115','SC9214      ',19,1.64,50,2,984.5
847,'MM664455  ','2024-05-27 19:42:11.115','SC8840      ',20,0.42,51,3,989.3
848,'MM873525  ','2024-10-16 08:10:29.115','SC3692      ',21,1.64,46,0,1000.0
849,'MM718930  ','2025-01-30 16:49:54.115','SC5489      ',19,0.86,53,3,985.2
850,'MM153140  ','2024-07-17 07:59:41.115','SC8344      ',21,1.56,50,3,990.2
851,'MM826392  ','2024-12-09 23:09:31.115','SC2916      ',20,1.66,45,4,1000.2
852,'MM200575  ','2025-01-13 05:05:23.115','SC6334      ',21,0.68,47,0,1013.9
853,'MM664224  ','2025-01-19 18:05:06.115','SC5695      ',20,0.42,49,2,983.4
854,'MM399237  ','2024-12-23 17:08:56.115','SC9138      ',21,0.75,53,1,1011.7
855,'MM678408  ','2025-01-19 16:37:08.115','SC5089      ',18,0.36,50,3,1017.7
856,'MM703949  ','2024-11-15 12:57:52.115','SC2465      ',18,0.66,45,2,998.5
857,'MM444618  ','2024-10-08 19:16:47.115','SC4508      ',18,0.3,50,1,995.2
858,'MM149895  ','2024-04-29 20:25:47.115','SC9728      ',19,0.73,46,0,985.8
859,'MM262351  ','2024-04-28 05:46:22.115','SC9746      ',18,1.1,54,3,1014.2
860,'MM466381  ','2024-06-10 11:46:51.115','SC9824      ',21,0.53,49,4,1011.7
861,'MM750974  ','2024-07-07 12:57:58.115','SC8363      ',21,1.21,53,1,1019.9
862,'MM635544  ','2024-05-24 04:50:02.115','SC7511      ',20,0.26,48,4,985.8
863,'MM533245  ','2024-02-27 12:03:50.115','SC8121      ',21,0.56,45,3,989.5
864,'MM231667  ','2024-10-24 01:40:07.115','SC4681      ',18,0.12,52,0,990.1
865,'MM576704  ','2024-08-10 01:13:30.115','SC5767      ',20,1.56,51,0,1007.1
866,'MM447773  ','2024-07-11 17:30:43.115','SC5923      ',20,1.35,46,0,984.7
867,'MM115779  ','2024-10-11 20:17:40.115','SC2651      ',18,0.46,50,2,999.3
868,'MM474878  ','2025-01-13 12:44:07.115','SC3287      ',21,0.41,47,2,1002.5
869,'MM220520  ','2024-11-25 13:12:40.115','SC6844      ',19,1.08,53,2,988.4
870,'MM212937  ','2024-10-22 23:20:39.115','SC7729      ',21,1.39,45,4,1002.2
871,'MM528117  ','2024-12-17 23:35:01.115','SC9834      ',20,0.69,54,0,985.7
872,'MM141043  ','2024-11-24 07:50:11.115','SC4789      ',19,0.01,49,1,1016.1
873,'MM194171  ','2024-05-04 08:59:59.115','SC5470      ',19,0.45,54,3,1018.8
874,'MM505429  ','2024-05-19 09:51:18.115','SC2150      ',21,1.13,53,4,987.3
875,'MM776686  ','2025-01-31 07:30:37.115','SC7425      ',18,1.93,53,0,996.0
876,'MM227701  ','2024-09-11 08:27:02.115','SC4329      ',19,1.3,53,1,982.3
877,'MM181257  ','2024-02-27 04:27:20.115','SC5811      ',21,1.37,53,1,1005.6
878,'MM406867  ','2024-10-20 01:59:13.115','SC8997      ',18,0.85,49,1,1006.5
879,'MM763908  ','2024-05-20 12:30:24.115','SC5323      ',18,0.85,50,0,985.1
880,'MM657195  ','2024-07-17 08:05:37.115','SC8578      ',19,1.06,48,1,998.5
881,'MM692935  ','2024-03-03 04:42:37.115','SC4101      ',20,0.66,51,1,1006.2
882,'MM381335  ','2024-10-18 23:37:10.115','SC1870      ',20,0.29,48,2,1003.3
883,'MM533537  ','2025-01-01 08:37:27.115','SC8841      ',18,0.07,54,2,1004.3
884,'MM321747  ','2024-04-21 10:21:41.115','SC9040      ',20,1.43,53,0,1009.7
885,'MM268983  ','2024-12-17 07:57:33.115','SC1271      ',19,1.7,54,0,1018.8
886,'MM262768  ','2024-04-16 03:47:58.115','SC8923      ',21,0.54,46,2,1016.3
887,'MM390340  ','2024-09-12 05:29:19.115','SC6156      ',18,1.17,48,2,1007.8
888,'MM832470  ','2024-12-30 04:33:40.115','SC4663      ',19,0.8,47,2,996.1
889,'MM461059  ','2024-06-08 12:59:46.115','SC1038      ',21,0.39,53,2,999.5
890,'MM134999  ','2024-10-19 14:32:52.115','SC3390      ',19,0.84,53,1,980.7
891,'MM445492  ','2024-11-07 15:37:01.115','SC5293      ',18,1.73,50,3,1014.2
892,'MM571042  ','2024-03-08 02:16:10.115','SC5249      ',20,1.87,54,1,984.1
893,'MM318537  ','2024-09-30 08:52:52.115','SC6976      ',18,0.93,47,1,1019.5
894,'MM113395  ','2024-07-08 14:16:43.115','SC6800      ',19,1.68,51,2,1018.0
895,'MM769086  ','2024-05-13 18:28:39.115','SC6080      ',18,1.72,48,1,1005.6
896,'MM704468  ','2024-12-14 05:51:03.115','SC1251      ',21,0.57,52,2,983.7
897,'MM303362  ','2024-04-26 13:29:01.115','SC9528      ',19,0.25,50,2,983.9
898,'MM284165  ','2024-07-21 09:10:53.115','SC5605      ',20,0.73,50,4,985.5
899,'MM261788  ','2024-05-04 19:28:15.115','SC8045      ',19,0.52,54,3,1008.2
900,'MM324130  ','2025-02-13 15:42:25.115','SC4543      ',20,1.2,53,4,1013.7
901,'MM923014  ','2025-02-13 07:46:47.115','SC9482      ',20,0.65,51,0,998.8
902,'MM217979  ','2024-10-03 20:45:22.115','SC3443      ',19,0.13,46,0,1010.4
903,'MM743388  ','2025-01-17 13:21:44.115','SC2668      ',20,1.07,48,1,991.6
904,'MM212246  ','2024-07-14 18:04:25.115','SC6726      ',19,0.88,46,4,1011.0
905,'MM812285  ','2024-10-10 12:28:58.115','SC4945      ',21,0.04,48,2,996.2
906,'MM209119  ','2024-11-10 13:33:59.115','SC2450      ',18,1.84,52,1,999.3
907,'MM685432  ','2024-09-22 08:37:11.115','SC3811      ',18,0.38,46,1,1008.1
908,'MM286805  ','2024-10-15 11:13:27.115','SC4416      ',19,0.68,54,2,1013.8
909,'MM486351  ','2024-07-29 19:21:03.115','SC7279      ',20,1.67,50,0,992.2
910,'MM294829  ','2024-07-13 08:09:54.115','SC4208      ',21,0.37,48,1,985.6
911,'MM802186  ','2024-10-12 20:37:22.115','SC3919      ',18,1.31,45,4,1011.3
912,'MM231121  ','2024-09-10 14:54:00.115','SC5208      ',18,0.62,48,1,1014.1
913,'MM723352  ','2024-02-26 06:04:48.115','SC7936      ',20,1.23,50,4,1013.8
914,'MM644799  ','2024-12-27 16:09:05.115','SC2506      ',19,1.38,50,0,1012.4
915,'MM983848  ','2024-06-18 20:03:51.115','SC4314      ',20,0.23,49,1,984.7
916,'MM172019  ','2024-08-22 06:09:37.115','SC9233      ',18,0.07,46,0,1006.0
917,'MM659308  ','2025-02-09 12:58:28.115','SC5717      ',21,0.88,45,0,1009.4
918,'MM187433  ','2024-09-20 21:59:26.115','SC6182      ',20,0.33,51,1,981.1
919,'MM991119  ','2024-12-27 03:08:44.115','SC6362      ',19,1.98,50,3,1009.3
920,'MM621989  ','2025-02-02 07:43:24.115','SC4557      ',18,1.93,48,0,1006.7
921,'MM705059  ','2025-01-17 14:13:38.115','SC3637      ',21,0.16,46,1,1008.0
922,'MM158541  ','2024-06-26 17:33:28.115','SC2843      ',18,1.85,51,3,1013.2
923,'MM107436  ','2024-11-16 08:42:51.115','SC4883      ',21,1.95,51,1,1004.5
924,'MM837010  ','2024-07-08 15:24:09.115','SC6351      ',21,1.03,48,3,991.9
925,'MM714751  ','2024-05-13 02:15:10.115','SC7540      ',18,0.62,46,3,1008.8
926,'MM806831  ','2024-07-16 02:03:50.115','SC1305      ',21,0.83,54,0,983.2
927,'MM726543  ','2024-05-06 09:54:10.115','SC4519      ',19,1.95,46,3,1016.2
928,'MM637371  ','2024-07-04 05:53:30.115','SC9209      ',19,1.19,54,0,1015.6
929,'MM106214  ','2024-04-11 03:17:51.115','SC6357      ',18,0.4,47,2,1002.3
930,'MM565373  ','2024-12-13 16:29:05.115','SC5734      ',19,0.5,54,3,988.0
931,'MM678171  ','2024-08-14 11:28:44.115','SC9930      ',20,1.99,46,1,1019.1
932,'MM461223  ','2024-04-02 22:55:38.115','SC5721      ',20,0.11,45,3,982.0
933,'MM892938  ','2024-04-14 05:02:44.115','SC4011      ',19,1.76,45,2,985.0
934,'MM391340  ','2024-07-17 13:23:52.115','SC9810      ',20,1.68,51,3,983.1
935,'MM938077  ','2024-12-29 17:06:30.115','SC1443      ',20,1.76,50,1,1008.2
936,'MM711771  ','2024-11-01 21:24:44.115','SC9541      ',20,1.89,45,3,998.0
937,'MM234631  ','2024-08-21 07:34:53.115','SC3957      ',18,0.28,50,2,989.4
938,'MM225646  ','2024-09-21 12:30:10.115','SC7420      ',21,1.38,52,3,996.0
939,'MM153245  ','2024-08-28 13:54:35.115','SC4026      ',18,1.29,47,4,1004.7
940,'MM991277  ','2024-05-13 04:31:08.115','SC4162      ',21,1.87,45,2,1002.9
941,'MM625632  ','2025-02-18 14:29:53.115','SC1158      ',19,1.69,49,3,1001.1
942,'MM461002  ','2024-12-11 15:00:26.115','SC8947      ',21,1.82,53,4,987.7
943,'MM255891  ','2024-06-24 02:04:27.115','SC6059      ',19,0.38,46,1,994.6
944,'MM145695  ','2024-12-02 22:35:07.115','SC7377      ',19,0.51,48,2,989.5
945,'MM493304  ','2024-11-24 15:08:03.115','SC4689      ',18,0.98,45,0,982.9
946,'MM551739  ','2024-09-27 14:47:26.115','SC7754      ',19,0.01,48,1,1006.4
947,'MM154396  ','2025-01-31 21:38:16.115','SC7753      ',19,0.65,46,3,1002.5
948,'MM888322  ','2024-07-30 10:12:11.115','SC3546      ',21,1.61,50,4,983.9
949,'MM652919  ','2024-07-27 23:08:40.115','SC2677      ',19,0.67,54,1,980.2
950,'MM654092  ','2025-02-04 20:27:57.115','SC4810      ',21,1.18,46,4,1012.4
951,'MM398931  ','2024-09-24 16:56:26.115','SC8058      ',21,1.94,54,5,1007.3
