'AS796980                            ',0.0330,0.7300,0.1980,0.9370,0.941,0.3170,0.88,0.574,0.1
'AS745021                            ',0.7580,0.7440,0.9860,-0.1090,0.488,0.1790,0.00,0.140,0.9
'AS499555                            ',0.4670,0.3010,0.8030,0.3330,0.139,0.2730,0.33,0.226,0.8
'AS892698                            ',0.1380,0.2310,0.7720,0.3770,0.677,0.7840,0.49,0.810,0.1
'AS695323                            ',0.6900,0.4750,0.6550,-0.0530,0.139,0.5380,0.41,0.822,0.8
'AS679527                            ',0.9600,0.2560,0.9360,0.4220,0.82,0.4170,0.93,0.902,0.5
'AS481338                            ',0.2140,0.5030,0.7670,-0.9190,0.077,0.8480,0.90,0.095,0.2
'AS549221                            ',0.9460,0.4800,0.0440,-0.3180,0.227,0.0070,0.62,0.283,0.3
'AS363894                            ',0.4970,0.3870,0.1100,0.6110,0.26,0.3290,0.52,0.025,0.3
'AS881853                            ',0.4870,0.3430,0.4580,-0.6130,0.798,0.3710,0.66,0.818,1.0
'AS161739                            ',0.9550,0.2720,0.8350,0.9150,0.814,0.7000,0.43,0.233,0.0
'AS866218                            ',0.1170,0.9890,0.8120,-0.9060,0.528,0.5660,0.52,0.146,0.4
'AS846535                            ',0.0360,0.0170,0.3660,-0.5220,0.67,0.9400,0.63,0.638,0.5
'AS607386                            ',0.8310,0.8840,0.0090,0.0800,0.062,0.8620,0.38,0.720,0.5
'AS570936                            ',0.5410,0.8060,0.7570,0.9400,0.408,0.5560,0.56,0.149,0.8
'AS854534                            ',0.6010,0.1670,0.8650,-0.1130,0.646,0.6930,0.54,0.034,0.5
'AS787459                            ',0.0660,0.8870,0.8110,0.1940,0.666,0.7700,0.75,0.689,0.4
'AS344041                            ',0.8020,0.9410,0.6410,-0.7340,0.879,0.3090,0.03,0.525,0.5
'AS666495                            ',0.3420,0.4080,0.2910,0.9740,0.64,0.5390,0.86,0.210,0.3
'AS343760                            ',0.4910,0.2570,0.1920,0.8560,0.209,0.4400,0.87,0.417,0.1
'AS214018                            ',0.5380,0.8990,0.4860,-0.2600,0.065,0.3020,0.30,0.776,0.1
'AS700783                            ',0.0160,0.8890,0.2430,0.2780,0.883,0.7490,0.91,0.338,0.8
'AS406588                            ',0.0500,0.4190,0.9800,0.1100,0.362,0.7960,0.43,0.903,0.4
'AS510014                            ',0.2730,0.5130,0.9640,-0.7420,0.834,0.9460,0.58,0.125,0.4
'AS697204                            ',0.1790,0.2200,0.1470,0.6930,0.872,0.4490,0.11,0.561,0.3
'AS201832                            ',0.7980,0.2490,0.4420,-0.9770,0.509,0.5780,0.42,0.639,0.5
'AS312954                            ',0.0930,0.3950,0.6370,-0.5930,0.108,0.0680,0.53,0.185,0.2
'AS575517                            ',0.3480,0.3200,0.2640,0.1810,0.61,0.5990,0.43,0.757,0.1
'AS321986                            ',0.3590,0.4570,0.7170,0.0360,0.884,0.0680,0.39,0.007,0.5
'AS242750                            ',0.4650,0.6110,0.3070,-0.6270,0.111,0.7830,0.52,0.268,0.6
'AS374566                            ',0.2000,0.1120,0.3400,-0.3030,0.374,0.1350,0.20,0.223,0.8
'AS891348                            ',0.0450,0.3240,0.3920,-0.2400,0.478,0.0320,0.68,0.607,0.9
'AS181428                            ',0.8660,0.9220,0.3290,-0.7730,0.657,0.5060,0.02,0.754,0.6
'AS781163                            ',0.8180,0.6880,0.5900,0.2200,0.456,0.0490,0.19,0.303,0.2
'AS980420                            ',0.5510,0.8790,0.6510,-0.7860,0.541,0.5110,0.85,0.113,0.9
'AS563918                            ',0.1800,0.4950,0.5810,0.8750,0.588,0.4480,0.81,0.649,0.4
'AS952058                            ',0.7510,0.1470,0.7200,-0.1970,0.115,0.8990,0.01,0.427,0.9
'AS361503                            ',0.4410,0.5760,0.3750,-0.8840,0.705,0.6770,0.13,0.575,0.9
'AS268297                            ',0.0290,0.4380,0.1080,0.2210,0.689,0.8500,0.38,0.312,0.3
'AS593950                            ',0.8280,0.1220,0.3880,-0.4320,0.84,0.9480,0.84,0.611,0.7
'AS652583                            ',0.4010,0.1020,0.7380,-0.5300,0.071,0.2690,0.68,0.680,0.2
'AS425343                            ',0.5030,0.1670,0.1830,0.3550,0.371,0.6900,0.10,0.644,0.7
'AS953567                            ',0.5910,0.1910,0.3770,0.6970,0.962,0.0560,0.09,0.601,0.6
'AS156596                            ',0.5130,0.0250,0.9330,-0.3120,0.03,0.3940,0.92,0.170,0.8
'AS971593                            ',0.3810,0.2630,0.0650,0.4350,0.933,0.7400,0.32,0.646,0.4
'AS428530                            ',0.4240,0.8150,0.0410,0.4610,0.804,0.4680,0.27,0.033,0.5
'AS448862                            ',0.6420,0.6450,0.2830,-0.4040,0.666,0.5830,0.05,0.643,0.5
'AS666626                            ',0.7500,0.9740,0.3930,0.4520,0.848,0.0710,0.17,0.382,0.4
'AS347318                            ',0.3360,0.0090,0.1950,0.8030,0.624,0.0860,0.26,0.978,0.4
'AS720545                            ',0.9930,0.7360,0.4220,0.9420,0.474,0.6920,0.27,0.283,0.5
'AS566113                            ',0.2570,0.8340,0.7450,-0.0280,0.993,0.5200,0.43,0.646,0.7
'AS512920                            ',0.4590,0.1580,0.7370,0.8090,0.756,0.6230,0.48,0.191,1.0
'AS706635                            ',0.3960,0.0080,0.1460,0.7130,0.002,0.5910,0.85,0.793,0.5
'AS627262                            ',0.3590,0.2120,0.9790,-0.6540,0.022,0.6990,0.84,0.116,0.1
'AS620985                            ',0.0910,0.5780,0.6670,-0.1570,0.958,0.4300,0.25,0.103,0.2
'AS538726                            ',0.7900,0.1570,0.4740,0.4940,0.428,0.3370,0.64,0.965,0.6
'AS644527                            ',0.7730,0.1780,0.6530,-0.7160,0.061,0.9260,0.21,0.113,0.3
'AS485640                            ',0.8890,0.5750,0.4230,0.1620,0.734,0.7020,0.76,0.678,0.4
'AS394221                            ',0.0090,0.7130,0.5440,0.0540,0.971,0.0440,0.48,0.779,0.5
'AS818297                            ',0.5890,0.7060,0.7760,0.8610,0.049,0.6600,0.74,0.781,0.4
'AS497261                            ',0.1120,0.9390,0.3120,-0.4380,0.037,0.9260,0.28,0.208,0.4
'AS707579                            ',0.1470,0.1460,0.3890,0.1280,0.965,0.3440,0.90,0.956,0.4
'AS914768                            ',0.9980,0.4150,0.5710,-0.4300,0.045,0.3780,0.74,0.247,0.8
'AS463299                            ',0.6500,0.5610,0.3380,-0.4220,0.495,0.9930,0.03,0.982,0.0
'AS541265                            ',0.4930,0.8930,0.3320,-0.3300,0.073,0.9350,0.70,0.974,0.9
'AS702460                            ',0.7130,0.9300,0.9620,0.9610,0.972,0.6580,0.79,0.108,0.1
'AS105071                            ',0.8750,0.0130,0.4300,0.7860,0.673,0.2260,0.40,0.267,0.3
'AS965020                            ',0.3690,0.4600,0.1440,0.8510,0.156,0.9680,0.43,0.178,0.6
'AS252225                            ',0.2480,0.3120,0.7380,-0.7160,0.78,0.3820,0.45,0.567,0.6
'AS477916                            ',0.9200,0.4270,0.2830,-0.9710,0.249,0.7570,0.64,0.841,1.0
'AS737248                            ',0.8720,0.4770,0.5930,-0.2520,0.221,0.4910,0.74,0.014,0.1
'AS263354                            ',0.6280,0.5830,0.5420,0.6740,0.728,0.8390,0.94,0.433,0.3
'AS156261                            ',0.1260,0.9330,0.8660,0.1570,0.091,0.8170,0.57,0.733,0.7
'AS598803                            ',0.0440,0.6700,0.8090,-0.3180,0.555,0.0780,0.19,0.769,0.7
'AS737653                            ',0.0700,0.6320,0.8500,0.2470,0.223,0.4320,0.65,0.234,0.9
'AS325673                            ',0.0390,0.2620,0.1370,-0.5280,0.907,0.6880,0.44,0.242,0.0
'AS537065                            ',0.2580,0.1860,0.5110,-0.6400,0.846,0.4290,0.71,0.017,0.2
'AS191135                            ',0.7310,0.9240,0.6980,0.9580,0.384,0.5960,0.65,0.045,0.2
'AS778963                            ',0.7160,0.0950,0.4770,0.9500,0.58,0.5070,0.51,0.352,0.1
'AS197573                            ',0.8930,0.5270,0.7840,0.1620,0.202,0.6350,0.86,0.451,0.1
'AS449926                            ',0.0930,0.4460,0.7970,0.6470,0.44,0.3690,0.05,0.987,0.2
'AS562374                            ',0.2090,0.3590,0.6590,0.2610,0.845,0.0600,0.41,0.964,0.3
'AS917297                            ',0.9110,0.2830,1.0000,-0.4650,0.591,0.5940,0.34,0.802,0.3
'AS510859                            ',0.4390,0.4980,0.7660,0.7260,0.879,0.2580,0.22,0.539,0.2
'AS576630                            ',0.7000,0.3210,0.4130,-0.5520,0.4,0.4400,0.88,0.362,0.4
'AS810150                            ',0.1730,0.5870,0.8450,0.5280,0.986,0.1480,0.96,0.678,1.0
'AS689919                            ',0.7570,0.6470,0.5470,-0.6380,0.081,0.9730,0.79,0.619,0.9
'AS524156                            ',0.8930,0.9760,0.8710,-0.3760,0.356,0.4430,0.98,0.143,0.8
'AS645424                            ',0.5780,0.1370,0.4010,0.2500,0.452,0.6660,0.27,0.718,0.3
'AS632950                            ',0.2350,0.2880,0.5420,0.7770,0.614,0.9820,0.84,0.859,0.1
'AS848546                            ',0.2340,0.3250,0.7960,-0.1890,0.511,0.6630,0.01,0.353,0.3
'AS632441                            ',0.1080,0.6150,0.4890,-0.5830,0.182,0.2680,0.61,0.042,0.7
'AS836751                            ',0.0860,0.9520,0.7340,-0.3730,0.402,0.9260,0.08,0.744,0.4
'AS321936                            ',0.3910,0.8790,0.7650,0.0480,0.952,0.6490,0.18,0.736,0.0
'AS970559                            ',0.6030,0.8230,0.7950,0.4030,0.489,0.7460,0.33,0.578,0.8
'AS111866                            ',0.2060,0.8300,0.9920,-0.4530,0.284,0.0100,0.71,0.614,0.4
'AS629140                            ',0.4340,0.0740,0.1250,0.7790,0.064,0.1590,0.89,0.196,0.0
'AS121813                            ',0.0100,0.6040,0.3410,0.6040,0.366,0.7390,0.17,0.138,0.3
'AS735433                            ',0.9930,0.6530,0.6420,0.1680,0.073,0.8750,0.76,0.739,0.3
'AS999544                            ',0.7600,0.2430,0.4910,0.6080,0.587,0.0820,0.18,0.816,0.3
'AS375965                            ',0.9570,0.6500,0.4010,0.1190,0.491,0.3860,0.66,0.712,0.6
'AS339131                            ',0.7330,0.5110,0.8710,-0.1240,0.92,0.6710,0.17,0.442,0.1
'AS709763                            ',0.5330,0.7640,0.0990,-0.0790,0.147,0.6350,0.91,0.209,0.8
'AS463824                            ',0.8970,0.2990,0.2730,0.5550,0.571,0.2240,0.08,0.637,0.1
'AS533741                            ',0.2330,0.2100,0.6580,-0.0900,0.966,0.6060,0.25,0.550,0.7
'AS587378                            ',0.9710,0.5510,0.8470,-0.9760,0.459,0.3750,0.94,0.816,0.1
'AS658911                            ',0.0880,0.8010,0.0280,-0.8800,0.548,0.2060,1.00,0.593,0.6
'AS841320                            ',0.2070,0.8710,0.7750,-0.1310,0.075,0.0210,0.36,0.309,0.8
'AS189877                            ',0.7870,0.0350,0.8790,-0.4610,0.542,0.7540,0.23,0.668,0.5
'AS735368                            ',0.9730,0.5920,0.2510,-0.2890,0.555,0.9710,0.82,0.263,0.6
'AS269255                            ',0.3030,0.8120,0.2890,-0.1620,0.788,0.6700,0.04,0.087,0.2
'AS222551                            ',0.4100,0.4950,0.6610,0.4480,0.334,0.5730,0.49,0.454,0.3
'AS188217                            ',0.7390,0.4010,0.9910,0.1370,0.851,0.4200,0.15,0.817,0.7
'AS453811                            ',0.0600,0.6360,0.7730,-0.1930,0.107,0.3770,0.26,0.689,0.4
'AS710285                            ',0.1110,0.3200,0.6270,-0.5610,0.237,0.8580,0.13,0.080,0.9
'AS664916                            ',0.1560,0.8300,0.5850,0.8580,0.872,0.5270,0.18,0.097,0.4
'AS943643                            ',0.9970,0.3690,0.2880,0.7520,0.304,0.1020,0.55,0.395,0.3
'AS217228                            ',0.1180,0.7100,0.3200,-0.3890,0.713,0.0330,0.51,0.719,0.8
'AS750773                            ',0.9450,0.0010,0.8780,0.2000,0.034,0.4650,0.52,0.875,0.4
'AS433735                            ',0.2720,0.7390,0.3550,0.5890,0.29,0.2680,0.00,0.963,0.1
'AS859667                            ',0.1690,0.6780,0.4990,0.3340,0.735,0.3400,0.68,0.217,0.0
'AS212100                            ',0.1940,0.8520,0.0470,-0.2980,0.625,0.1050,0.63,0.247,0.1
'AS976636                            ',0.7230,0.6220,0.7950,-0.7370,0.179,0.4560,0.76,0.783,0.5
'AS730114                            ',0.4310,0.1980,0.9710,-0.8470,0.808,0.1160,0.80,0.605,0.1
'AS153945                            ',0.3820,0.1520,0.2490,0.7950,0.176,0.8830,0.02,0.276,0.2
'AS877632                            ',0.8200,0.0160,0.9580,-0.1980,0.286,0.5060,0.85,0.700,0.5
'AS844825                            ',0.3830,0.9260,0.1030,-0.5690,0.722,0.7700,0.01,0.627,0.9
'AS962011                            ',0.6390,0.6350,0.8100,-0.5080,0.445,0.8770,0.20,0.025,0.5
'AS704689                            ',0.1180,0.0740,0.1130,-0.9880,0.302,0.1960,0.58,0.086,0.8
'AS965454                            ',0.6420,0.7550,0.5310,-0.0310,0.248,0.4970,0.68,0.058,0.5
'AS471134                            ',0.5900,0.2760,0.3850,-0.8290,0.935,0.7730,0.24,0.702,0.4
'AS151090                            ',0.3070,0.7000,0.9300,0.6620,0.797,0.0560,0.50,0.566,0.3
'AS868739                            ',0.3570,0.2800,0.3780,-0.7420,0.608,0.3340,0.60,0.864,0.0
'AS941441                            ',0.8970,0.5900,0.2690,0.3550,0.103,0.9420,0.33,0.853,0.5
'AS781356                            ',0.3880,0.8050,0.0390,-0.3570,0.013,0.2710,0.15,0.192,0.2
'AS335660                            ',0.9550,0.3660,0.2230,-0.1020,0.809,0.0610,0.11,0.768,0.0
'AS513973                            ',0.1420,0.6430,0.8730,-0.6450,0.368,0.7670,0.34,0.358,0.8
'AS493797                            ',0.9710,0.3990,0.5860,-0.8060,0.555,0.8270,0.31,0.169,0.5
'AS474437                            ',0.3750,0.9170,0.8660,0.5420,0.087,0.1940,0.21,0.732,0.2
'AS260997                            ',0.4150,0.4750,0.7630,0.8590,0.414,0.0190,0.33,0.486,0.0
'AS797263                            ',0.8450,0.8810,0.2310,-0.3680,0.084,0.6750,0.86,0.939,0.7
'AS851651                            ',0.7410,0.0240,0.8500,-0.9890,0.099,0.6670,0.78,0.322,0.6
'AS711963                            ',0.7760,0.9480,0.2400,-0.0870,0.391,0.2490,0.08,0.750,0.7
'AS367558                            ',0.0300,0.6540,0.3330,-0.5370,0.821,0.0010,0.84,0.961,0.2
'AS221061                            ',0.6520,0.3910,0.3700,-0.3300,0.311,0.4190,0.08,0.599,0.3
'AS195508                            ',0.3560,0.2870,0.8030,0.3220,0.59,0.9830,0.40,0.969,0.6
'AS532764                            ',0.6420,0.5740,0.2910,-0.6670,0.157,0.7240,0.23,0.222,0.4
'AS814217                            ',0.2020,0.1160,0.2400,-0.6130,0.007,0.0090,0.60,0.560,0.2
'AS489501                            ',0.6780,0.2610,0.0090,0.1900,0.83,0.8080,0.24,0.888,0.7
'AS310829                            ',0.0320,0.2440,0.2580,-0.8350,0.397,0.9020,0.60,0.022,0.5
'AS596586                            ',0.2490,0.1600,0.5510,0.3870,0.042,0.1380,0.33,0.760,0.4
'AS445782                            ',0.9160,0.8870,0.4990,-0.6490,0.648,0.9800,0.50,0.367,0.0
'AS509638                            ',0.1190,0.4360,0.2050,-0.6030,0.965,0.0840,0.60,0.675,0.6
'AS650033                            ',0.0900,0.7490,0.9630,0.1740,0.746,0.4140,0.36,0.002,0.7
'AS549725                            ',0.6070,0.9160,0.2580,0.6380,0.674,0.4140,0.35,0.482,0.3
'AS635537                            ',0.4970,0.3160,0.5840,0.6600,0.729,0.7460,0.87,0.718,0.1
'AS245295                            ',0.9550,0.8960,0.6330,-0.2020,0.089,0.8330,0.06,0.817,0.4
'AS129076                            ',0.2790,0.7670,0.7370,0.4720,0.682,0.7220,0.81,0.603,0.0
'AS372966                            ',0.9100,0.6620,0.0860,0.1160,0.296,0.9890,0.85,0.895,0.7
'AS835170                            ',0.1720,0.3940,0.5290,0.3350,0.238,0.3900,0.29,0.523,0.9
'AS786300                            ',0.0760,0.8500,0.9490,-0.7940,0.96,0.6220,0.95,0.366,0.2
'AS455495                            ',0.3670,0.9010,0.9810,-0.0320,0.161,0.3050,0.64,0.137,0.7
'AS807490                            ',0.7910,0.4220,0.6780,-0.2390,0.32,0.0710,0.10,0.817,0.0
'AS986382                            ',0.3230,0.7580,0.8550,0.1690,0.916,0.0640,0.26,0.084,0.4
'AS583979                            ',0.4870,0.4580,0.7720,-0.2740,0.884,0.7080,0.03,0.175,0.9
'AS783526                            ',0.9540,0.4140,0.2390,-0.7470,0.623,0.4910,0.95,0.933,0.9
'AS329795                            ',0.1370,0.0050,0.4630,-0.5220,0.576,0.2350,0.03,0.958,0.3
'AS822467                            ',0.4170,0.3900,0.5750,-0.0030,0.478,0.6850,0.40,0.746,0.3
'AS864648                            ',0.0030,0.1500,0.7210,0.7790,0.682,0.2180,0.91,0.587,0.3
'AS467565                            ',0.9690,0.8840,0.8550,-0.1000,0.119,0.9200,0.25,0.219,0.5
'AS768992                            ',0.8060,0.5770,0.4830,-0.3510,0.127,0.9120,0.36,0.790,0.1
'AS456634                            ',0.4980,0.9150,0.3720,-0.3160,0.043,0.5260,0.54,0.852,0.2
'AS752762                            ',0.3240,0.3970,0.6990,0.5060,0.54,0.2880,0.46,0.338,0.2
'AS728048                            ',0.4030,0.5090,0.9580,-0.8730,0.895,0.7800,0.63,0.444,0.1
'AS225339                            ',0.8200,0.5840,0.3080,0.5980,0.397,0.6450,0.07,0.588,0.1
'AS331582                            ',0.9670,0.9400,0.5090,0.3770,0.008,0.0180,0.13,0.511,0.3
'AS333543                            ',0.5500,0.6010,0.8160,0.1840,0.466,0.8390,0.84,0.493,1.0
'AS296654                            ',0.9220,0.5280,0.4460,0.6250,0.152,0.3870,0.82,0.596,0.8
'AS387936                            ',0.4150,0.4790,0.9210,0.0210,0.952,0.9620,0.34,0.215,0.8
'AS332554                            ',0.4820,0.7150,0.8860,-0.3730,0.295,0.0910,0.97,0.838,0.5
'AS142850                            ',0.4940,0.8900,0.1360,0.3410,0.616,0.4280,0.05,0.382,0.7
'AS468162                            ',0.2470,0.8990,0.8760,0.0870,0.198,0.6830,0.87,0.365,0.5
'AS549314                            ',0.0010,0.1380,0.1410,0.7260,0.075,0.1670,0.32,0.526,0.9
'AS365308                            ',0.4500,0.5820,0.0080,-0.3080,0.356,0.3970,0.21,0.130,0.1
'AS522188                            ',0.1900,0.5350,0.7870,-0.8780,0.591,0.7880,0.08,0.581,0.7
'AS306920                            ',0.3610,0.9560,0.7220,0.2070,0.89,0.0020,0.35,0.362,0.1
'AS726379                            ',0.6310,0.5970,0.9840,-0.4130,0.13,0.2560,0.00,0.923,0.7
'AS969379                            ',0.3300,0.3660,0.8410,-0.2740,0.972,0.2570,0.89,0.999,0.9
'AS628147                            ',0.4120,0.0240,0.4220,-0.3290,0.91,0.0880,0.13,0.341,0.4
'AS973504                            ',0.4860,0.7200,0.0750,-0.3130,0.1,0.4730,1.00,0.468,0.6
'AS698596                            ',0.3670,0.4060,0.1970,0.6060,0.773,0.6330,0.20,0.816,0.7
'AS823515                            ',0.7870,0.4390,0.3060,-0.3620,0.013,0.6180,0.57,0.348,0.9
'AS362267                            ',0.0050,0.8260,0.6100,-0.3110,0.217,0.3250,0.28,0.382,0.1
'AS651288                            ',0.1370,0.0630,0.8380,0.8450,0.392,0.1470,0.97,0.255,0.2
'AS732752                            ',0.0710,0.6900,0.7380,0.0230,0.826,0.4970,0.75,0.503,0.7
'AS342806                            ',0.9170,0.1050,0.5980,0.8000,0.158,0.9420,0.17,0.708,0.0
'AS644319                            ',0.6860,0.0620,0.3310,0.6220,0.586,0.8470,0.21,0.509,0.2
'AS979165                            ',0.7610,0.6620,0.0120,0.5130,0.577,0.0620,0.22,0.304,0.5
'AS371495                            ',0.7100,0.7970,0.7470,-0.0910,0.95,0.9490,0.22,0.918,0.0
'AS992341                            ',0.5180,0.3730,0.0050,0.8370,0.861,0.6760,0.09,0.904,0.7
'AS728787                            ',0.5640,0.2040,0.3960,0.1510,0.315,0.6420,0.94,0.614,0.5
'AS944380                            ',0.5730,0.1500,0.7210,0.7670,0.701,0.5150,0.44,0.854,0.3
'AS410163                            ',0.8210,0.4500,0.5740,0.0390,0.51,0.2780,0.68,0.159,0.1
'AS835802                            ',0.5160,0.4530,0.5970,-0.6210,0.547,0.7620,0.43,0.395,0.8
'AS607267                            ',0.3250,0.7540,0.6060,-0.7370,0.314,0.1910,0.57,0.934,0.1
'AS463297                            ',0.0720,0.8180,0.4980,-0.7990,0.58,0.6470,0.39,0.206,0.1
'AS423076                            ',0.7060,0.2950,0.0330,-0.6440,0.32,0.4610,0.09,0.704,0.3
'AS539368                            ',0.0530,0.3230,0.6590,-0.1810,0.662,0.1700,0.35,0.582,0.9
'AS588888                            ',0.0820,0.6660,0.9420,0.4620,0.09,0.6110,0.36,0.045,0.9
'AS599763                            ',0.6000,0.1130,0.4970,-0.1430,0.449,0.7420,0.37,0.727,0.1
'AS201985                            ',0.5240,0.4580,0.8200,0.7680,0.489,0.9730,0.80,0.978,0.0
'AS528065                            ',0.9250,0.6050,0.4160,-0.1540,0.786,0.4040,0.65,0.992,1.0
'AS219879                            ',0.7850,0.0140,0.1050,-0.9780,0.942,0.5000,0.08,0.064,0.5
'AS267429                            ',0.1280,0.5420,0.7220,-0.5060,0.6,0.3600,0.36,0.398,0.9
'AS920436                            ',0.0050,0.4870,0.7510,-0.2880,0.705,0.9040,0.91,0.431,1.0
'AS538899                            ',0.7320,0.7350,0.0520,-0.4350,0.047,0.7090,0.38,0.369,0.3
'AS634066                            ',0.8120,0.6480,0.6620,-0.1250,0.481,0.1920,0.53,0.624,0.3
'AS291075                            ',0.3610,0.0380,0.7850,-0.3160,0.648,0.7890,0.08,0.434,0.5
'AS761607                            ',0.8130,0.7890,0.1340,0.7080,0.001,0.3680,0.44,0.174,0.1
'AS381948                            ',0.1690,0.0360,0.5060,-0.9860,0.097,0.3610,0.37,0.644,0.2
'AS809027                            ',0.8980,0.4130,0.0250,0.4220,0.346,0.1210,0.35,0.860,0.7
'AS363585                            ',0.7850,0.9410,0.6510,0.7490,0.514,0.5700,0.02,0.705,0.6
'AS522696                            ',0.7650,0.8960,0.0800,0.9030,0.148,0.3640,0.71,0.047,0.9
'AS727687                            ',0.0080,0.0230,0.9600,0.9860,0.26,0.4110,0.80,0.743,0.6
'AS415237                            ',0.1580,0.8740,0.1340,-0.4720,0.239,0.8640,0.85,0.939,0.5
'AS970799                            ',0.4450,0.3790,0.5620,0.5700,0.56,0.4920,0.54,0.724,0.5
'AS104801                            ',0.3560,0.3940,0.9180,0.5050,0.731,0.8910,0.20,0.433,0.8
'AS403762                            ',0.8740,0.9850,0.2630,-0.9100,0.229,0.3120,0.86,0.639,0.5
'AS195279                            ',0.0480,0.9860,0.7940,-0.6430,0.471,0.3750,0.89,0.749,0.3
'AS437426                            ',0.7100,0.3500,0.3700,0.5410,0.581,0.8680,0.67,0.410,0.5
'AS992066                            ',0.1870,0.2530,0.2350,-0.2390,0.814,0.3310,0.08,0.431,0.3
'AS962573                            ',0.0210,0.1480,0.4970,0.8710,0.547,0.7750,0.13,0.981,0.7
'AS283202                            ',0.1540,0.0160,0.7310,-0.1710,0.266,0.8310,0.16,0.429,0.5
'AS439705                            ',0.4150,0.6880,0.2950,0.1650,0.888,0.6050,0.59,0.689,0.4
'AS609806                            ',0.5970,0.8780,0.1370,0.8090,0.128,0.4160,0.90,0.282,0.7
'AS213926                            ',0.2810,0.0300,0.1400,-0.1460,0.602,0.9680,0.95,0.076,0.7
'AS661611                            ',0.1950,0.3610,0.8940,0.3490,0.228,0.9790,0.54,0.732,0.3
'AS177908                            ',0.4770,0.3670,0.0240,-0.6340,0.734,0.8660,0.73,0.244,0.6
'AS248943                            ',0.5410,0.7030,0.5300,-0.7010,0.765,0.9430,0.14,0.809,0.3
'AS558515                            ',0.0210,0.9020,0.2870,0.6310,0.862,0.2130,0.02,0.484,0.4
'AS221604                            ',0.4270,0.7950,0.4190,0.3520,0.971,0.9070,0.46,0.002,0.2
'AS737783                            ',0.2550,0.4640,0.8990,0.7440,0.784,0.2540,0.84,0.633,0.5
'AS626923                            ',0.3530,0.7050,0.3650,-0.6340,0.24,0.5150,0.91,0.939,0.6
'AS482515                            ',0.4560,0.8700,0.5120,-0.9270,0.174,0.0740,0.95,0.222,1.0
'AS334972                            ',0.6290,0.2570,0.2580,-0.6870,0.534,0.8000,0.30,0.808,0.4
'AS916637                            ',0.8960,0.5690,0.7450,-0.0520,0.698,0.2440,0.71,0.803,1.0
'AS277574                            ',0.9910,0.1380,0.8110,0.2040,0.565,0.0480,0.87,0.862,0.5
'AS112781                            ',0.6470,0.9520,0.5830,0.0410,0.746,0.1660,0.06,0.699,0.8
'AS864169                            ',0.0900,0.0160,0.7580,0.8260,0.745,0.2210,0.24,0.689,0.9
'AS555087                            ',0.2580,0.4810,0.6760,-0.3410,0.889,0.8930,0.20,0.013,0.4
'AS493237                            ',0.0860,0.1550,0.9040,-0.1950,0.405,0.4640,0.45,0.921,0.3
'AS422427                            ',0.2260,0.4020,0.3470,-0.2890,0.104,0.1080,0.98,0.161,0.8
'AS632255                            ',0.4730,0.2040,0.8750,-0.4820,0.136,0.8840,0.72,0.020,1.0
'AS502414                            ',0.1500,0.3220,0.1060,-0.1520,0.428,0.3140,0.39,0.644,0.6
'AS552023                            ',0.9520,0.5300,0.1300,-0.5600,0.824,0.7400,0.64,0.645,0.3
'AS405225                            ',0.6880,0.6290,0.4320,0.4520,0.13,0.9130,0.43,0.109,1.0
'AS627808                            ',0.8500,0.9540,0.4440,-0.1020,0.804,0.6560,0.19,0.492,0.1
'AS175545                            ',0.4790,0.7400,0.8900,-0.5370,0.223,0.7110,0.99,0.021,0.1
'AS332274                            ',0.6850,0.1310,0.0030,-0.4230,0.209,0.8000,0.64,0.208,1.0
'AS388427                            ',0.9400,0.9020,0.6070,0.8060,0.255,0.7060,0.33,0.165,0.1
'AS527922                            ',0.8930,0.8440,0.6120,0.7580,0.283,0.8380,0.27,0.022,0.5
'AS960725                            ',0.6540,0.0180,0.9480,0.4020,0.254,0.8630,1.00,0.267,0.0
'AS380471                            ',0.5490,0.7760,0.7000,0.2150,0.104,0.4190,0.71,0.488,0.8
'AS485294                            ',0.2410,0.8070,0.0840,0.0970,0.691,0.7900,0.89,0.612,0.7
'AS472446                            ',0.8050,0.8950,0.0090,-0.2210,0.331,0.0180,0.35,0.338,0.1
'AS805539                            ',0.4440,0.9690,0.1130,-0.0690,0.407,0.8820,0.99,0.754,0.0
'AS991804                            ',0.3180,0.9820,0.8510,0.2850,0.985,0.4120,0.89,0.435,0.8
'AS107292                            ',0.6170,0.7410,0.4390,-0.3840,0.524,0.4000,0.66,0.420,0.9
'AS942492                            ',0.4760,0.8110,0.9960,-0.4220,0.986,0.2300,0.97,0.795,0.9
'AS329753                            ',0.4770,0.2500,0.2250,0.9590,0.551,0.1620,0.83,0.635,0.4
'AS983029                            ',0.4270,0.0770,0.6920,-0.9650,0.755,0.6860,0.77,0.452,0.6
'AS122291                            ',0.2850,0.4330,0.1930,-0.5210,0.975,0.1550,0.22,0.376,0.8
'AS823359                            ',0.3630,0.8320,0.7750,0.6100,0.961,0.2830,0.61,0.934,0.3
'AS485267                            ',0.2460,0.9360,0.4250,-0.7340,0.594,0.6550,0.84,0.622,0.3
'AS781442                            ',0.1830,0.9340,0.1850,0.8340,0.088,0.0140,0.58,0.589,0.7
'AS594019                            ',0.0410,0.9750,0.4950,0.7630,0.227,0.2060,0.59,0.915,0.4
'AS597370                            ',0.7800,0.3000,0.9990,0.3730,0.361,0.1780,0.69,0.768,0.3
'AS213706                            ',0.7610,0.8960,0.6730,0.8020,0.125,0.4710,0.43,0.635,0.1
'AS493069                            ',0.0550,0.8400,0.6320,0.9160,0.938,0.6540,0.32,0.373,0.3
'AS633557                            ',0.2570,0.3610,0.5660,-0.2740,0.826,0.1550,0.76,0.662,0.9
'AS421080                            ',0.0500,0.3940,0.6740,-0.8300,0.497,0.3100,0.33,0.780,0.7
'AS963347                            ',0.9900,0.0900,0.4040,-0.3790,0.212,0.7380,0.54,0.439,0.6
'AS737727                            ',0.9860,0.0030,0.5870,0.9620,0.017,0.6790,0.04,0.613,0.4
'AS120451                            ',0.5330,0.9850,0.6440,0.3760,0.46,0.9950,0.15,0.476,1.0
'AS142704                            ',0.6710,0.7860,0.4060,-0.7050,0.838,0.6060,0.46,0.780,0.6
'AS772450                            ',0.9580,0.7470,0.6890,0.8570,0.008,0.5190,0.38,0.378,0.8
'AS315100                            ',0.9400,0.3810,0.8310,-0.8650,0.83,0.9920,0.21,0.165,0.6
'AS801094                            ',0.7860,0.9050,0.6940,-0.3050,0.44,0.4570,0.68,0.143,0.4
'AS177071                            ',0.6900,0.4820,0.0040,0.8430,0.803,0.4870,0.91,0.557,0.1
'AS485251                            ',0.0090,0.2520,0.5210,-0.3430,0.514,0.6110,0.18,0.127,0.5
'AS998976                            ',0.0810,0.1660,0.3640,-0.7320,0.478,0.3630,0.59,0.518,0.5
'AS750367                            ',0.7690,0.4980,0.7000,0.7980,0.787,0.4380,0.95,0.840,0.3
'AS603156                            ',0.9550,0.7490,0.2930,-0.0880,0.221,0.3790,0.84,0.442,0.4
'AS829924                            ',0.3600,0.1390,0.4270,0.1640,0.855,0.4070,0.49,0.696,0.3
'AS287324                            ',0.0760,0.4180,0.4120,-0.5010,0.189,0.2990,0.82,0.098,0.8
'AS858185                            ',0.5700,0.7200,0.7800,-0.1690,0.786,0.6500,0.16,0.106,0.7
'AS351612                            ',0.2000,0.9360,0.8810,0.0590,0.427,0.5920,0.06,0.156,1.0
'AS613327                            ',0.1820,0.2650,0.4050,0.1560,0.158,0.6180,0.54,0.299,0.4
'AS727293                            ',0.5430,0.1330,0.2170,0.2730,0.167,0.2080,0.40,0.402,0.9
'AS563686                            ',0.9530,0.7910,0.9950,-0.2870,0.794,0.7700,0.07,0.155,0.3
'AS707656                            ',0.0770,0.0750,0.4750,-0.6110,0.974,0.0120,0.96,0.629,0.4
'AS604563                            ',0.0700,0.4080,0.7110,-0.3970,0.327,0.5510,0.27,0.276,0.0
'AS206986                            ',0.2000,0.9600,0.2910,0.4320,0.334,0.7190,0.33,0.450,0.8
'AS967474                            ',0.6390,0.9300,0.8780,0.6210,0.232,0.7080,0.41,0.049,0.5
'AS865019                            ',0.4270,0.1360,0.0970,-0.8000,0.897,0.5990,0.30,0.471,0.7
'AS944965                            ',0.5840,0.7320,0.9200,-0.2350,0.964,0.2150,0.00,0.633,1.0
'AS476925                            ',0.2790,0.2800,0.9260,-0.1410,0.558,0.9870,0.97,0.971,0.8
'AS196978                            ',0.8230,0.0590,0.3680,-0.4170,0.799,0.7200,0.16,0.892,0.1
'AS784060                            ',0.7470,0.1160,0.1610,-0.2660,0.432,0.5380,0.77,0.429,0.5
'AS421846                            ',0.3070,0.3130,0.7180,0.6250,0.699,0.1000,0.45,0.643,0.4
'AS276655                            ',0.4230,0.0140,0.5030,0.5700,0.536,0.0950,0.32,0.118,1.0
'AS948516                            ',0.2650,0.5850,0.2670,-0.3100,0.909,0.1650,0.16,0.629,0.1
'AS579727                            ',0.8890,0.6360,0.4910,0.4290,0.395,0.8770,0.15,0.079,0.4
'AS633018                            ',0.6200,0.0320,0.3660,0.9340,0.914,0.3120,0.21,0.541,0.4
'AS414398                            ',0.2050,0.9930,0.7060,-0.8270,0.41,0.9050,0.99,0.810,1.0
'AS195817                            ',0.0300,0.4430,0.3580,-0.3520,0.287,0.0510,0.01,0.439,1.0
'AS467089                            ',0.9750,0.6790,0.6450,-0.4650,0.742,0.5430,0.76,0.688,0.2
'AS568306                            ',0.7990,0.7950,0.5890,-0.6620,0.764,0.9010,0.53,0.228,0.7
'AS109943                            ',0.9980,0.0040,0.0770,0.2850,0.54,0.2390,0.14,0.797,0.9
'AS420717                            ',0.7490,0.1850,0.3430,-0.5500,0.607,0.6810,0.23,0.268,0.8
'AS828825                            ',0.7010,0.8620,0.2730,-0.4350,0.202,0.0620,0.81,0.461,0.3
'AS178942                            ',0.5700,0.6110,0.7710,-0.1290,0.553,0.7020,0.69,0.730,0.3
'AS354213                            ',0.0620,0.2120,0.8050,-0.2080,0.263,0.8770,0.73,0.103,0.4
'AS646501                            ',0.7540,0.3630,0.2590,-0.6400,0.791,0.3370,0.97,0.023,0.5
'AS491205                            ',0.5010,0.9990,0.0200,0.7680,0.341,0.0880,0.72,0.068,0.9
'AS579540                            ',0.4500,0.7300,0.9210,0.6990,0.045,0.1330,0.46,0.874,0.9
'AS844894                            ',0.5510,0.7910,0.6520,0.5590,0.261,0.0860,0.96,0.021,0.8
'AS897293                            ',0.1260,0.2840,0.6370,0.5390,0.408,0.0580,0.18,0.670,0.6
'AS289692                            ',0.4560,0.6350,0.5750,0.7900,0.879,0.0360,0.62,0.156,0.5
'AS183970                            ',0.3380,0.4130,0.0250,0.6300,0.968,0.4550,0.45,0.601,0.8
'AS664489                            ',0.8730,0.5610,0.6590,-0.5500,0.814,0.2340,0.14,0.644,0.3
'AS823000                            ',0.5040,0.9400,0.1140,-0.8760,0.081,0.2040,0.10,0.740,0.3
'AS944140                            ',0.8790,0.3630,0.7180,-0.8110,0.405,0.8550,0.01,0.049,0.6
'AS598253                            ',0.6940,0.9340,0.0150,-0.2300,0.491,0.2470,0.14,0.881,0.9
'AS314508                            ',0.8820,0.7840,0.3910,-0.1290,0.829,0.6940,0.29,0.621,0.1
'AS771521                            ',0.2120,0.6910,0.4580,-0.7400,0.88,0.0440,0.47,0.525,0.2
'AS931657                            ',0.6210,0.7940,0.5980,-0.3410,0.745,0.5280,1.00,0.609,0.6
'AS281516                            ',0.2720,0.4780,0.9000,-0.3900,0.997,0.1230,0.45,0.369,0.2
'AS725425                            ',0.1610,0.2330,0.8960,0.7530,0.26,0.9340,0.40,0.794,0.7
'AS877633                            ',0.9310,0.1010,0.8170,0.1310,0.452,0.5220,0.60,0.133,0.9
'AS492381                            ',0.8110,0.8500,0.0220,-0.8870,0.765,0.7030,0.66,0.037,0.1
'AS677015                            ',0.9090,0.8290,0.8760,0.5370,0.079,0.6660,0.14,0.711,0.6
'AS917146                            ',0.1660,0.5490,0.7490,-0.7510,0.384,0.9240,0.91,0.415,0.1
'AS581457                            ',0.4960,0.0100,0.9110,-0.0710,0.121,0.4190,0.34,0.648,0.9
'AS786449                            ',0.4170,0.5350,0.1580,0.8880,0.237,0.3840,0.69,0.180,0.9
'AS819895                            ',0.3810,0.9480,0.7330,0.7040,0.548,0.0860,0.68,0.462,0.2
'AS866338                            ',0.1110,0.4560,0.9870,0.9110,0.07,0.0960,0.32,0.271,0.2
'AS798018                            ',0.4820,0.2950,0.1230,-0.7590,0.969,0.5180,0.61,0.628,0.1
'AS494781                            ',0.0480,0.4400,0.3280,0.4750,0.993,0.2870,0.46,0.911,0.9
'AS718260                            ',0.6890,0.2480,0.8250,0.7790,0.435,0.3660,0.77,0.251,0.3
'AS791281                            ',0.0810,0.4000,0.0720,0.5630,0.772,0.6470,0.84,0.220,1.0
'AS757104                            ',0.1430,0.8940,0.4950,0.5140,0.339,0.7600,0.36,0.385,0.8
'AS280586                            ',0.4660,0.6900,0.7040,-0.5060,0.019,0.3700,0.99,0.937,0.6
'AS877796                            ',0.2630,0.5130,0.4200,0.2160,0.199,0.4470,0.88,0.920,0.3
'AS879054                            ',0.5750,0.1010,0.1670,0.6060,0.608,0.4100,0.62,0.365,0.9
'AS711331                            ',0.2120,0.4030,0.8780,0.7480,0.531,0.8230,0.55,0.883,1.0
'AS930407                            ',0.3070,0.7880,0.7330,-0.3190,0.397,0.3020,0.46,0.158,0.8
'AS757990                            ',0.3320,0.3480,0.4740,0.6770,0.701,0.4340,0.16,0.760,1.0
'AS180056                            ',0.6410,0.5850,0.6340,-0.7760,0.606,0.7410,0.96,0.694,0.9
'AS509619                            ',0.0550,0.7480,0.2970,0.4740,0.513,0.6990,0.16,0.540,0.9
'AS773038                            ',0.7360,0.0880,0.3860,0.5690,0.042,0.6750,0.44,0.567,0.3
'AS317201                            ',0.1220,0.2500,0.5330,-0.2510,0.857,0.5630,0.73,0.336,0.2
'AS625481                            ',0.0880,0.9910,0.1550,0.3300,0.937,0.9740,0.98,0.448,0.9
'AS748882                            ',0.7090,0.9070,0.5880,0.9890,0.475,0.2740,0.75,0.587,0.1
'AS474617                            ',0.7520,0.3450,0.3840,0.0970,0.45,0.5460,0.08,0.192,0.4
'AS916366                            ',0.6800,0.7630,0.5330,-0.5530,0.638,0.0970,0.02,0.631,0.0
'AS799087                            ',0.3310,0.6310,0.1950,0.9770,0.982,0.5880,0.64,0.811,0.4
'AS658204                            ',0.7430,0.1300,0.0140,-0.2780,0.925,0.3520,0.09,0.836,0.8
'AS388824                            ',0.3400,0.4660,0.9330,0.1790,0.575,0.7910,0.17,0.740,0.5
'AS538952                            ',0.7720,0.1050,0.1940,0.3560,0.415,0.8440,0.61,0.582,0.7
'AS490194                            ',0.8390,0.3710,0.5350,0.7920,0.291,0.6810,0.67,0.550,0.9
'AS851013                            ',0.0040,0.9520,0.8730,0.1580,0.366,0.0480,0.22,0.062,0.9
'AS149122                            ',0.2660,0.2830,0.5960,0.8740,0.708,0.5460,0.47,0.665,0.6
'AS482801                            ',0.2350,0.1000,0.1000,0.3040,0.54,0.0560,0.52,0.763,0.9
'AS107907                            ',0.0840,0.9190,0.1140,0.5120,0.428,0.0860,0.13,0.008,0.9
'AS515104                            ',0.3150,0.5880,0.8260,-0.1140,0.102,0.5160,0.19,0.405,0.5
'AS949745                            ',0.9920,0.5530,0.9230,-0.8730,0.844,0.4390,0.02,0.113,0.1
'AS458927                            ',0.8040,0.6110,0.2340,0.1720,0.956,0.0050,0.62,0.747,0.2
'AS519518                            ',0.7820,0.8170,0.4390,0.5990,0.13,0.0570,0.84,0.350,0.7
'AS291049                            ',0.3410,0.8360,0.0370,-0.3000,0.75,0.4230,0.53,0.962,0.8
'AS435198                            ',0.6570,0.1450,0.5950,0.6280,0.032,0.8900,0.15,0.645,0.8
'AS554430                            ',0.7290,0.2250,0.8740,0.6290,0.897,0.7150,0.17,0.058,0.4
'AS958811                            ',0.2000,0.0260,0.6680,0.2640,0.35,0.6500,0.60,0.283,0.6
'AS249683                            ',0.7890,0.9070,0.8970,-0.9980,0.316,0.0980,0.14,0.153,0.2
'AS609890                            ',0.1760,0.3450,0.5810,0.5410,0.512,0.7430,0.83,0.299,0.2
'AS943319                            ',0.6140,0.1370,0.7780,-0.2710,0.863,0.6120,0.95,0.461,0.4
'AS418390                            ',0.1730,0.8380,0.7480,-0.4720,0.742,0.3470,0.70,0.601,0.5
'AS829199                            ',0.7710,0.0460,0.1770,0.2420,0.659,0.2490,0.57,0.313,0.6
'AS314325                            ',0.3110,0.2650,0.1320,-0.6730,0.886,0.3120,0.87,0.991,0.3
'AS342053                            ',0.1160,0.9100,0.4820,0.7400,0.72,0.0070,0.99,0.977,0.3
'AS257418                            ',0.9980,0.8580,0.7530,0.3420,0.537,0.1390,0.49,0.654,0.1
'AS812598                            ',0.2880,0.0020,0.7230,-0.1980,0.604,0.3970,0.23,0.518,0.5
'AS716128                            ',0.7510,0.5170,0.3430,-0.9790,0.434,0.1340,0.59,0.199,0.4
'AS151372                            ',0.8900,0.0580,0.2560,-0.1720,0.561,0.9970,0.12,0.027,0.0
'AS691793                            ',0.4420,0.1170,0.5410,0.2130,0.913,0.0990,0.34,0.993,0.7
'AS975548                            ',0.5910,0.8200,0.4460,0.8600,0.473,0.4570,0.97,0.490,0.5
'AS886234                            ',0.6860,0.2120,0.5970,-0.6640,0.824,0.4550,0.09,0.889,0.9
'AS253389                            ',0.6080,0.9020,0.8290,-0.6910,0.905,0.4910,0.74,0.259,0.8
'AS721250                            ',0.2460,0.1670,0.8220,-0.5190,0.344,0.6590,0.23,0.671,0.5
'AS136833                            ',0.1530,0.3250,0.9950,0.9890,0.357,0.5930,0.72,0.050,0.0
'AS515416                            ',0.2070,0.2590,0.3590,0.2130,0.674,0.6980,0.24,0.648,0.5
'AS781400                            ',0.8030,0.9110,0.0740,-0.9330,0.459,0.1090,0.85,0.540,0.1
'AS323646                            ',0.6610,0.6030,0.0180,0.5450,0.814,0.4670,0.83,0.572,0.7
'AS433934                            ',0.2790,0.4970,0.6910,0.7870,0.77,0.5650,0.60,0.135,0.5
'AS953219                            ',0.6980,0.0340,0.3760,-0.9560,0.682,0.7420,0.95,0.603,0.6
'AS190304                            ',0.0020,0.7460,0.1000,0.4740,0.423,0.4060,0.66,0.231,0.6
'AS870648                            ',0.8340,0.2110,0.8320,0.0820,0.085,0.2230,0.26,0.457,0.2
'AS613390                            ',0.9320,0.2850,0.1440,-0.2870,0.172,0.1930,0.03,0.465,0.4
'AS364483                            ',0.8240,0.7880,0.4460,0.3870,0.948,0.8390,0.84,0.359,0.6
'AS497787                            ',0.1770,0.5530,0.1960,0.2650,0.919,0.3040,0.48,0.771,0.6
'AS396267                            ',0.3410,0.6430,0.1210,0.0690,0.43,0.5940,0.84,0.287,0.4
'AS600665                            ',0.3540,0.5820,0.5710,0.5650,0.56,0.3890,0.62,0.287,0.4
'AS967804                            ',0.8800,0.1450,0.8170,0.6030,0.196,0.9850,0.40,0.233,0.7
'AS397175                            ',0.5910,0.9900,0.0360,0.8210,0.48,0.1460,0.09,0.343,0.8
'AS971458                            ',0.1210,0.5740,0.8560,0.1880,0.445,0.8570,0.55,0.005,0.1
'AS213677                            ',0.6160,0.7540,0.1180,0.9120,0.648,0.5160,0.40,0.393,0.7
'AS506752                            ',0.3410,0.2130,0.7410,-0.1730,0.828,0.7300,0.52,0.758,0.1
'AS399730                            ',0.8380,0.4140,0.7730,-0.8190,0.131,0.2020,0.96,0.150,0.1
'AS720512                            ',0.6170,0.1220,0.9590,0.4020,0.401,0.2040,0.39,0.716,0.6
'AS179011                            ',0.9440,0.1790,0.2510,-0.2860,0.146,0.4830,0.38,0.439,0.8
'AS101100                            ',0.5620,0.6720,0.2530,0.1970,0.289,0.9300,0.97,0.298,0.1
'AS679706                            ',0.2260,0.1040,0.5270,0.1920,0.535,0.9000,0.29,0.914,0.1
'AS350064                            ',0.6180,0.8020,0.1420,-0.9670,0.827,0.6430,0.22,0.882,0.3
'AS175408                            ',0.9020,0.4020,0.8070,0.1960,0.057,0.1160,0.05,0.565,0.9
'AS336075                            ',0.7500,0.9220,0.8010,0.7770,0.147,0.7170,0.65,0.560,0.3
'AS461651                            ',0.0390,0.8140,0.6930,-0.5270,0.258,0.6000,0.55,0.051,0.2
'AS220545                            ',0.7500,0.2440,0.5400,0.3790,0.064,0.0480,0.30,0.472,0.7
'AS465405                            ',0.0150,0.9260,0.2080,-0.1890,0.263,0.6760,0.85,0.658,0.9
'AS184646                            ',0.9360,0.2870,0.3800,-0.5600,0.617,0.9770,0.75,0.772,0.7
'AS316714                            ',0.4650,0.5080,0.9120,0.1530,0.189,0.7360,0.53,0.940,0.3
'AS439932                            ',0.3170,0.2340,0.7790,-0.2490,0.245,0.8030,0.69,0.373,0.0
'AS654407                            ',0.4680,0.1690,0.3210,-0.4140,0.246,0.3840,0.97,0.410,0.5
'AS839314                            ',0.0180,0.9910,0.3390,0.0630,0.885,0.8570,0.03,0.088,0.0
'AS250541                            ',0.3210,0.3930,0.3460,-0.2400,0.557,0.5140,0.34,0.461,0.9
'AS662338                            ',0.9440,0.6430,0.8920,-0.0920,0.458,0.8950,0.76,0.777,0.8
'AS466402                            ',0.2140,0.9970,0.6730,0.8190,0.94,0.6450,0.42,0.108,0.5
'AS271740                            ',0.7780,0.5550,0.1260,-0.9620,0.78,0.2780,0.03,0.259,1.0
'AS826187                            ',0.7780,0.3510,0.7240,-0.9960,0.01,0.2670,0.87,0.602,0.5
'AS748943                            ',0.6770,0.8130,0.7930,-0.7090,0.801,0.4630,0.40,0.307,0.8
'AS558969                            ',0.8090,0.5700,0.4530,-0.7900,0.437,0.6000,0.69,0.317,0.3
'AS178830                            ',0.1140,0.8900,0.6560,0.6900,0.277,0.9780,0.47,0.882,0.5
'AS692765                            ',0.1220,0.6270,0.3520,-0.9040,0.858,0.9570,0.48,0.821,0.4
'AS594579                            ',0.0740,0.8980,0.0520,0.6040,0.106,0.1660,0.21,0.603,0.8
'AS914485                            ',0.9890,0.1790,0.4200,0.4970,0.087,0.7680,0.02,0.129,0.7
'AS244115                            ',0.0810,0.4950,0.3300,0.7090,0.893,0.4420,0.55,0.502,0.3
'AS868645                            ',0.6900,0.3050,0.5240,0.7450,0.597,0.2110,0.91,0.108,0.4
'AS932441                            ',0.9900,0.9710,0.3100,-0.9680,0.933,0.5470,0.84,0.466,0.8
'AS383088                            ',0.8920,0.4780,0.6360,0.6750,0.007,0.3500,0.81,0.037,0.7
'AS397610                            ',0.0120,0.5890,0.3060,-0.5970,0.99,0.9670,0.33,0.134,0.3
'AS363428                            ',0.3670,0.3700,0.4350,0.3230,0.352,0.2620,0.17,0.739,0.2
'AS965348                            ',0.7170,0.5810,0.5260,-0.1020,0.457,0.7930,0.70,0.651,0.8
'AS797921                            ',0.2720,0.3400,0.7560,0.8810,0.559,0.1980,0.46,0.533,0.8
'AS856306                            ',0.8240,0.4910,0.0670,0.0460,0.137,1.0000,0.80,0.521,1.0
'AS867470                            ',0.9450,0.0310,0.6870,-0.3100,0.558,0.1920,0.58,0.262,0.3
'AS358449                            ',0.3720,0.4860,0.6110,0.0070,0.143,0.2620,0.79,0.800,0.7
'AS547114                            ',0.7780,0.0500,0.4010,-0.4550,0.821,0.2840,0.99,0.766,0.7
'AS739184                            ',0.1280,0.5440,0.0010,-0.4770,0.979,0.4230,0.95,0.971,0.3
'AS556262                            ',0.1720,0.1430,0.4570,0.8870,0.938,0.3440,0.35,0.587,0.2
'AS786213                            ',0.0530,0.8450,0.6640,-0.4630,0.778,0.1900,0.19,0.537,0.6
'AS177597                            ',0.0310,0.9880,0.4360,-0.7760,0.258,0.9250,0.80,0.504,0.2
'AS750047                            ',0.7270,0.9850,0.7040,0.0360,0.681,0.6060,0.83,0.997,0.8
'AS685568                            ',0.6710,0.6190,0.9280,0.5550,0.98,0.3920,0.22,0.481,0.2
'AS918367                            ',0.3700,0.1630,0.5410,0.3310,0.451,0.1540,0.06,0.056,0.0
'AS631247                            ',0.6380,0.6790,0.3600,-0.5030,0.814,0.4300,0.92,0.695,0.7
'AS680523                            ',0.9410,0.9710,0.8710,-0.2030,0.501,0.4410,0.23,0.187,0.2
'AS691484                            ',0.3050,0.2070,0.5230,0.3040,0.039,0.7480,0.35,0.157,0.3
'AS305143                            ',0.8500,0.1680,0.4710,-0.7690,0.75,0.6740,0.22,0.694,0.6
'AS189498                            ',0.8790,0.7280,0.8170,-0.8030,0.802,0.6700,0.90,0.226,0.1
'AS759341                            ',0.7350,0.1620,0.8090,0.2600,0.134,0.5760,0.39,0.975,0.6
'AS814778                            ',0.7500,0.8560,0.3760,-0.2750,0.186,0.8950,0.45,0.549,0.6
'AS311662                            ',0.3760,0.6390,0.0630,0.5100,0.333,0.6710,0.35,0.472,0.2
'AS901354                            ',0.1790,0.5980,0.6600,0.5700,0.347,0.5330,0.73,0.266,0.9
'AS998083                            ',0.4640,0.6270,0.6620,0.8780,0.494,0.5390,0.12,0.708,0.2
'AS787604                            ',0.3200,0.1990,0.0870,-0.6980,0.909,0.6740,0.67,0.696,0.9
'AS324260                            ',0.6220,0.6930,0.9170,0.8920,0.006,0.9750,0.35,0.076,0.8
'AS221079                            ',0.5490,0.8870,0.3980,-0.5270,0.772,0.7000,0.37,0.259,1.0
'AS214840                            ',0.6760,0.2630,0.5830,0.7440,0.124,0.4180,0.68,0.829,0.1
'AS441598                            ',0.8260,0.2460,0.1360,0.7270,0.138,0.4990,0.61,0.945,0.8
'AS747860                            ',0.3990,0.8060,0.2060,0.8420,0.062,0.8670,0.45,0.568,0.9
'AS163798                            ',0.3950,0.1790,0.2170,0.5420,0.111,0.6420,0.82,0.332,0.1
'AS139599                            ',0.6610,0.4610,0.3610,-0.7830,0.69,0.0820,0.74,0.299,0.3
'AS474450                            ',0.7350,0.7990,0.4590,0.4960,0.255,0.6360,0.48,0.740,0.7
'AS907448                            ',0.9890,0.3170,0.5350,0.0640,0.69,0.3750,0.96,0.183,0.0
'AS161807                            ',0.0050,0.0440,0.2740,0.7180,0.861,0.1560,0.64,0.074,0.9
'AS716041                            ',0.9780,0.3500,0.9210,0.0010,0.019,0.2800,0.44,0.208,0.8
'AS883822                            ',0.0310,0.9540,0.0060,0.7190,0.465,0.2380,0.47,0.056,0.0
'AS792146                            ',0.0350,0.9490,0.6790,0.4650,0.283,0.2940,0.21,0.791,0.4
'AS899889                            ',0.1350,0.8730,0.4240,-0.5880,0.115,0.5340,0.02,0.195,1.0
'AS650177                            ',0.0030,0.1190,0.9270,0.1090,0.471,0.5600,0.02,0.887,0.9
'AS114757                            ',0.9230,0.7030,0.9820,0.8980,0.138,0.3570,0.09,0.402,0.0
'AS444771                            ',0.8240,0.1310,0.3040,-0.2470,0.598,0.3940,1.00,0.422,0.1
'AS313787                            ',0.9470,0.2310,0.2230,-0.3980,0.266,0.4030,0.13,0.511,0.5
'AS652106                            ',0.9360,0.5270,0.0320,-0.7220,0.517,0.8110,0.69,0.229,0.7
'AS612937                            ',0.8710,0.6120,0.0250,0.4790,0.278,0.9440,0.65,0.997,0.3
'AS152313                            ',0.5350,0.9450,0.9750,0.1440,0.234,0.2250,0.81,0.447,0.3
'AS158608                            ',0.0720,0.3920,0.8230,-0.9870,0.458,0.5630,0.65,0.032,0.4
'AS973480                            ',0.9340,0.6210,0.0690,-0.6800,0.143,0.5220,0.91,0.392,0.5
'AS382669                            ',0.2700,0.0480,0.2630,0.3960,0.306,0.1410,0.98,0.645,0.4
'AS898488                            ',0.2120,0.6490,0.5850,-0.7510,0.963,0.4460,0.72,0.010,0.7
'AS143623                            ',0.6910,0.5040,0.2260,-0.0950,0.391,0.8920,0.01,0.240,0.1
'AS395700                            ',0.7160,0.1530,0.2150,-0.4020,0.599,0.6120,0.41,0.227,0.1
'AS842575                            ',0.7790,0.6240,0.1600,-0.9100,0.59,0.5120,0.87,0.970,0.0
'AS366353                            ',0.4840,0.1350,0.0660,0.7180,0.201,0.3590,0.37,0.048,0.2
'AS946251                            ',0.9370,0.4830,0.1270,-0.4990,0.799,0.3620,0.25,0.176,0.2
'AS800451                            ',0.3260,0.9170,0.9850,0.1780,0.441,0.7370,0.68,0.161,0.1
'AS539880                            ',0.8420,0.0580,0.6330,0.4320,0.103,0.8040,0.27,0.474,0.9
'AS758680                            ',0.1200,0.7050,0.6560,-0.7810,0.98,0.4030,0.48,0.730,0.9
'AS493077                            ',0.0790,0.6010,0.9660,0.9830,0.261,0.6660,0.53,0.887,0.3
'AS935763                            ',0.0990,0.9570,0.9840,0.0790,0.341,0.1830,0.93,0.580,0.5
'AS914648                            ',0.7670,0.9520,0.1400,0.3580,0.832,0.9540,0.62,0.680,0.2
'AS714989                            ',0.8150,0.6290,0.3400,0.7650,0.145,0.6030,0.93,0.344,0.9
'AS974349                            ',0.8410,0.7660,0.5840,-0.0580,0.347,0.8120,1.00,0.819,0.2
'AS291151                            ',0.6770,0.0600,0.6020,-0.9270,0.651,0.2570,0.89,0.029,0.4
'AS142735                            ',0.6500,0.3080,0.9220,-0.7950,0.146,0.6090,0.88,0.491,0.2
'AS242659                            ',0.3330,0.0550,0.1690,-0.2510,0.201,0.2270,0.38,0.633,0.2
'AS930691                            ',0.2820,0.6330,0.4040,-0.3120,0.549,0.9690,0.76,0.471,0.5
'AS816750                            ',0.9060,0.9150,0.5020,-0.4010,0.462,0.8560,0.76,0.245,0.3
'AS727123                            ',0.4530,0.3760,0.2020,0.0120,0.292,0.8430,0.75,0.227,0.4
'AS519159                            ',0.5430,0.1320,0.4440,0.4080,0.205,0.2700,0.94,0.404,0.9
'AS647087                            ',0.7830,0.4000,0.6550,-0.0350,0.592,0.7380,0.61,0.812,0.4
'AS357851                            ',0.0710,0.8830,0.7500,0.4100,0.822,0.6650,0.07,0.164,0.8
'AS352076                            ',0.4210,0.5490,0.3090,-0.8800,0.914,0.1410,0.44,0.003,0.3
'AS838025                            ',0.6250,0.3030,0.5850,-0.1780,0.889,0.1160,0.23,0.606,0.2
'AS545129                            ',0.6800,0.6070,0.1190,0.1850,0.315,0.2500,0.64,0.813,0.4
'AS184101                            ',0.4230,0.0120,0.0170,0.6600,0.991,0.3140,0.89,0.076,0.9
'AS587485                            ',0.4790,0.0300,0.5840,0.4790,0.296,0.1370,0.63,0.798,0.4
'AS118013                            ',0.5900,0.2720,0.4450,0.1160,0.67,0.9680,0.34,0.782,0.9
'AS233947                            ',0.1910,0.7090,0.0980,0.9760,0.575,0.2350,0.79,0.514,0.4
'AS196418                            ',0.9520,0.8790,0.3860,-0.4390,0.375,0.5690,0.52,0.374,0.8
'AS212447                            ',0.1280,0.2950,0.6980,-0.8670,0.392,0.3860,0.96,0.434,0.9
'AS124580                            ',0.1300,0.0580,0.7380,0.4850,0.756,0.3350,0.88,0.396,0.2
'AS328835                            ',0.2680,0.9330,0.3910,0.7610,0.333,0.6590,0.21,0.828,0.4
'AS249041                            ',0.2340,0.8910,0.1810,0.7920,0.083,0.5760,0.76,0.948,0.1
'AS435124                            ',0.1060,0.4030,0.1010,-0.7750,0.865,0.4960,0.60,0.082,0.2
'AS159145                            ',0.1240,0.8350,0.4970,-0.8740,0.941,0.7950,0.94,0.136,0.7
'AS760761                            ',0.9570,0.8160,0.0720,-0.4280,0.953,0.4170,0.60,0.145,0.2
'AS598797                            ',0.0180,0.1940,0.7680,-0.2970,0.271,0.8130,0.60,0.209,0.5
'AS268543                            ',0.0900,0.1090,0.5920,0.7460,0.44,0.9390,0.70,0.100,0.5
'AS271874                            ',0.3980,0.4550,0.9800,0.0370,0.546,0.8430,0.85,0.448,0.7
'AS107126                            ',0.3170,0.7580,0.5130,-0.7430,0.947,0.2630,0.06,0.105,0.2
'AS822297                            ',0.0190,0.9290,0.3390,0.4000,0.506,0.7450,0.91,0.197,1.0
'AS230545                            ',0.6030,0.2060,0.7330,0.8210,0.52,0.5070,0.23,0.562,0.2
'AS629943                            ',0.4710,0.9470,0.3700,0.6070,0.0,0.2940,0.19,0.351,0.3
'AS459527                            ',0.2010,0.2360,0.5410,0.2920,0.119,0.7160,0.63,0.054,0.1
'AS937165                            ',0.9750,0.2890,0.4310,0.5730,0.89,0.5330,0.59,0.646,0.9
'AS684452                            ',0.1970,0.3630,0.7150,0.2360,0.914,0.4300,0.35,0.887,0.6
'AS465919                            ',0.3500,0.4970,0.8170,0.2720,0.232,0.9100,0.22,0.278,0.8
'AS637685                            ',0.0870,0.3710,0.9570,0.5130,0.624,0.4000,0.85,0.414,0.2
'AS300354                            ',0.6660,0.9760,0.0260,-0.9890,0.864,0.3600,0.50,0.295,0.5
'AS346351                            ',0.4180,0.3140,0.3560,0.7650,0.327,0.8350,0.56,0.391,0.2
'AS494738                            ',0.1110,0.2280,0.4030,-0.5710,0.311,0.6480,0.09,0.314,0.0
'AS660019                            ',0.7610,0.6270,0.3820,-0.5410,0.599,0.1350,0.09,0.184,0.7
'AS189405                            ',0.5120,0.5070,0.8120,-0.4070,0.031,0.8260,0.37,0.176,0.8
'AS562205                            ',0.0480,0.4240,0.3460,0.6630,0.723,0.6310,0.43,0.894,0.2
'AS226091                            ',0.9160,0.4030,0.4350,0.6860,0.542,0.1790,0.56,0.830,1.0
'AS173899                            ',0.4010,0.3970,0.0810,-0.8700,0.387,0.1280,0.51,0.100,0.0
'AS489325                            ',0.2780,0.4340,0.2670,-0.0750,0.107,0.0470,0.02,0.432,0.5
'AS235744                            ',0.5640,0.3990,0.8800,0.2230,0.725,0.0770,0.85,0.380,0.4
'AS240198                            ',0.9820,0.1890,0.1560,-0.0960,0.856,0.5350,0.02,0.326,0.5
'AS486803                            ',0.5220,0.0560,0.1650,0.8510,0.95,0.8420,0.40,0.033,0.1
'AS520564                            ',0.5800,0.7600,0.9400,0.2360,0.838,0.7320,0.97,0.840,0.2
'AS280420                            ',0.1000,0.7090,0.0630,-0.1030,0.452,0.9040,0.98,0.717,0.9
'AS610200                            ',0.6480,0.4880,0.7650,-0.2320,0.139,0.0260,0.02,0.322,0.8
'AS182397                            ',0.2270,0.7820,0.7860,-0.3450,0.046,0.3330,0.30,0.264,0.1
'AS628948                            ',0.1710,0.0250,0.7830,-0.1450,0.379,0.5230,0.53,0.964,0.3
'AS840759                            ',0.3500,0.2530,0.3430,0.0360,0.274,0.6800,0.54,0.368,0.4
'AS238944                            ',0.7230,0.1330,0.8800,0.0490,0.869,0.2830,0.73,0.586,0.5
'AS839354                            ',0.4550,0.2140,0.7900,-0.4170,0.814,0.7120,0.60,0.006,0.8
'AS923293                            ',0.0140,0.3300,0.3330,-0.1170,0.703,0.1510,0.02,0.767,0.3
'AS663141                            ',0.1090,0.1790,0.6130,-0.2420,0.943,0.2370,0.69,0.977,0.9
'AS869993                            ',0.1200,0.6390,0.9980,0.7420,0.526,0.0810,0.73,0.900,0.5
'AS904571                            ',0.7840,0.8590,0.7470,0.1470,0.187,0.6040,0.21,0.231,0.5
'AS189393                            ',0.0490,0.2730,0.1890,-0.5580,0.949,0.2550,0.76,0.827,0.2
'AS398521                            ',0.2270,0.7260,0.3540,0.0960,0.756,0.4040,0.16,0.280,0.0
'AS579691                            ',0.0490,0.4340,0.5280,-0.3960,0.893,0.3150,0.47,0.779,0.7
'AS434512                            ',0.9600,0.8000,0.8440,-0.4180,0.041,0.5630,0.67,0.396,0.1
'AS729617                            ',0.2400,0.5080,0.1120,-0.4660,0.567,0.7490,0.15,0.372,0.2
'AS684539                            ',0.0510,0.8070,0.4190,-0.0820,0.139,0.7030,0.03,0.775,0.4
'AS245329                            ',0.9290,0.1370,0.9060,0.0700,0.438,0.7760,0.64,0.188,0.6
'AS971150                            ',0.6160,0.0650,0.8950,0.3490,0.217,0.1980,0.07,0.175,0.8
'AS808285                            ',0.9900,0.0110,0.1340,-0.4760,0.571,0.8920,0.86,0.613,0.6
'AS943349                            ',0.5520,0.8400,0.7290,-0.1050,0.996,0.0930,0.74,0.098,0.3
'AS606887                            ',0.4910,0.9760,0.0540,0.6620,0.134,0.2610,0.60,0.197,0.3
'AS949362                            ',0.5460,0.0160,0.8170,0.0260,0.84,0.1660,0.44,0.370,0.3
'AS204754                            ',0.9630,0.5910,0.4000,0.6750,0.807,0.4060,0.54,0.759,0.6
'AS660196                            ',0.3580,0.2640,0.7640,0.7600,0.732,0.2740,0.67,0.807,0.6
'AS264569                            ',0.8450,0.7870,0.5760,0.7800,0.432,0.6870,0.50,0.855,0.4
'AS635260                            ',0.6640,0.0700,0.5550,-0.9030,0.543,0.9860,0.68,0.056,0.6
'AS223113                            ',0.7920,0.0060,0.9970,0.7230,0.939,0.6900,0.38,0.856,0.7
'AS235569                            ',0.1350,0.5530,0.2330,0.0600,0.103,0.9870,0.10,0.667,0.6
'AS140682                            ',0.4850,0.6290,0.4060,0.7810,0.887,0.4700,0.70,0.296,0.6
'AS934319                            ',0.6640,0.4270,0.5300,-0.2790,0.095,0.0130,0.18,0.629,1.0
'AS650717                            ',0.1550,0.0310,0.8640,0.6230,0.923,0.4540,0.57,0.743,0.7
'AS591201                            ',0.2670,0.0030,0.3930,0.8830,0.241,0.8390,0.29,0.782,0.5
'AS737693                            ',0.6400,0.1180,0.0780,-0.5410,0.897,0.5790,0.29,0.445,0.9
'AS391968                            ',0.8800,0.3390,0.5700,-0.3900,0.814,0.0280,0.36,0.379,0.9
'AS543500                            ',0.1140,0.4520,0.9600,-0.4240,0.016,0.9960,0.59,0.287,1.0
'AS438101                            ',0.2250,0.5470,0.8410,-0.5170,0.775,0.4850,0.44,0.852,0.1
'AS325540                            ',0.6620,0.7930,0.5300,-0.8890,0.004,0.6610,0.31,0.329,0.6
'AS982697                            ',0.7560,0.0880,0.0840,0.8610,0.673,0.2770,0.47,0.449,0.1
'AS170632                            ',0.9050,0.1230,0.7000,-0.9640,0.911,0.2660,0.86,0.386,0.2
'AS759283                            ',0.7300,0.4830,0.6390,-0.7070,0.674,0.4730,0.36,0.280,0.6
'AS174936                            ',0.8660,0.1390,0.1860,0.6870,0.924,0.1160,0.91,0.942,0.7
'AS506389                            ',0.6010,0.3890,0.2460,-0.6510,0.639,0.1430,0.73,0.937,0.9
'AS325177                            ',0.4340,0.8910,0.8390,-0.3020,0.82,0.2270,0.07,0.220,0.9
'AS716290                            ',0.4670,0.4630,0.6490,-0.0650,0.362,0.5270,0.73,0.016,0.4
'AS774440                            ',0.0150,0.4540,0.9200,-0.8000,0.083,0.6920,0.44,0.473,0.3
'AS373308                            ',0.5400,0.0020,0.8040,0.2590,0.929,0.3140,0.63,0.296,0.7
'AS519751                            ',0.0690,0.9320,0.1460,-0.5160,0.252,0.0710,1.00,0.521,0.7
'AS978360                            ',0.9320,0.4980,0.3040,-0.8690,0.552,0.2430,0.37,0.100,0.8
'AS316196                            ',0.8990,0.7590,0.7290,0.7480,0.11,0.7700,0.02,0.197,0.6
'AS853116                            ',0.8170,0.4460,0.7640,-0.1790,0.942,0.5330,0.49,0.965,0.6
'AS875431                            ',0.2460,0.2970,0.5620,-0.2790,0.178,0.7980,0.19,0.380,0.4
'AS940842                            ',0.1870,0.7350,0.4570,0.7480,0.918,0.2620,0.93,0.076,0.5
'AS658244                            ',0.8790,0.2430,0.7930,-0.8820,0.282,0.7300,0.34,0.981,0.1
'AS223297                            ',0.7370,0.3520,0.9860,-0.6200,0.726,0.6210,0.99,0.992,0.6
'AS396932                            ',0.1700,0.0020,0.3070,0.4880,0.924,0.0070,0.90,0.097,0.9
'AS495004                            ',0.4590,0.4950,0.0120,-0.2320,0.051,0.6250,0.02,0.768,1.0
'AS315734                            ',0.1900,0.2910,0.5910,-0.4290,0.141,0.5010,0.41,0.295,0.9
'AS211850                            ',0.0740,0.8110,0.1340,0.1770,0.478,0.4310,0.34,0.297,0.9
'AS108584                            ',0.6860,0.3860,0.7240,-0.4080,0.469,0.9450,0.35,0.712,1.0
'AS257194                            ',0.7970,0.1450,0.6220,-0.5250,0.465,0.0190,0.04,0.280,0.6
'AS725762                            ',0.4410,0.4920,0.7740,-0.4870,0.456,0.7980,0.30,0.288,0.1
'AS536647                            ',0.4330,0.0240,0.7120,-0.1750,0.312,0.0230,0.55,0.641,0.0
'AS552108                            ',0.2420,0.3560,0.0210,-0.2910,0.463,0.7930,0.72,0.316,0.1
'AS143993                            ',0.2430,0.3360,0.4550,0.7330,0.472,0.2360,0.07,0.189,0.6
'AS546573                            ',0.6030,0.3310,0.0550,0.2350,0.609,0.7210,0.87,0.041,0.9
'AS754075                            ',0.7510,0.0540,0.3540,0.9680,0.413,0.3280,0.88,0.078,0.6
'AS161793                            ',0.8920,0.7990,0.4340,-0.9710,0.987,0.3380,0.88,0.593,0.8
'AS448438                            ',0.5550,0.2600,0.7840,-0.9020,0.968,0.7270,0.51,0.192,0.5
'AS874183                            ',0.4560,0.4010,0.7970,-0.1950,0.171,0.6610,0.50,0.580,0.7
'AS418344                            ',1.0000,0.6840,0.1220,0.3620,0.463,0.3280,0.83,0.550,0.8
'AS994005                            ',0.9020,0.9810,0.2540,-0.0080,0.832,0.6110,0.77,0.088,0.7
'AS760584                            ',0.5690,0.0630,0.9630,0.7840,0.287,0.4880,0.54,0.480,0.4
'AS323712                            ',0.8760,0.6590,0.4560,0.1900,0.551,0.8230,0.43,0.585,1.0
'AS622259                            ',0.3700,0.2900,0.0190,0.6470,0.266,0.7680,0.63,0.006,0.3
'AS756611                            ',0.4250,0.0280,0.3430,-0.8880,0.297,0.8190,0.10,0.131,0.5
'AS684631                            ',0.2410,0.1120,0.0320,0.6140,0.952,0.8690,0.17,0.704,0.8
'AS673580                            ',0.7620,0.3920,0.2040,0.6930,0.857,0.1920,0.74,0.064,0.2
'AS274578                            ',0.4900,0.9320,0.5380,-0.6820,0.008,0.5970,0.37,0.628,0.6
'AS170112                            ',0.9410,0.6720,0.3950,-0.8170,0.243,0.8080,0.88,0.430,0.5
'AS452014                            ',0.1420,0.4190,0.8340,0.3650,0.178,0.1000,0.33,0.222,0.4
'AS361521                            ',0.3990,0.1530,0.6330,0.5350,0.723,0.6970,0.94,0.928,0.1
'AS538644                            ',0.0220,0.7050,0.6740,-0.5230,0.008,0.0330,0.17,0.019,0.5
'AS613773                            ',0.3060,0.2250,0.7640,0.1660,0.142,0.9700,0.99,0.203,0.4
'AS752028                            ',0.3300,0.8980,0.5400,0.8760,0.277,0.6700,0.98,0.827,0.1
'AS276871                            ',0.0380,0.8510,0.1560,-0.8300,0.281,0.1590,0.12,0.389,0.8
'AS158899                            ',0.8240,0.8120,0.6280,-0.9800,0.623,0.8850,0.05,0.641,0.2
'AS708756                            ',0.9930,0.6320,0.6220,0.5680,0.31,0.8390,0.69,0.396,0.5
'AS796942                            ',0.2350,0.3110,0.4700,0.7480,0.424,0.8390,0.69,0.727,0.9
'AS926668                            ',0.0250,0.1170,0.0370,0.0880,0.233,0.8210,0.34,0.358,1.0
'AS228040                            ',0.6670,0.8000,0.2800,-0.5320,0.89,0.4440,0.50,0.582,0.3
'AS432439                            ',0.4160,0.1690,0.0750,0.2130,0.383,0.0500,0.21,0.740,0.4
'AS457215                            ',0.2550,0.9090,0.0910,0.4330,0.671,0.0740,0.04,0.786,1.0
'AS554589                            ',0.4720,0.6320,0.9620,0.1600,0.871,0.4530,0.50,0.670,1.0
'AS644804                            ',0.4210,0.3420,0.6050,0.0730,0.548,0.7740,0.02,0.157,0.5
'AS509900                            ',0.2460,0.5300,0.0230,-0.5080,0.918,0.1100,0.13,0.557,0.0
'AS837309                            ',0.0320,0.4130,0.4350,0.0690,0.03,0.4730,0.31,0.940,0.4
'AS399783                            ',0.3630,0.3320,0.3430,0.4790,0.916,0.4850,0.39,0.382,0.5
'AS165230                            ',0.9280,0.1910,0.0690,0.2080,0.783,0.8820,0.99,0.704,0.0
'AS211504                            ',0.7970,0.9110,0.0720,-0.7390,0.662,0.1440,0.08,0.911,0.3
'AS514954                            ',0.6380,0.6910,0.0440,0.1590,0.602,0.8360,0.35,0.301,0.5
'AS486093                            ',0.5940,0.7960,0.2790,0.2210,0.037,0.0070,0.39,0.183,0.1
'AS399216                            ',0.2410,0.0060,0.2540,0.4410,0.145,0.8700,0.95,0.419,0.0
'AS398673                            ',0.7330,0.3350,0.1950,0.3710,0.008,0.4290,0.20,0.586,0.6
'AS902612                            ',0.6470,0.7700,0.1030,-0.3240,0.031,0.4910,0.13,0.463,0.1
'AS136895                            ',0.7870,0.9960,0.5560,-0.2070,0.907,0.6190,0.20,0.687,0.7
'AS279470                            ',0.6800,0.6490,0.8440,-0.8090,0.834,0.9690,0.42,0.945,0.9
'AS257781                            ',0.1220,0.1270,0.3960,-0.4070,0.645,0.6410,0.25,0.242,0.2
'AS861120                            ',0.0170,0.2370,0.6200,-0.0850,0.867,0.5100,0.19,0.603,0.7
'AS928466                            ',0.5820,0.5790,0.4610,0.3090,0.972,0.7800,0.12,0.093,0.4
'AS371838                            ',0.0610,0.6720,0.8580,-0.1980,0.398,0.2820,0.26,0.867,0.4
'AS626179                            ',0.2990,0.3670,0.7790,-0.2580,0.987,0.7630,0.70,0.065,0.9
'AS966303                            ',0.9870,0.7410,0.6410,0.4290,0.774,0.7130,0.72,0.162,0.0
'AS448618                            ',0.3190,0.1270,0.9890,-0.4050,0.819,0.4850,0.22,0.614,0.1
'AS495009                            ',0.8350,0.9220,0.9960,-0.6640,0.011,0.6150,0.47,0.260,0.8
'AS598872                            ',0.3280,0.6550,0.7510,0.4470,0.307,0.1340,0.32,0.059,0.2
'AS451694                            ',0.2790,0.5700,0.2970,-0.6290,0.91,0.5070,0.08,0.198,0.8
'AS209102                            ',0.9790,0.0370,0.2420,0.8990,0.227,0.4740,0.96,0.363,0.4
'AS688192                            ',0.5830,0.2220,0.4100,-0.7290,0.166,0.7070,0.20,0.486,0.4
'AS230323                            ',0.7770,0.1030,0.1530,-0.8750,0.028,0.5880,0.28,0.197,0.7
'AS501344                            ',0.9080,0.2980,0.0730,-0.4240,0.505,0.7510,0.15,0.712,0.7
'AS134295                            ',0.9260,0.3640,0.4420,-0.3600,0.504,0.8680,0.62,0.367,0.6
'AS508986                            ',0.3750,0.9410,0.6780,0.2710,0.586,0.7060,0.77,0.577,0.9
'AS756095                            ',0.5010,0.0030,0.4380,0.0990,0.051,0.9090,0.96,0.651,0.4
'AS976795                            ',0.7940,0.0910,0.3130,-0.6380,0.919,0.7960,0.97,0.799,0.6
'AS300819                            ',0.4900,0.8290,0.0820,0.1830,0.114,0.6660,0.01,0.766,0.7
'AS105686                            ',0.8300,0.6420,0.2460,-0.9360,0.984,0.9330,0.75,0.975,0.2
'AS291682                            ',0.6350,0.2470,0.9450,-0.6450,0.344,0.3480,0.33,0.911,0.2
'AS269543                            ',0.0500,0.0390,0.0510,-0.0330,0.161,0.3140,0.85,0.214,0.8
'AS517402                            ',0.2300,0.1530,0.4060,-0.0230,0.933,0.8350,0.75,0.451,0.8
'AS103055                            ',0.0750,0.3530,0.8220,0.6280,0.093,0.5180,0.98,0.462,0.2
'AS401692                            ',0.4760,0.4810,0.8420,0.2300,0.604,0.3660,0.96,0.030,0.8
'AS765251                            ',0.7280,0.2180,0.9720,-0.2470,1.0,0.8270,0.88,0.059,0.8
'AS398025                            ',0.1150,0.7870,0.5910,-0.8950,0.266,0.0550,0.10,0.824,0.5
'AS550879                            ',0.3260,0.0100,0.4630,0.6300,0.986,0.0840,0.90,0.340,0.1
'AS636468                            ',0.7410,0.2970,0.6780,0.0010,0.452,0.6850,0.11,0.184,0.1
'AS485373                            ',0.0190,0.4070,0.8750,-0.0780,0.57,0.6150,0.34,0.034,0.3
'AS863177                            ',0.5920,0.2120,0.4500,-0.1580,0.989,0.6880,0.56,0.730,0.5
'AS352386                            ',0.7540,0.6270,0.6300,-0.2010,0.023,0.4950,0.11,0.632,0.7
'AS827589                            ',0.4680,0.6840,0.1720,0.0610,0.827,0.5180,0.64,0.793,0.2
'AS717218                            ',0.7250,0.7860,0.7080,0.5140,0.771,0.4430,0.89,0.698,0.8
'AS717849                            ',0.5330,0.1360,0.6270,0.1000,0.532,0.7050,0.36,0.173,0.3
'AS337786                            ',0.9980,0.4430,0.7960,-0.9970,0.621,0.6350,0.07,0.415,0.4
'AS373731                            ',0.2670,0.4230,0.1790,0.7410,0.374,0.0620,0.52,0.490,0.3
'AS690243                            ',0.9660,0.9110,0.0920,0.9690,0.222,0.2540,0.72,0.255,0.4
'AS374451                            ',0.1570,0.6150,0.5130,-0.7530,0.976,0.4900,0.53,0.775,0.9
'AS479140                            ',0.2480,0.6640,0.9720,0.9190,0.693,0.1380,0.22,0.467,0.3
'AS155792                            ',0.3990,0.1000,0.7750,0.8960,0.318,0.7840,0.59,0.284,0.9
'AS202027                            ',0.7650,0.1730,0.7380,-0.2220,0.873,0.2650,0.04,0.055,0.5
'AS575944                            ',0.0600,0.4560,0.3070,0.8570,0.893,0.0470,0.70,0.065,0.2
'AS360107                            ',0.9220,0.8890,0.1380,0.7240,0.231,0.8540,0.86,0.768,0.2
'AS691966                            ',0.6500,0.3050,0.0370,0.9370,0.034,0.9800,0.34,0.105,0.9
'AS645219                            ',0.0680,0.4600,0.9920,-0.6430,0.545,0.3740,0.03,0.123,0.4
'AS707994                            ',0.9420,0.4480,0.9490,-0.5650,0.797,0.1900,0.38,0.216,0.8
'AS402639                            ',0.4840,0.2100,0.2680,0.9060,0.854,0.2490,0.47,0.396,0.0
'AS742170                            ',0.7850,0.6260,0.1230,0.0070,0.236,0.5150,0.25,0.437,0.0
'AS449999                            ',0.3810,0.4950,0.7000,-0.2540,0.959,0.9080,0.52,0.214,0.7
'AS804205                            ',0.1170,0.5250,0.2250,0.6520,0.977,0.8770,0.39,0.639,0.6
'AS855524                            ',0.4150,0.1220,0.3400,-0.3710,0.241,0.7270,0.60,0.616,0.2
'AS577452                            ',0.3920,0.4150,0.0120,0.9220,0.779,0.9020,0.69,0.401,0.2
'AS824268                            ',0.7940,0.6180,0.2620,0.5730,0.993,0.6070,0.33,0.350,0.6
'AS329871                            ',0.4730,0.5520,0.4620,0.5060,0.834,0.6010,0.31,0.694,0.3
'AS486568                            ',0.7020,0.8480,0.2790,0.3050,0.651,0.6020,0.99,0.157,0.2
'AS553690                            ',0.5910,0.5510,0.0450,0.9780,0.173,0.3890,0.30,0.159,1.0
'AS662720                            ',0.9980,0.2970,0.3860,0.4170,0.084,0.0300,0.57,0.507,0.7
'AS685623                            ',0.3310,0.4400,0.7090,0.6130,0.298,0.7530,0.89,0.593,0.5
'AS271913                            ',0.9220,0.8100,0.0310,-0.7350,0.666,0.2320,0.79,0.490,0.9
'AS115588                            ',0.6470,0.4310,0.2120,0.2060,0.389,0.0780,0.93,0.392,0.3
'AS953351                            ',0.7120,0.9930,0.1070,0.2560,0.277,0.2140,0.49,0.634,0.5
'AS230394                            ',0.1130,0.8570,0.7680,-0.3790,0.625,0.6130,0.76,0.794,0.8
'AS198292                            ',0.3450,0.7980,0.2170,0.8850,0.928,0.6730,0.59,0.820,0.1
'AS991366                            ',0.7120,0.9860,0.0130,-0.3660,0.256,0.3720,0.54,0.362,0.5
'AS354750                            ',0.9310,0.4410,0.3570,0.5490,0.876,0.6440,0.23,0.091,0.7
'AS128267                            ',0.2330,0.9460,0.5160,-0.4560,0.406,0.4980,0.14,0.804,0.1
'AS958734                            ',0.6390,0.0420,0.3690,-0.1230,0.658,0.8360,0.32,0.363,0.1
'AS258001                            ',0.1440,0.5030,0.3230,0.9160,0.945,0.7110,0.87,0.727,0.1
'AS297752                            ',0.1920,0.5290,0.6410,0.5180,0.707,0.4330,0.86,0.824,0.2
'AS760813                            ',0.5610,0.4480,0.3830,0.7810,0.078,0.9500,0.74,0.572,0.2
'AS373278                            ',0.9670,0.3040,0.1540,-0.9080,0.62,0.1490,0.74,0.678,0.2
'AS669294                            ',0.2950,0.0580,0.8810,-0.1830,0.749,0.7920,0.72,0.088,0.1
'AS541485                            ',0.1580,0.7700,0.5970,0.9330,0.277,0.9320,0.09,0.629,0.9
'AS177712                            ',0.0440,0.9100,0.2450,0.7480,0.734,0.2800,0.07,0.010,1.0
'AS677103                            ',0.4750,0.4540,0.3390,-0.5900,0.801,0.5540,0.17,0.837,0.8
'AS222737                            ',0.4380,0.2400,0.6780,-0.3300,0.627,0.3190,0.51,0.607,0.5
'AS802265                            ',0.6730,0.5300,0.1570,0.6560,0.323,0.4110,0.21,0.706,0.0
'AS516294                            ',0.8140,0.2290,0.8140,-0.4400,0.078,0.0540,0.06,0.363,0.2
'AS833027                            ',0.1560,0.8310,0.1190,-0.3550,0.872,0.1780,0.97,0.092,0.2
'AS104491                            ',0.3640,0.9050,0.3570,0.1570,0.092,0.0910,0.69,0.345,0.4
'AS175098                            ',0.9180,0.1210,0.0570,-0.2490,0.25,0.0770,0.04,0.635,0.6
'AS911807                            ',0.1980,0.2430,0.5600,-0.6140,0.089,0.5220,0.74,0.210,0.6
'AS435816                            ',0.3830,0.4780,0.0620,-0.9690,0.599,0.3320,0.43,0.393,0.1
'AS300296                            ',0.1250,0.7300,0.2280,0.0670,0.034,0.3370,0.15,0.352,0.2
'AS575364                            ',0.5140,0.5970,0.4550,0.0220,0.978,0.6540,0.11,0.647,0.3
'AS818505                            ',0.9270,0.2250,0.6670,0.7880,0.011,0.4200,0.13,0.711,0.4
'AS962511                            ',0.4220,0.1550,0.3510,-0.7330,0.514,0.2200,0.24,0.697,0.5
'AS511898                            ',0.3070,0.1230,0.1010,0.9600,0.014,0.9320,0.49,0.517,0.8
'AS897839                            ',0.4130,0.2630,0.2280,0.5340,0.872,0.8850,0.15,0.771,0.9
'AS887795                            ',0.1660,0.6370,0.0460,-0.9770,0.308,0.3140,0.29,0.358,0.8
'AS749004                            ',0.0630,0.5870,0.1590,-0.0230,0.902,0.0920,0.27,0.165,0.8
'AS833942                            ',0.5780,0.6080,0.1660,-0.7380,0.632,0.5090,0.58,0.580,0.5
'AS802936                            ',0.8580,0.3540,0.4350,0.2490,0.272,0.4490,0.13,0.203,0.1
'AS985898                            ',0.4000,0.4490,0.4940,-0.7010,0.309,0.6900,0.38,0.543,0.2
'AS358589                            ',0.7570,0.3280,0.9150,-0.6690,0.856,0.1740,0.41,0.582,0.7
'AS609210                            ',0.2760,0.8040,0.1970,0.2960,0.798,0.9260,0.03,0.656,0.2
'AS277019                            ',0.9630,0.3840,0.0780,-0.5220,0.617,0.1130,0.77,0.567,0.2
'AS265033                            ',0.0720,0.3090,0.8610,-0.6360,0.962,0.2800,0.73,0.440,0.4
'AS747267                            ',0.0100,0.1810,0.7550,0.2330,0.598,0.2180,0.76,0.746,0.7
'AS117025                            ',0.5170,0.9940,0.0830,-0.9020,0.285,0.7690,0.63,0.348,0.7
'AS234077                            ',0.4450,0.0710,0.4680,0.5360,0.612,0.1130,0.30,0.984,0.2
'AS412515                            ',0.1940,0.4170,0.9090,-0.7510,0.132,0.5480,0.65,0.212,0.4
'AS860463                            ',0.8030,0.4040,0.2890,-0.7950,0.746,0.0810,0.24,0.083,0.7
'AS536528                            ',0.0180,0.9130,0.9340,0.6360,0.898,0.1770,0.65,0.196,0.7
'AS750912                            ',0.1540,0.0490,0.0870,0.4280,0.282,0.9190,0.64,0.561,0.4
'AS577310                            ',0.1460,0.6550,0.2870,0.9890,0.13,0.8050,0.40,0.465,0.2
'AS628789                            ',0.3000,0.4120,0.7580,-0.0670,0.113,0.0580,0.30,0.537,0.3
'AS479609                            ',0.2500,0.7980,0.2650,0.1010,0.52,0.9990,0.25,0.947,0.5
'AS656567                            ',0.9790,0.6820,0.7090,0.5400,0.321,0.7170,0.95,0.504,0.8
'AS184920                            ',0.0620,0.0750,0.1130,0.8100,0.084,0.3490,0.73,0.539,0.5
'AS603886                            ',0.1250,0.5010,0.5600,0.8260,0.196,0.1200,0.93,0.311,0.6
'AS524089                            ',0.3220,0.2770,0.5370,0.7420,0.231,0.0510,0.29,0.062,0.7
'AS906358                            ',0.3200,0.5250,0.3670,0.7820,0.405,0.7180,0.06,0.847,0.7
'AS979289                            ',0.0290,0.8370,0.1960,0.2600,0.124,0.5100,0.02,0.679,0.3
'AS946883                            ',0.9880,0.9940,0.2890,-0.6440,0.055,0.9900,0.84,0.791,0.9
'AS175467                            ',0.9630,0.2600,0.7120,-0.0090,0.196,0.7010,0.91,0.727,0.8
'AS121359                            ',0.9600,0.9590,0.7200,0.8190,0.078,0.7310,0.02,0.606,0.7
'AS468234                            ',0.3180,0.6990,0.7520,-0.0790,0.656,0.4550,0.16,0.540,0.4
'AS471883                            ',0.2730,0.6450,0.1260,-0.2600,0.776,0.0720,0.66,0.089,1.0
'AS452126                            ',0.1690,0.7240,0.8020,0.0230,0.298,0.3070,0.30,1.000,0.8
'AS356251                            ',0.5850,0.1690,0.7780,-0.4640,0.606,0.7980,0.55,0.912,0.9
'AS229375                            ',0.0500,0.1420,0.2870,0.2290,0.084,0.0530,0.49,0.417,0.2
'AS437928                            ',0.5030,0.6070,0.9260,0.4290,0.099,0.9260,0.38,0.872,0.3
'AS715125                            ',0.4590,0.2730,0.2960,-0.2050,0.688,0.4960,0.67,0.382,0.5
'AS364628                            ',0.5430,0.9980,0.7370,0.0580,0.301,0.1800,0.46,0.789,0.5
'AS394496                            ',0.7170,0.3040,0.4330,0.3020,0.584,0.6840,0.30,0.457,1.0
'AS265471                            ',0.3110,0.6860,0.4450,0.6460,0.361,0.4470,0.53,0.345,0.9
'AS127963                            ',0.4870,0.7130,0.6760,-0.6320,0.131,0.1420,0.54,0.510,0.5
'AS664358                            ',0.0910,0.3950,0.3290,-0.3890,0.298,0.8300,0.44,0.952,0.4
'AS864456                            ',0.3830,0.6560,0.5120,0.1960,0.231,0.7190,0.42,0.331,0.4
'AS767527                            ',0.1170,0.2500,0.1690,0.5600,0.919,0.7320,0.72,0.253,0.5
'AS157152                            ',0.3330,0.5510,0.5490,0.4460,0.844,0.7080,0.65,0.483,0.7
'AS447279                            ',0.8960,0.2210,0.6140,0.5380,0.547,0.4350,0.09,0.613,0.7
'AS100974                            ',0.7020,0.6880,0.6310,-0.7780,0.413,0.0480,0.20,0.898,0.1
'AS540078                            ',0.2350,0.4220,0.0100,0.7070,0.359,0.7390,0.53,0.074,0.5
'AS229261                            ',0.4060,0.4380,0.0100,-0.1120,0.323,0.8310,0.09,0.383,0.0
'AS495354                            ',0.9110,0.5240,0.0640,-0.0950,0.759,0.8580,0.91,0.882,0.2
'AS573241                            ',0.8290,0.4790,0.3170,-0.3280,0.723,0.7380,0.02,0.943,0.6
'AS877123                            ',0.3600,0.3900,0.0110,-0.0900,0.053,0.5500,0.76,0.894,0.8
'AS171400                            ',0.7760,0.9750,0.0220,-0.0760,0.247,0.1160,0.24,0.800,0.1
'AS924739                            ',0.7660,0.5640,0.2770,-0.5100,0.676,0.5410,0.89,0.834,0.8
'AS291203                            ',0.1630,0.2540,0.1790,-0.2090,0.652,0.2030,0.76,0.315,0.2
'AS341095                            ',0.4250,0.6150,0.9660,-0.1550,0.899,0.7220,0.35,0.818,0.1
'AS722688                            ',0.9690,0.2610,0.8150,0.3290,0.972,0.0730,0.16,0.286,0.2
'AS300052                            ',0.7730,0.1510,0.9190,-0.1880,0.11,0.9870,0.57,0.179,0.0
'AS818378                            ',0.4410,0.9870,0.3790,-0.9620,0.397,0.0010,0.10,0.260,0.6
'AS955727                            ',0.6440,0.1710,0.0970,0.4560,0.761,0.2560,0.33,0.711,0.9
'AS354036                            ',0.7420,0.3980,0.9490,0.6880,0.097,0.8110,0.26,0.477,0.3
'AS727732                            ',0.7770,0.6160,0.5600,0.5060,0.215,0.9160,0.42,0.837,0.0
'AS984781                            ',0.6960,0.4900,0.5700,0.3560,0.135,0.7580,0.71,0.873,1.0
'AS990456                            ',0.6390,0.9780,0.1080,0.4550,0.758,0.5300,0.01,0.021,0.9
'AS804623                            ',0.4750,0.6770,0.0790,0.4280,0.415,0.7700,0.57,0.218,0.2
'AS380147                            ',0.5930,0.9690,0.9760,-0.8000,0.169,0.6480,0.21,0.111,0.3
'AS817195                            ',0.8540,0.3240,0.2630,0.7780,0.165,0.2440,0.19,0.151,0.4
'AS539870                            ',0.6990,0.6940,0.6350,0.2870,0.407,0.8310,0.14,0.229,0.7
'AS203995                            ',0.7890,0.7470,0.3670,0.4160,0.406,0.2680,0.84,0.543,0.2
'AS348340                            ',0.6060,0.1870,0.9310,-0.2150,0.522,0.2730,0.47,0.641,0.3
'AS670103                            ',0.0480,0.2560,0.0700,-0.4720,0.382,0.2990,0.79,0.872,0.3
'AS737142                            ',0.0090,0.5300,0.7600,-0.9220,0.331,0.9980,0.25,0.944,0.6
'AS516140                            ',0.8100,0.6550,0.9730,0.6280,0.511,0.0770,0.62,0.127,0.8
'AS143417                            ',0.9170,0.0630,0.8410,0.9860,0.958,0.5730,0.32,0.210,0.3
'AS580561                            ',0.4740,0.1460,0.6120,0.1870,0.997,0.0240,0.65,0.739,0.2
'AS195422                            ',0.3660,0.2210,0.1900,-0.8370,0.622,0.3970,0.69,0.769,0.2
'AS748185                            ',0.5180,0.9390,0.8080,-0.3190,0.835,0.7140,0.94,0.501,1.0
'AS157306                            ',0.8680,0.9400,0.6270,0.8200,0.083,0.5870,0.50,0.255,0.1
'AS194105                            ',0.6990,0.0210,0.3420,-0.1840,0.072,0.4820,0.85,0.011,0.0
'AS474008                            ',0.7710,0.2370,0.9770,-0.0540,0.882,0.7860,0.58,0.172,1.0
'AS149057                            ',0.7710,0.3910,0.4760,0.4470,0.28,0.2930,0.07,0.125,0.9
'AS691805                            ',0.4320,0.6630,0.9130,0.4180,0.013,0.3840,0.05,0.907,0.5
'AS752077                            ',0.6070,0.6790,0.6180,-0.3940,0.446,0.8730,0.86,0.741,0.4
'AS595135                            ',0.2200,0.5100,0.8650,0.2250,0.067,0.3120,0.75,0.854,0.0
'AS205931                            ',0.5360,0.4140,0.0110,-0.0110,0.57,0.9390,0.10,0.191,0.3
'AS829014                            ',0.0260,0.1930,0.3150,0.9250,0.909,0.2860,0.47,0.149,0.4
'AS708573                            ',0.7190,0.1120,0.9750,0.6340,0.37,0.2190,0.83,0.586,0.3
'AS413612                            ',0.2090,0.2980,0.6520,-0.9310,0.306,0.9950,0.38,0.874,0.5
'AS155581                            ',0.7920,0.0260,0.7800,0.6230,0.025,0.3210,0.98,0.740,0.8
'AS939809                            ',0.0180,0.8690,0.6940,0.1620,0.27,0.0420,0.96,0.558,0.0
'AS820128                            ',0.1460,0.9670,0.7160,0.7750,0.4,0.8280,0.74,0.041,0.8
'AS359907                            ',0.0910,0.4010,0.7390,-0.2020,0.788,0.3580,0.23,0.197,0.0
'AS833729                            ',0.6500,0.4090,0.0480,-0.7440,0.168,0.2570,0.27,0.310,0.0
'AS409066                            ',0.1840,0.2930,0.5250,0.5570,0.002,0.6610,0.84,0.202,0.5
'AS334897                            ',0.4040,0.5730,0.9610,-0.9770,0.94,0.2570,0.34,0.292,0.2
'AS521254                            ',0.7300,0.3240,0.3420,-0.7260,0.733,0.5310,0.73,0.610,0.5
'AS989493                            ',0.7150,0.5270,0.5270,-0.0160,0.95,0.3440,0.34,0.968,0.4
'AS806023                            ',0.3970,0.0490,0.3130,-0.2470,0.279,0.8410,0.68,0.142,1.0
'AS918805                            ',0.2970,0.4350,0.3180,-0.8200,0.654,0.4350,0.88,0.321,0.4
'AS692175                            ',0.7830,0.6210,0.0360,-0.4470,0.072,0.8760,0.78,0.565,0.3
'AS907171                            ',0.3850,0.7410,0.5480,0.8050,0.181,0.5930,0.79,0.180,1.0
'AS839360                            ',0.3740,0.9000,0.0720,0.3720,0.723,0.2440,0.32,0.478,1.0
'AS236167                            ',0.2470,0.0050,0.7200,0.9680,0.605,0.8390,0.30,0.110,0.2
'AS449754                            ',0.7610,0.3470,0.7790,0.9860,0.943,0.1380,0.45,0.618,0.6
'AS332298                            ',0.4960,0.0100,0.8640,-0.3470,0.877,0.9430,0.03,0.063,0.1
'AS805228                            ',0.4620,0.5510,0.8120,-0.4870,0.809,0.6030,0.30,0.752,0.9
'AS826826                            ',0.7890,0.7580,0.1400,-0.9370,0.871,0.8800,0.60,0.245,1.0
'AS292135                            ',0.4820,0.0630,0.9250,-0.5970,0.827,0.5830,0.89,0.200,0.9
'AS940732                            ',0.6860,0.8740,0.6550,0.2430,0.611,0.8340,0.44,0.309,0.5
'AS979402                            ',0.8300,0.6790,0.5720,-0.3580,0.051,0.0910,0.71,0.230,0.8
'AS192221                            ',0.0830,0.0790,0.2410,-0.4710,0.003,0.6570,0.54,0.457,0.0
'AS339845                            ',0.5790,0.7290,0.8740,0.8850,0.569,0.8490,0.72,0.962,0.9
'AS165809                            ',0.7680,0.7660,0.0510,-0.7770,0.064,0.7210,0.44,0.900,0.0
'AS288992                            ',0.6270,0.8220,0.6380,0.8350,0.134,0.3490,0.58,0.975,0.4
'AS299638                            ',0.1780,0.9340,0.9620,0.1280,0.628,0.3470,0.07,0.623,0.7
'AS521439                            ',0.0850,0.3030,0.6980,0.8940,0.848,0.1390,0.62,0.939,0.9
'AS805350                            ',0.8720,0.2580,0.8360,0.6670,0.993,0.7260,0.62,0.353,0.6
'AS815643                            ',0.3400,0.1290,0.6000,0.7500,0.698,0.5260,0.48,0.397,0.6
'AS123954                            ',0.2530,0.3410,0.2810,-0.7110,0.415,0.4490,0.43,0.691,0.9
'AS650415                            ',0.2600,0.7520,0.9720,0.8040,0.418,0.9390,0.67,0.458,0.5
'AS339259                            ',0.6790,0.2590,0.7170,-0.2650,0.529,0.1210,0.86,0.047,0.7
'AS509455                            ',0.5020,0.6200,0.1490,0.0240,0.089,0.4350,0.38,0.674,0.4
'AS784793                            ',0.2330,0.8080,0.2350,0.9720,0.174,0.7340,0.51,0.540,0.7
'AS557928                            ',0.2190,0.4990,0.9770,0.4470,0.196,0.1410,0.94,0.426,0.0
'AS337220                            ',0.8560,0.2510,0.9530,0.7110,0.53,0.3640,0.78,0.496,0.4
'AS983011                            ',0.9100,0.1750,0.9180,0.9460,0.867,0.8820,0.30,0.610,0.7
'AS119236                            ',0.7250,0.5480,0.9350,0.3040,0.944,0.6150,0.17,0.664,1.0
'AS280990                            ',0.3250,0.6410,0.1020,0.4460,0.728,0.7430,0.75,0.850,0.1
'AS262309                            ',0.6660,0.6790,0.5360,-0.7910,0.053,0.9010,0.50,0.594,0.4
'AS543719                            ',0.4760,0.2630,0.4420,-0.8120,0.955,0.4040,0.41,0.908,0.4
'AS355156                            ',0.5480,0.8790,0.5960,-0.0470,0.779,0.9610,0.65,0.865,0.2
'AS941507                            ',0.9570,0.6120,0.0770,-0.0850,0.036,0.7650,0.02,0.925,0.2
'AS323083                            ',0.8820,0.2390,0.0970,0.7390,0.369,0.3660,0.76,0.667,0.6
'AS950753                            ',0.8290,0.4570,0.4450,0.4880,0.044,0.7620,0.40,0.814,0.4
'AS893890                            ',0.1670,0.1500,0.8740,-0.9530,0.795,0.9130,0.91,0.074,0.7
'AS340005                            ',0.4750,0.9710,0.2610,-0.3630,0.773,0.0430,0.13,0.098,1.0
'AS271430                            ',0.1980,0.4120,0.5480,-0.9060,0.596,0.3300,0.67,0.235,0.1
'AS239818                            ',0.4380,0.3490,0.2330,0.5650,0.112,0.6290,0.00,0.348,0.6
'AS613930                            ',0.1810,0.2230,0.7580,0.1500,0.084,0.8710,0.99,0.182,0.9
'AS698237                            ',0.6480,0.2690,0.1210,0.9040,0.508,0.7790,0.89,0.019,0.9
'AS426778                            ',0.9260,0.1720,0.9310,-0.9790,0.347,0.8270,0.48,0.665,0.3
'AS356942                            ',0.8100,0.1030,0.0860,0.9770,0.972,0.2500,0.09,0.777,0.9
'AS799062                            ',0.4150,0.2620,0.2560,-0.3950,0.712,0.2420,0.74,0.962,0.4
'AS288188                            ',0.3000,0.0280,0.6500,-0.0190,0.296,0.3720,0.92,0.547,0.7
'AS390245                            ',0.8860,0.5140,0.6540,-0.7250,0.455,0.2030,0.93,0.291,1.0
'AS916823                            ',0.7050,0.0290,0.6770,-0.5190,0.649,0.8410,0.94,0.722,0.2
'AS764253                            ',0.5960,0.8820,0.1740,-0.3720,0.965,0.1810,0.17,0.128,0.5
'AS705164                            ',0.8330,0.7410,0.8780,0.1370,0.28,0.2190,0.99,0.390,1.0
'AS766865                            ',0.1190,0.7660,0.6050,-0.0630,0.494,0.5940,0.13,0.677,1.0
'AS694931                            ',0.5460,0.8490,0.8710,0.5160,0.471,0.1160,0.91,0.796,0.3
'AS987247                            ',0.4180,0.9620,0.1000,0.1660,0.812,0.4040,0.08,0.005,0.2
'AS797747                            ',0.2200,0.9380,0.8510,0.5460,0.912,0.9510,0.05,0.576,0.3
'AS586078                            ',0.5620,0.3590,0.9750,-0.4830,0.99,0.1850,0.90,0.671,0.8
'AS288160                            ',0.5300,0.3290,0.1370,0.8820,0.804,0.3400,0.68,0.498,0.5
'AS173201                            ',0.2230,0.6070,0.0690,-0.3950,0.796,0.3890,0.24,0.062,0.9
'AS407864                            ',0.7380,0.8090,0.2270,0.6710,0.396,0.7510,0.17,0.287,0.5
'AS107131                            ',0.2680,0.5410,0.8920,0.6230,0.732,0.1300,0.72,0.279,1.0
'AS698206                            ',0.8580,0.0690,0.7350,-0.1110,0.991,0.3550,0.16,0.457,0.3
'AS600411                            ',0.5140,0.2840,0.3230,0.9110,0.304,0.5280,0.12,0.885,0.6
'AS860022                            ',0.2960,0.1070,0.5030,-0.0390,0.177,0.8180,0.20,0.470,0.5
'AS987215                            ',0.3110,0.5040,0.6740,-0.9630,0.222,0.3060,0.72,0.302,0.4
'AS861381                            ',0.1290,0.6460,0.0160,0.9000,0.271,0.8560,0.43,0.340,0.6
'AS725258                            ',0.4600,0.7120,0.5840,0.1960,0.085,0.2920,0.32,0.261,0.9
'AS728819                            ',0.4350,0.5950,0.2950,0.3570,0.272,0.7000,0.97,0.824,1.0
'AS931527                            ',0.0690,0.4590,0.5190,-0.9860,0.71,0.4020,0.59,0.015,0.7
'AS163875                            ',0.9000,0.7840,0.9730,-0.7130,0.554,0.6350,0.81,0.497,0.5
'AS855583                            ',0.4080,0.1520,0.5820,0.7030,0.577,0.2720,0.21,0.946,0.1
'AS336870                            ',0.2220,0.2810,0.6660,0.0570,0.886,0.3130,0.03,0.663,0.9
'AS656033                            ',0.9510,0.1150,0.6380,0.6500,0.561,0.9410,0.54,0.834,0.4
'AS128082                            ',0.1500,0.0820,0.8060,-0.8460,0.879,0.0430,0.53,0.281,0.7
'AS174975                            ',0.6100,0.9420,0.9420,-0.6760,0.303,0.6810,0.62,0.852,0.3
'AS584202                            ',0.7330,0.9450,0.1850,0.0780,0.501,0.9380,0.35,0.497,0.4
'AS812179                            ',0.1010,0.9720,0.3400,0.0510,0.299,0.4780,0.11,0.562,0.9
'AS348567                            ',0.7880,0.5780,0.4520,-0.8140,0.392,0.3460,0.80,0.631,0.4
'AS873228                            ',0.9240,0.7780,0.4070,-0.2530,0.983,0.8420,0.86,0.492,0.0
'AS920006                            ',0.5010,0.1570,0.0010,0.9130,0.153,0.2870,0.94,0.372,0.5
'AS685442                            ',0.9140,0.6870,0.9540,0.4370,0.551,0.5880,0.25,0.845,0.7
'AS224570                            ',0.1840,0.6840,0.7640,-0.7260,0.002,0.5020,0.32,0.099,0.7
'AS627582                            ',0.6090,0.1180,0.3220,-0.2960,0.166,0.3000,0.23,0.003,0.4
'AS639777                            ',0.5060,0.3350,0.1360,-0.2340,0.903,0.1520,0.76,0.991,0.9
'AS344097                            ',0.5650,0.6040,0.2930,-0.2650,0.314,0.5690,0.67,0.168,0.2
'AS332649                            ',0.8430,0.8510,0.0680,-0.1620,0.824,0.6010,0.54,0.503,0.0
'AS323932                            ',0.0660,0.4840,0.5910,0.1910,0.084,0.6910,0.27,0.239,0.2
'AS709162                            ',0.7430,0.0160,0.6010,0.6030,0.332,0.6470,0.84,0.989,0.2
'AS714262                            ',0.7940,0.7230,0.0330,-0.5160,0.601,0.0540,0.88,0.309,0.8
'AS244416                            ',0.9010,0.8160,1.0000,0.5300,0.573,0.5830,0.50,0.257,0.2
'AS750349                            ',0.8630,0.1240,0.6030,0.0560,0.396,0.4730,0.81,0.569,0.1
'AS629292                            ',0.2290,0.6980,0.2360,-0.9530,0.827,0.9750,0.49,0.775,0.4
'AS371916                            ',0.8130,0.7220,0.6530,-0.5480,0.054,0.2200,0.16,0.577,0.8
'AS594661                            ',0.1840,0.6510,0.6410,-0.6030,0.501,0.0220,1.00,0.352,0.6
'AS575400                            ',0.8490,0.2440,0.1930,-0.0900,0.72,0.8160,0.49,0.022,0.9
'AS585218                            ',0.1730,0.3710,0.8110,0.3320,0.038,0.1930,0.25,0.520,0.5
'AS539071                            ',0.4660,0.2200,0.0870,0.9360,0.28,0.8070,0.05,0.421,0.6
'AS758711                            ',0.2680,0.5440,0.9360,-0.0160,0.327,0.3670,0.89,0.700,0.2
'AS406092                            ',0.0680,0.3050,0.2100,0.5680,1.0,0.3250,0.24,0.785,0.9
'AS262120                            ',0.7320,0.0890,0.8290,0.5500,0.748,0.2250,0.11,0.528,0.4
'AS113599                            ',0.2140,0.2560,0.3080,0.0750,0.202,0.7700,0.47,0.462,0.4
'AS188246                            ',0.3620,0.9430,0.5630,0.8540,0.877,0.3240,0.36,0.624,0.1
'AS961512                            ',0.0650,0.2610,0.0250,-0.0630,0.531,0.7260,0.52,0.172,0.6
'AS899620                            ',0.4990,0.9420,0.2810,0.7910,0.906,0.2040,0.03,0.588,0.9
'AS824444                            ',0.2940,0.1450,0.6280,0.0680,0.007,0.3780,0.48,0.260,0.6
'AS359622                            ',0.3330,0.1970,0.7800,-0.2550,0.538,0.9090,0.15,0.812,0.4
'AS646205                            ',0.2820,0.6510,0.5870,-0.3380,0.164,0.9420,0.55,0.508,0.7
'AS831852                            ',0.4490,0.8390,0.7180,0.3720,0.558,0.5790,0.43,0.099,0.8
'AS215245                            ',0.1890,0.4070,0.2200,0.0390,0.7,0.9460,0.44,0.962,0.3
'AS664840                            ',0.1840,0.7470,0.6120,-0.0190,0.227,0.5590,0.40,0.035,0.9
'AS354877                            ',0.9210,0.6800,0.0560,0.9080,0.763,0.4220,0.89,0.863,0.6
'AS527286                            ',0.5660,0.4840,0.1830,0.6140,0.15,0.7260,0.25,0.671,0.0
'AS156862                            ',0.9880,0.4770,0.2380,-0.5700,0.557,0.4600,0.93,0.848,0.7
'AS598276                            ',0.4350,0.0610,0.4850,-0.9840,0.013,0.3650,0.50,0.386,0.4
'AS233524                            ',0.4750,0.4550,0.2820,-0.7820,0.072,0.8880,0.10,0.914,0.5
'AS239917                            ',0.3460,0.5260,0.9170,-0.2980,0.777,0.1650,0.56,0.437,0.2
'AS551843                            ',0.5230,0.1480,0.4910,0.6220,0.135,0.2680,0.50,0.518,0.1
'AS541369                            ',0.7660,0.8050,0.7590,-0.1860,0.214,0.8410,0.58,0.287,0.0
'AS580987                            ',0.3950,0.8520,0.8290,-0.8800,0.53,0.2660,0.01,0.421,0.0
'AS852259                            ',0.7470,0.9850,0.7280,0.1170,0.387,0.4390,0.35,0.200,0.7
'AS104302                            ',0.6000,0.1400,0.9880,0.2610,0.94,0.2010,0.54,0.851,0.9
'AS782034                            ',0.7360,0.9230,0.0090,0.6670,0.888,0.4270,0.10,0.428,0.8
'AS637827                            ',0.9050,0.2190,0.7870,-0.6110,0.811,0.0750,0.05,0.875,0.9
'AS513258                            ',0.9640,0.6090,0.5890,0.3680,0.822,0.9980,0.42,0.559,0.7
'AS120090                            ',0.0150,0.3000,0.3070,-0.0340,0.174,0.7180,0.80,0.167,0.7
'AS418258                            ',0.9730,0.6180,0.3070,0.1170,0.177,0.4970,0.02,0.060,0.0
'AS993014                            ',0.9960,0.7980,0.4600,-0.5160,0.931,0.3980,0.26,0.660,0.9
'AS975890                            ',0.6240,0.8690,0.6180,-0.4660,0.703,0.4070,0.76,0.456,0.5
'AS825031                            ',0.5060,0.2760,0.4690,-0.1240,0.237,0.9920,0.07,0.827,0.5
'AS665207                            ',0.5590,0.1260,0.7300,-0.8550,0.731,0.1480,0.75,0.492,0.8
'AS878613                            ',0.1050,0.3520,0.2460,0.5100,0.654,0.5520,0.22,0.496,0.9
'AS294357                            ',0.4040,0.6950,0.5280,-0.5560,0.862,0.4760,0.54,0.476,0.5
'AS586838                            ',0.8820,0.2500,0.8820,0.9390,0.463,0.4400,0.35,0.870,0.8
'AS413904                            ',0.7680,0.8480,0.3200,0.5610,0.12,0.2960,0.58,0.293,0.5
'AS958676                            ',0.3610,0.5640,0.5690,-0.4690,0.066,0.4400,0.17,0.433,0.3
'AS485215                            ',0.9170,0.5380,0.2130,-0.2390,0.955,0.7360,0.98,0.485,0.6
'AS707059                            ',0.4530,0.3180,0.8130,0.6030,0.436,0.4160,0.36,0.629,1.0
'AS800701                            ',0.3970,0.5240,0.7090,0.1840,0.518,0.2900,0.18,0.451,0.5
'AS984348                            ',0.5640,0.7320,0.9150,0.0670,0.08,0.6710,0.40,0.699,0.4
'AS993182                            ',0.3150,0.3950,0.3520,0.9690,0.108,0.0430,0.13,0.595,0.5
'AS790924                            ',0.7740,0.2520,0.9030,-0.0480,0.079,0.5310,0.81,0.201,0.3
'AS628670                            ',0.7780,0.9820,0.1310,0.0110,0.531,0.0850,0.76,0.547,0.0
'AS659986                            ',0.5240,0.3150,0.6740,0.6570,0.46,0.9310,0.04,0.510,0.3
'AS315002                            ',0.7670,0.7030,0.5630,-0.5140,0.542,0.5220,0.51,0.848,0.1
'AS432720                            ',0.5880,0.2400,0.0050,-0.7700,0.67,0.7620,0.27,0.747,0.1
'AS411047                            ',0.2060,0.0480,0.2770,-0.6570,0.354,0.4930,0.24,0.279,0.9
'AS983912                            ',0.6850,0.9850,0.4470,0.5990,0.75,0.1800,0.40,0.460,0.4
'AS334371                            ',0.3470,0.1890,0.9110,0.7810,0.096,0.7970,0.89,0.484,0.1