1,'2025-01-24 06:46:03.694',1106,0.60,'4',10,0.08,'Hit','v3','5.0','f3',1,1
2,'2025-02-01 20:15:58.694',1488,0.38,'0',10,0.43,'Hit','v3','3.7','f3',2,2
3,'2025-02-09 16:45:54.694',1270,0.10,'4',1,0.25,'Hit','v2','2.9','f4,f5',3,3
4,'2025-02-05 17:09:45.694',952,0.07,'5',10,0.05,'Hit','v1','5.3','f4',4,4
5,'2025-01-21 04:01:47.694',1292,0.70,'4',3,0.07,'Expired','v1','5.3','f3,f1,f4',5,5
6,'2025-01-20 08:00:19.694',734,0.13,'3',0,0.28,'Hit','v1','1.2','f2,f4,f5',6,6
7,'2025-01-21 10:54:27.694',1998,0.10,'1',10,0.82,'Expired','v1','4.4','f4,f3,f5',7,7
8,'2025-02-02 18:37:37.694',1958,0.29,'0',2,0.47,'Miss','v2','1.1','f1,f5,f2',8,8
9,'2025-01-23 12:53:51.694',735,0.02,'0',0,0.54,'Miss','v3','2.2','f1',9,9
10,'2025-01-21 07:41:22.694',1930,0.88,'3',4,0.69,'Hit','v2','1.1','f2,f5,f4',10,10
11,'2025-01-29 02:28:10.694',1901,0.23,'1',8,0.04,'Miss','v3','5.8','f3,f2',11,11
12,'2025-02-15 17:37:38.694',296,0.34,'2',7,0.91,'Hit','v1','1.0','f3,f1',12,12
13,'2025-02-10 08:44:48.694',1837,1.00,'0',8,0.44,'Expired','v2','1.9','f1,f3',13,13
14,'2025-02-02 06:12:39.694',1935,0.38,'0',10,0.48,'Expired','v2','1.3','f5',14,14
15,'2025-01-29 06:44:54.694',693,0.84,'3',4,0.20,'Hit','v2','1.5','f5',15,15
16,'2025-01-27 23:29:00.694',1860,0.58,'2',7,0.77,'Expired','v1','3.8','f3,f1,f2',16,16
17,'2025-01-30 17:07:22.694',1305,0.02,'5',7,0.52,'Miss','v2','3.9','f3',17,17
18,'2025-02-16 04:17:28.694',990,0.89,'5',3,0.00,'Miss','v3','1.9','f3',18,18
19,'2025-01-27 13:35:21.694',1653,0.48,'1',2,0.25,'Expired','v3','3.1','f2,f4',19,19
20,'2025-02-06 21:27:49.694',193,0.41,'5',9,0.94,'Miss','v2','5.8','f1,f2',20,20
21,'2025-01-20 14:40:24.694',1031,0.37,'1',7,0.96,'Hit','v3','5.6','f2,f1',21,21
22,'2025-02-15 08:36:52.694',327,0.97,'0',4,0.68,'Miss','v1','2.7','f3,f5,f4',22,22
23,'2025-02-12 11:30:55.694',1614,0.99,'1',1,0.23,'Hit','v2','3.7','f4,f5',23,23
24,'2025-01-27 13:04:45.694',624,0.19,'5',7,0.41,'Miss','v1','2.4','f4,f1',24,24
25,'2025-02-18 02:30:56.694',630,0.99,'5',9,0.27,'Miss','v1','4.3','f4',25,25
26,'2025-02-15 22:10:48.694',1478,0.33,'2',5,0.92,'Expired','v2','3.7','f4,f3',26,26
27,'2025-02-03 05:53:49.694',1197,0.43,'0',4,0.28,'Expired','v3','5.0','f2,f1',27,27
28,'2025-02-18 15:50:03.694',339,0.49,'0',6,0.21,'Expired','v3','4.2','f1,f5',28,28
29,'2025-02-15 10:11:11.694',205,0.98,'1',8,0.32,'Hit','v2','2.3','f4,f1',29,29
30,'2025-01-29 22:09:25.694',696,0.41,'3',6,0.55,'Expired','v2','3.9','f1',30,30
31,'2025-02-02 01:55:42.694',1171,0.03,'4',3,0.26,'Miss','v2','3.1','f2,f4',31,31
32,'2025-01-28 10:30:30.694',1792,0.63,'4',4,0.66,'Hit','v3','3.3','f4,f2,f3',32,32
33,'2025-01-24 18:42:10.694',1837,0.24,'2',8,0.40,'Expired','v1','3.0','f4,f2',33,33
34,'2025-02-19 00:16:14.694',329,0.67,'0',1,0.27,'Miss','v1','2.0','f4,f1,f2',34,34
35,'2025-01-31 09:32:31.694',809,0.66,'0',3,0.67,'Miss','v1','2.3','f4,f2,f1',35,35
36,'2025-01-28 19:26:34.694',380,0.26,'0',5,0.95,'Miss','v3','1.8','f4,f1',36,36
37,'2025-01-27 15:52:02.694',1251,0.63,'3',4,0.51,'Hit','v3','1.7','f3',37,37
38,'2025-01-25 19:51:36.694',401,0.81,'1',2,0.09,'Hit','v3','3.7','f1,f2,f4',38,38
39,'2025-01-29 07:28:35.694',585,0.15,'3',5,0.98,'Expired','v1','1.5','f2',39,39
40,'2025-02-16 06:39:14.694',344,0.79,'5',6,0.30,'Miss','v1','5.6','f1,f5',40,40
41,'2025-02-04 17:53:36.694',1829,0.12,'3',3,0.82,'Miss','v2','1.6','f1,f5,f4',41,41
42,'2025-02-10 18:33:25.694',1145,0.68,'5',8,0.65,'Expired','v1','3.6','f3,f2,f4',42,42
43,'2025-01-24 12:33:16.694',1731,0.85,'1',4,0.01,'Expired','v3','4.4','f1,f5,f4',43,43
44,'2025-02-09 00:18:22.694',639,0.06,'2',8,0.88,'Expired','v1','2.9','f2',44,44
45,'2025-02-07 15:26:28.694',1743,0.86,'1',8,0.88,'Hit','v3','1.7','f4,f2',45,45
46,'2025-02-10 06:31:08.710',1575,0.60,'3',1,0.65,'Hit','v2','3.8','f4',46,46
47,'2025-01-25 22:19:09.710',1697,0.79,'2',6,0.62,'Expired','v2','5.7','f1,f4,f2',47,47
48,'2025-02-03 11:48:02.710',651,0.64,'1',7,0.19,'Miss','v3','5.2','f3',48,48
49,'2025-01-20 07:00:56.710',1720,0.86,'0',5,0.26,'Hit','v3','3.1','f2,f3',49,49
50,'2025-02-03 23:07:55.710',512,0.35,'0',10,0.94,'Expired','v2','2.9','f1,f5',50,50
51,'2025-01-29 09:43:17.710',418,0.46,'1',5,0.93,'Miss','v2','5.5','f5,f4',51,51
52,'2025-02-05 06:34:37.710',1499,0.04,'4',1,0.53,'Expired','v1','3.9','f4,f2',52,52
53,'2025-02-02 18:51:32.710',146,0.50,'3',8,0.20,'Hit','v2','5.4','f1,f4,f2',53,53
54,'2025-02-05 12:46:34.710',1020,0.14,'5',4,0.86,'Hit','v3','4.0','f1,f5',54,54
55,'2025-02-03 07:56:50.710',1373,0.90,'4',4,0.06,'Miss','v1','2.0','f3,f4',55,55
56,'2025-02-03 05:53:14.710',203,0.38,'5',4,0.83,'Expired','v1','1.2','f2,f3,f4',56,56
57,'2025-02-14 01:00:08.710',1719,0.12,'3',3,0.56,'Hit','v1','3.5','f2',57,57
58,'2025-02-09 10:36:16.710',750,0.74,'2',2,0.01,'Expired','v3','4.8','f2',58,58
59,'2025-02-09 10:20:38.710',1906,0.19,'0',0,0.96,'Miss','v2','2.2','f5,f1',59,59
60,'2025-02-01 15:25:37.710',1495,0.90,'1',10,0.66,'Hit','v1','1.3','f2,f3',60,60
61,'2025-02-14 07:43:10.710',1344,0.25,'2',0,0.25,'Expired','v2','3.1','f1',61,61
62,'2025-02-10 12:50:54.710',1493,0.81,'3',4,0.75,'Miss','v2','5.2','f5,f3,f2',62,62
63,'2025-02-11 21:48:32.710',1358,0.86,'0',6,0.48,'Miss','v2','4.4','f3,f1',63,63
64,'2025-02-01 14:31:16.710',1380,0.04,'5',2,0.03,'Hit','v3','1.8','f5,f2,f1',64,64
65,'2025-01-19 18:37:22.710',1707,0.91,'0',0,0.30,'Miss','v3','2.9','f5,f2,f1',65,65
66,'2025-01-24 23:33:59.710',684,0.07,'3',8,0.81,'Miss','v3','2.3','f1,f5,f4',66,66
67,'2025-01-24 00:58:04.710',650,0.89,'5',6,0.83,'Expired','v1','2.0','f2,f5',67,67
68,'2025-02-07 07:41:28.710',1545,0.52,'3',1,0.84,'Miss','v3','5.7','f5',68,68
69,'2025-02-11 22:37:31.716',1406,0.96,'1',3,0.26,'Expired','v1','5.8','f1,f4,f3',69,69
70,'2025-01-24 03:31:04.716',1572,0.09,'2',7,0.93,'Miss','v3','3.7','f5',70,70
71,'2025-02-17 13:25:15.716',1972,0.05,'3',5,0.62,'Expired','v1','5.1','f2',71,71
72,'2025-02-01 22:50:27.716',954,0.88,'2',0,0.26,'Expired','v2','3.1','f2,f5,f1',72,72
73,'2025-02-15 11:06:49.717',1221,0.65,'1',8,0.09,'Hit','v3','4.6','f5',73,73
74,'2025-01-27 13:49:07.717',830,0.70,'1',8,0.19,'Expired','v2','3.7','f2,f4',74,74
75,'2025-02-13 08:31:16.717',231,0.42,'5',5,0.25,'Hit','v1','3.1','f5,f3,f4',75,75
76,'2025-02-14 16:48:03.718',214,0.66,'5',2,0.11,'Miss','v2','2.1','f2,f3',76,76
77,'2025-02-08 17:08:51.718',1907,0.85,'4',8,0.98,'Expired','v3','2.5','f2,f5,f4',77,77
78,'2025-02-09 08:36:09.718',441,0.93,'4',4,0.39,'Expired','v2','5.8','f4,f3,f5',78,78
79,'2025-02-11 22:42:27.718',622,0.91,'1',0,0.05,'Expired','v1','4.3','f3,f2',79,79
80,'2025-02-03 00:15:35.718',306,0.21,'5',6,0.32,'Miss','v3','3.4','f1',80,80
81,'2025-02-01 06:08:21.719',1216,0.10,'5',7,0.65,'Miss','v2','4.7','f5,f4,f1',81,81
82,'2025-01-22 10:58:42.719',1852,0.86,'1',3,0.46,'Miss','v1','2.4','f3,f5',82,82
83,'2025-01-23 17:37:22.719',1729,0.14,'1',4,0.82,'Miss','v2','4.5','f1,f4',83,83
84,'2025-01-29 17:35:46.719',461,0.89,'0',10,0.60,'Miss','v2','2.8','f3,f2,f4',84,84
85,'2025-02-04 01:32:55.720',715,0.26,'1',10,0.82,'Hit','v1','1.5','f1',85,85
86,'2025-02-14 15:36:57.720',215,0.26,'2',0,0.80,'Expired','v1','5.6','f2,f1',86,86
87,'2025-01-28 07:00:52.720',1412,0.75,'1',6,0.19,'Expired','v2','3.4','f2',87,87
88,'2025-02-12 00:48:15.720',1434,0.32,'0',8,0.31,'Expired','v3','1.0','f5',88,88
89,'2025-01-25 07:54:51.721',116,0.76,'5',2,0.79,'Hit','v1','1.1','f5',89,89
90,'2025-01-31 08:58:48.721',1931,0.44,'4',6,1.00,'Hit','v2','5.0','f3,f2,f4',90,90
91,'2025-02-17 03:24:23.721',1802,0.99,'2',5,0.26,'Hit','v1','1.3','f1',91,91
92,'2025-02-07 10:58:08.721',258,0.94,'5',7,0.63,'Expired','v2','2.7','f4,f5,f2',92,92
93,'2025-02-06 03:29:29.722',371,0.44,'2',10,0.84,'Expired','v1','5.4','f3,f5',93,93
94,'2025-01-29 23:47:30.722',594,0.72,'4',4,0.60,'Expired','v1','4.3','f4,f5,f2',94,94
95,'2025-02-01 03:35:06.722',159,0.03,'4',0,0.37,'Expired','v3','3.4','f1',95,95
96,'2025-02-15 17:03:00.723',1404,0.27,'0',4,0.31,'Miss','v2','4.7','f4,f5',96,96
97,'2025-02-06 16:23:01.723',624,0.25,'2',9,0.21,'Hit','v3','5.7','f5',97,97
98,'2025-01-24 20:37:51.723',965,0.24,'0',6,0.20,'Expired','v1','5.3','f4,f3,f5',98,98
99,'2025-01-30 01:15:45.723',1101,0.17,'2',7,0.75,'Hit','v2','2.9','f5,f1',99,99
100,'2025-02-10 18:59:17.724',1341,0.19,'3',6,0.16,'Miss','v3','1.0','f5',100,100
101,'2025-02-16 16:13:59.724',1400,1.00,'4',3,0.93,'Miss','v2','4.7','f5,f2',101,101
102,'2025-01-29 21:17:56.724',487,0.38,'4',9,0.96,'Miss','v1','2.4','f2,f5,f4',102,102
103,'2025-02-16 22:57:08.724',1230,0.52,'2',3,0.01,'Miss','v3','1.5','f1,f2,f4',103,103
104,'2025-02-11 21:25:04.724',462,0.63,'3',4,0.88,'Hit','v3','1.9','f1,f5,f2',104,104
105,'2025-02-01 13:36:49.724',104,0.86,'1',2,0.54,'Hit','v2','3.8','f4',105,105
106,'2025-02-10 08:19:29.724',1228,0.78,'2',7,0.48,'Miss','v3','1.7','f4,f3,f1',106,106
107,'2025-02-03 00:56:37.724',270,0.82,'2',1,0.99,'Miss','v3','3.8','f3',107,107
108,'2025-02-16 19:29:39.724',935,0.33,'3',10,0.52,'Hit','v3','4.7','f1',108,108
109,'2025-02-07 00:57:10.724',1050,0.97,'1',9,0.78,'Hit','v1','3.8','f4,f1',109,109
110,'2025-01-21 07:29:17.724',169,0.69,'5',6,0.87,'Miss','v3','4.9','f4,f3',110,110
111,'2025-02-06 07:06:08.724',632,0.03,'3',5,0.57,'Hit','v1','3.2','f5,f1,f4',111,111
112,'2025-02-10 19:48:26.724',1555,0.95,'2',3,0.69,'Miss','v1','4.5','f2',112,112
113,'2025-01-28 16:14:05.724',457,0.77,'2',3,0.15,'Hit','v1','5.9','f2',113,113
114,'2025-02-10 02:27:49.724',1686,0.64,'5',5,0.96,'Expired','v2','3.5','f4,f2',114,114
115,'2025-02-02 06:46:50.724',1868,0.85,'1',4,0.26,'Miss','v3','3.3','f3',115,115
116,'2025-02-07 01:35:49.724',1931,0.40,'5',10,0.44,'Hit','v3','3.0','f5,f4,f3',116,116
117,'2025-02-10 03:46:44.724',1918,0.88,'0',9,0.29,'Hit','v2','5.2','f2',117,117
118,'2025-02-16 23:24:15.724',547,0.64,'1',10,0.23,'Expired','v3','5.4','f5',118,118
119,'2025-02-01 16:23:39.724',1875,0.97,'4',6,0.01,'Expired','v1','1.6','f1',119,119
120,'2025-02-12 10:37:05.724',166,0.26,'3',5,0.70,'Expired','v2','4.4','f5',120,120
121,'2025-02-12 23:39:39.724',928,0.71,'3',9,0.13,'Hit','v2','2.8','f5',121,121
122,'2025-01-30 01:59:23.724',1868,0.54,'4',8,0.27,'Hit','v2','4.3','f1',122,122
123,'2025-02-16 05:26:20.724',548,0.84,'3',3,0.95,'Hit','v3','2.6','f3,f4',123,123
124,'2025-02-18 17:40:31.724',357,0.42,'0',2,0.79,'Miss','v2','2.8','f3,f1',124,124
125,'2025-02-08 22:35:37.724',282,0.54,'0',0,0.17,'Hit','v2','2.2','f1,f5,f3',125,125
126,'2025-02-15 06:51:28.724',975,0.73,'0',0,0.00,'Miss','v2','5.0','f4',126,126
127,'2025-02-17 00:34:52.724',147,0.28,'0',1,0.15,'Hit','v2','2.4','f4,f5',127,127
128,'2025-02-17 20:53:41.724',1801,0.08,'4',5,0.62,'Miss','v1','2.0','f5,f2,f1',128,128
129,'2025-01-27 01:29:37.724',1879,0.19,'0',10,0.06,'Miss','v2','3.2','f2',129,129
130,'2025-02-16 20:56:34.724',1149,0.55,'2',0,0.81,'Expired','v1','4.2','f2',130,130
131,'2025-02-05 19:08:22.724',504,0.66,'5',9,0.19,'Hit','v1','3.6','f4',131,131
132,'2025-01-26 04:15:08.724',1347,0.02,'4',0,0.02,'Expired','v1','5.4','f5',132,132
133,'2025-01-24 19:00:20.724',1075,0.42,'1',6,0.21,'Hit','v3','2.1','f5',133,133
134,'2025-02-17 04:36:52.724',1722,0.37,'5',6,0.02,'Expired','v3','2.4','f1,f5,f2',134,134
135,'2025-01-26 17:38:25.724',680,0.73,'0',6,0.49,'Miss','v3','4.0','f5,f3',135,135
136,'2025-01-20 15:32:22.724',1065,0.25,'1',2,0.80,'Miss','v2','4.8','f5,f3,f4',136,136
137,'2025-02-09 04:39:59.724',1333,0.89,'5',10,0.56,'Hit','v1','2.7','f3',137,137
138,'2025-01-20 14:52:25.724',65,0.99,'5',2,0.65,'Expired','v2','3.3','f1',138,138
139,'2025-02-11 13:12:31.724',1290,0.27,'5',3,0.10,'Expired','v2','4.7','f4',139,139
140,'2025-02-08 16:43:30.724',124,0.48,'3',1,0.76,'Expired','v3','3.9','f2,f1,f3',140,140
141,'2025-02-06 01:28:44.724',1843,0.08,'1',10,0.30,'Expired','v3','4.8','f3,f5,f1',141,141
142,'2025-02-07 20:47:59.724',378,0.01,'5',3,0.15,'Expired','v1','2.7','f3,f5',142,142
143,'2025-02-08 07:36:01.724',922,0.68,'3',10,0.65,'Hit','v3','1.3','f1,f3',143,143
144,'2025-01-22 20:53:55.724',1818,0.19,'0',2,0.89,'Hit','v1','1.3','f1,f3,f4',144,144
145,'2025-02-15 14:01:00.724',573,0.95,'3',6,0.49,'Miss','v3','4.8','f3,f4',145,145
146,'2025-01-23 15:58:34.724',1639,0.80,'4',6,0.75,'Expired','v1','4.8','f1,f5,f2',146,146
147,'2025-02-16 17:14:57.724',250,0.81,'0',9,0.34,'Miss','v2','2.5','f3,f2',147,147
148,'2025-01-23 18:21:33.724',1201,0.56,'3',6,0.64,'Miss','v1','3.8','f4,f3,f1',148,148
149,'2025-02-12 21:51:36.724',1976,0.85,'2',0,0.37,'Hit','v3','1.9','f4,f1,f5',149,149
150,'2025-02-01 01:36:31.724',1452,0.89,'2',9,0.42,'Expired','v2','2.5','f4',150,150
151,'2025-02-07 18:33:30.724',1892,0.65,'5',10,0.73,'Expired','v2','4.7','f1,f2',151,151
152,'2025-01-23 03:23:28.724',1681,0.62,'4',7,0.97,'Hit','v3','2.6','f3,f2,f4',152,152
153,'2025-01-27 14:44:03.724',610,0.24,'1',3,0.98,'Expired','v1','1.7','f1',153,153
154,'2025-02-04 08:29:45.724',99,0.05,'4',4,0.66,'Hit','v1','1.7','f4,f5',154,154
155,'2025-02-03 06:03:28.724',423,0.71,'0',7,0.59,'Hit','v1','3.2','f1,f4',155,155
156,'2025-02-10 11:27:56.724',1313,0.07,'0',1,0.87,'Expired','v2','4.0','f2,f5',156,156
157,'2025-02-01 00:04:10.724',1890,0.02,'3',6,0.85,'Expired','v1','4.8','f5,f3,f2',157,157
158,'2025-01-28 04:08:16.724',537,0.15,'2',7,0.65,'Hit','v2','4.8','f5,f1,f4',158,158
159,'2025-02-08 17:27:12.724',867,0.08,'5',10,0.16,'Hit','v3','4.4','f1',159,159
160,'2025-02-02 21:12:29.724',1814,0.43,'5',4,0.19,'Hit','v2','2.9','f5,f3',160,160
161,'2025-02-14 06:42:11.724',988,0.04,'2',7,0.24,'Miss','v1','2.4','f1',161,161
162,'2025-02-15 06:55:19.724',689,0.46,'5',2,0.74,'Hit','v2','3.1','f4',162,162
163,'2025-01-31 23:25:48.724',1429,0.44,'0',3,0.65,'Expired','v3','3.8','f2,f5,f3',163,163
164,'2025-01-30 06:11:10.724',1833,0.01,'2',3,0.59,'Expired','v3','5.0','f4',164,164
165,'2025-02-03 08:56:20.740',1512,0.43,'1',9,0.11,'Miss','v1','5.2','f5',165,165
166,'2025-02-08 08:21:06.740',194,0.11,'3',10,0.84,'Hit','v3','2.0','f5',166,166
167,'2025-02-12 00:30:12.740',1577,0.84,'3',0,0.29,'Hit','v1','1.1','f2,f3',167,167
168,'2025-01-27 06:29:06.740',1299,0.87,'5',6,0.44,'Hit','v3','3.5','f1',168,168
169,'2025-01-30 02:27:54.740',1904,0.73,'4',2,0.49,'Miss','v2','1.8','f3',169,169
170,'2025-01-30 02:03:59.740',343,0.24,'5',1,0.00,'Miss','v3','3.3','f2,f5,f3',170,170
171,'2025-02-10 05:54:55.742',1253,0.19,'1',2,0.51,'Hit','v2','4.6','f3,f1',171,171
172,'2025-02-18 19:17:36.742',1300,0.24,'0',10,0.46,'Expired','v3','3.7','f2,f4',172,172
173,'2025-02-07 07:45:23.742',63,0.97,'1',4,0.80,'Miss','v2','5.1','f1,f3,f4',173,173
174,'2025-01-23 20:28:01.742',1151,0.37,'2',1,0.01,'Expired','v2','4.2','f3',174,174
175,'2025-02-02 00:35:30.742',591,0.80,'1',2,0.01,'Expired','v2','5.6','f4',175,175
176,'2025-01-26 08:58:30.742',1153,0.03,'1',0,0.45,'Hit','v3','3.6','f3,f2,f4',176,176
177,'2025-02-16 13:36:46.742',1677,0.56,'2',4,0.38,'Hit','v2','5.9','f2,f4,f1',177,177
178,'2025-02-10 02:21:40.743',1818,1.00,'1',9,0.28,'Expired','v3','2.3','f1',178,178
179,'2025-02-04 06:07:30.743',1004,0.04,'2',5,0.75,'Expired','v1','5.5','f1,f3,f2',179,179
180,'2025-01-28 16:46:06.744',1200,0.26,'5',8,0.50,'Miss','v1','1.3','f3,f5',180,180
181,'2025-02-13 08:42:50.744',984,0.48,'1',4,0.33,'Hit','v3','4.2','f5',181,181
182,'2025-02-02 05:17:16.744',1855,0.50,'4',3,0.18,'Miss','v2','2.4','f1',182,182
183,'2025-01-29 06:28:45.744',1970,0.25,'3',3,0.53,'Expired','v3','1.4','f4,f1,f3',183,183
184,'2025-01-20 14:31:25.745',398,0.61,'0',0,0.36,'Expired','v1','4.7','f5,f2,f4',184,184
185,'2025-02-07 07:24:28.745',658,0.11,'1',9,0.54,'Expired','v3','3.3','f2,f3,f4',185,185
186,'2025-02-04 02:46:59.745',611,0.57,'4',9,0.05,'Miss','v2','1.3','f3,f5,f4',186,186
187,'2025-01-24 07:54:27.745',1763,0.82,'4',1,0.10,'Hit','v3','5.2','f5',187,187
188,'2025-01-28 16:53:54.746',931,0.42,'0',6,0.95,'Miss','v2','5.8','f5',188,188
189,'2025-02-05 01:40:22.746',152,0.43,'0',2,0.08,'Expired','v1','3.5','f4,f1,f5',189,189
190,'2025-01-24 00:51:11.746',1116,0.74,'4',4,0.20,'Hit','v2','1.4','f4,f2,f1',190,190
191,'2025-01-22 09:54:48.746',537,0.57,'1',0,0.98,'Hit','v3','2.2','f2,f5',191,191
192,'2025-01-22 00:28:10.747',1444,0.69,'1',0,0.94,'Miss','v1','3.6','f4',192,192
193,'2025-01-21 08:17:56.747',542,0.43,'0',0,0.48,'Expired','v3','4.8','f1,f3',193,193
194,'2025-01-21 17:45:29.747',1533,0.48,'0',4,0.12,'Hit','v2','1.8','f4,f1,f2',194,194
195,'2025-01-22 03:10:15.747',1624,0.52,'4',3,0.88,'Hit','v2','5.0','f2',195,195
196,'2025-01-20 06:50:11.747',1120,0.36,'0',4,0.14,'Expired','v3','4.9','f1',196,196
197,'2025-02-05 22:27:04.748',678,0.78,'3',7,0.56,'Hit','v3','5.0','f2',197,197
198,'2025-02-12 09:16:34.748',759,0.29,'2',8,0.06,'Hit','v3','3.8','f5,f4,f3',198,198
199,'2025-02-17 14:37:57.748',499,0.66,'0',4,0.20,'Hit','v2','1.9','f3,f4,f5',199,199
200,'2025-01-25 09:13:26.748',88,0.85,'2',5,0.16,'Expired','v2','2.6','f2,f3,f4',200,200
201,'2025-01-21 10:23:37.749',1431,0.82,'0',8,0.30,'Hit','v2','2.9','f4',201,201
202,'2025-02-10 23:11:52.749',466,0.78,'3',4,0.97,'Expired','v3','5.6','f5,f2,f1',202,202
203,'2025-01-26 07:36:05.749',1155,0.78,'3',7,0.25,'Expired','v3','1.3','f3,f4,f5',203,203
204,'2025-01-23 11:47:45.749',582,0.38,'4',1,0.30,'Miss','v2','2.7','f5,f4',204,204
205,'2025-02-06 05:22:16.750',1293,0.38,'1',10,0.96,'Miss','v2','1.6','f3,f5,f2',205,205
206,'2025-01-22 11:09:43.750',149,0.28,'4',10,0.77,'Miss','v3','1.6','f3',206,206
207,'2025-02-10 05:42:58.750',827,0.04,'2',1,0.23,'Expired','v3','5.7','f5',207,207
208,'2025-01-23 07:48:18.750',1860,0.71,'4',1,0.82,'Hit','v2','1.0','f3,f5,f4',208,208
209,'2025-02-12 07:41:02.750',535,0.20,'0',4,0.42,'Miss','v3','1.2','f3',209,209
210,'2025-01-22 13:04:56.751',1531,0.63,'2',3,0.84,'Expired','v2','4.8','f4,f2,f5',210,210
211,'2025-01-27 17:16:58.751',377,0.31,'0',2,0.09,'Hit','v3','5.5','f4,f1,f3',211,211
212,'2025-02-16 01:32:26.751',1689,0.15,'5',2,0.19,'Miss','v2','1.4','f2',212,212
213,'2025-02-17 00:03:40.751',359,0.73,'3',3,0.01,'Miss','v3','2.7','f5',213,213
214,'2025-02-09 03:07:33.751',1745,0.84,'3',10,0.35,'Hit','v2','1.3','f2',214,214
215,'2025-02-05 15:41:26.751',1514,0.45,'0',4,0.58,'Miss','v3','2.3','f3',215,215
216,'2025-02-12 12:50:43.752',1079,0.07,'0',9,0.88,'Expired','v3','1.1','f3,f1',216,216
217,'2025-02-08 14:01:33.752',1307,0.05,'3',3,0.28,'Hit','v2','2.6','f5,f2',217,217
218,'2025-02-12 09:08:43.752',466,0.89,'5',5,0.22,'Miss','v1','2.2','f5,f3',218,218
219,'2025-01-24 22:19:03.752',267,0.14,'2',2,0.24,'Expired','v3','3.1','f3',219,219
220,'2025-01-19 16:09:38.753',1214,0.76,'5',1,0.86,'Miss','v2','4.4','f4,f2,f5',220,220
221,'2025-01-25 04:28:19.753',50,0.83,'0',1,0.16,'Expired','v3','5.1','f1',221,221
222,'2025-01-20 10:29:09.753',1796,0.62,'4',5,0.92,'Miss','v1','5.8','f2,f3,f1',222,222
223,'2025-01-21 21:24:56.753',229,0.32,'1',4,0.87,'Hit','v3','5.0','f5,f2,f4',223,223
224,'2025-02-10 12:47:23.754',599,0.78,'3',3,0.64,'Expired','v2','2.0','f4,f3',224,224
225,'2025-02-01 01:30:31.755',1568,0.85,'2',0,0.57,'Expired','v1','3.4','f3',225,225
226,'2025-02-07 06:46:32.755',865,0.30,'3',4,0.66,'Hit','v1','4.5','f2',226,226
227,'2025-02-18 04:06:47.755',1314,0.69,'4',8,0.59,'Miss','v2','3.9','f2,f4,f5',227,227
228,'2025-01-26 00:15:36.755',166,0.19,'2',7,0.78,'Hit','v2','4.8','f4,f1',228,228
229,'2025-02-01 08:43:02.756',399,0.71,'3',10,0.00,'Hit','v2','5.2','f5,f3,f4',229,229
230,'2025-01-30 13:34:09.756',1417,0.92,'1',3,0.69,'Expired','v1','3.9','f3',230,230
231,'2025-01-19 20:45:36.756',1114,0.07,'4',4,0.50,'Miss','v3','5.1','f4,f2,f3',231,231
232,'2025-01-25 08:19:00.756',1617,0.98,'2',1,0.88,'Miss','v2','1.9','f2',232,232
233,'2025-02-06 11:18:58.757',800,0.13,'5',6,0.72,'Expired','v3','5.2','f2,f4',233,233
234,'2025-02-10 03:46:30.757',132,0.47,'2',3,0.34,'Expired','v1','4.5','f3,f5,f4',234,234
235,'2025-01-27 21:07:54.757',1241,0.36,'5',0,0.26,'Miss','v2','5.7','f4,f5',235,235
236,'2025-01-26 13:10:16.757',323,1.00,'0',9,0.70,'Expired','v3','4.6','f1,f5',236,236
237,'2025-01-24 11:09:42.757',584,0.72,'4',5,0.10,'Hit','v1','3.7','f5,f3,f2',237,237
238,'2025-02-15 02:38:12.757',1654,0.74,'2',7,0.45,'Hit','v3','4.2','f2',238,238
239,'2025-01-30 03:55:53.757',1908,0.68,'5',2,0.77,'Miss','v1','1.4','f4,f5',239,239
240,'2025-01-25 19:17:52.757',477,0.34,'1',4,0.86,'Expired','v3','1.6','f1,f5,f2',240,240
241,'2025-02-14 01:25:22.757',908,0.51,'1',0,0.77,'Hit','v3','5.1','f1,f2,f3',241,241
242,'2025-02-06 18:52:45.757',1839,0.52,'4',10,0.42,'Miss','v1','4.9','f5,f2,f1',242,242
243,'2025-02-14 00:37:33.757',1172,0.16,'4',7,0.42,'Miss','v1','2.9','f4',243,243
244,'2025-01-31 05:23:59.757',283,0.93,'1',1,0.18,'Expired','v3','2.0','f2,f3,f4',244,244
245,'2025-02-05 07:35:16.757',1410,0.25,'5',6,0.16,'Miss','v3','1.3','f2,f1',245,245
246,'2025-02-09 20:38:59.757',1838,0.73,'3',2,0.84,'Hit','v1','1.7','f3,f4',246,246
247,'2025-01-27 07:03:27.757',1172,0.98,'4',2,0.85,'Expired','v3','2.4','f4,f5,f2',247,247
248,'2025-02-10 01:07:31.757',1320,0.55,'2',4,0.37,'Expired','v2','4.6','f3',248,248
249,'2025-01-29 07:54:16.757',1352,0.91,'4',10,0.19,'Expired','v2','5.7','f1,f5,f2',249,249
250,'2025-02-15 08:04:30.757',1238,0.09,'4',2,0.11,'Hit','v1','2.8','f2,f1,f5',250,250
251,'2025-02-12 11:11:37.757',205,0.62,'5',3,0.11,'Hit','v3','1.6','f4',251,251
252,'2025-01-26 06:45:02.757',1953,0.20,'0',1,0.21,'Expired','v2','2.7','f5',252,252
253,'2025-01-27 17:30:41.757',1826,0.71,'0',5,0.02,'Miss','v1','2.5','f3',253,253
254,'2025-01-20 11:13:20.757',1199,0.81,'3',10,0.41,'Hit','v3','1.4','f2',254,254
255,'2025-01-27 22:10:01.757',164,0.26,'5',4,0.80,'Expired','v1','5.7','f1,f5',255,255
256,'2025-02-05 08:16:31.757',1769,0.40,'4',9,0.90,'Expired','v1','1.5','f1',256,256
257,'2025-01-26 05:33:38.757',1907,0.24,'1',4,0.36,'Hit','v3','5.2','f4',257,257
258,'2025-01-28 09:52:35.757',1731,0.10,'0',9,0.88,'Hit','v3','4.8','f4,f2,f5',258,258
259,'2025-02-02 06:28:22.757',1384,0.18,'2',8,0.56,'Hit','v2','3.1','f1,f4',259,259
260,'2025-01-21 07:31:11.757',845,0.57,'3',5,0.84,'Expired','v2','5.8','f4',260,260
261,'2025-01-30 15:17:42.757',608,0.42,'3',3,0.10,'Expired','v2','3.2','f5,f4,f1',261,261
262,'2025-01-20 11:56:32.757',325,0.62,'3',5,0.54,'Miss','v3','4.9','f2',262,262
263,'2025-02-05 07:51:03.757',1733,0.88,'3',9,0.07,'Expired','v1','2.7','f2,f3',263,263
264,'2025-01-20 07:50:29.757',256,0.07,'0',1,0.73,'Miss','v2','1.2','f1,f4,f5',264,264
265,'2025-01-28 08:11:38.757',986,0.80,'5',0,0.15,'Expired','v1','4.8','f1',265,265
266,'2025-02-18 12:32:00.757',548,0.48,'4',10,0.72,'Expired','v3','4.2','f1',266,266
267,'2025-02-05 02:20:55.757',875,0.87,'0',6,0.15,'Expired','v3','2.9','f2',267,267
268,'2025-02-11 06:05:14.757',1042,0.07,'1',1,0.20,'Hit','v1','4.7','f4,f5,f3',268,268
269,'2025-02-16 01:12:58.757',873,0.99,'5',4,0.33,'Miss','v1','3.2','f3',269,269
270,'2025-01-25 05:01:56.766',689,0.07,'5',2,0.88,'Hit','v3','1.6','f3',270,270
271,'2025-02-08 07:59:10.766',992,0.07,'4',9,0.15,'Miss','v1','4.6','f4',271,271
272,'2025-02-06 19:25:51.766',1289,0.23,'1',9,0.44,'Expired','v3','1.4','f3,f5,f2',272,272
273,'2025-01-21 10:29:16.766',476,0.56,'5',2,0.99,'Expired','v2','4.5','f4,f3',273,273
274,'2025-02-03 16:37:18.767',386,0.61,'5',5,0.96,'Miss','v2','5.1','f2,f4,f5',274,274
275,'2025-02-07 19:57:41.767',70,0.03,'5',10,0.08,'Miss','v3','2.4','f5',275,275
276,'2025-01-19 17:03:49.767',1919,0.75,'4',0,0.52,'Hit','v2','4.8','f3,f2,f4',276,276
277,'2025-02-10 13:21:46.767',1574,0.37,'5',4,0.38,'Miss','v2','3.3','f4',277,277
278,'2025-02-15 07:30:54.768',1352,0.21,'0',4,0.71,'Hit','v1','2.9','f3,f1,f5',278,278
279,'2025-02-05 10:23:11.768',1341,0.58,'2',4,0.39,'Hit','v1','3.4','f3',279,279
280,'2025-02-16 03:23:16.768',651,0.78,'4',9,0.76,'Miss','v3','5.8','f5',280,280
281,'2025-01-19 13:41:23.768',1606,0.86,'3',4,0.06,'Hit','v2','4.8','f1',281,281
282,'2025-02-19 07:45:16.768',993,0.19,'1',9,0.39,'Hit','v2','4.7','f2,f3,f1',282,282
283,'2025-01-25 21:08:43.768',182,0.20,'4',10,0.25,'Miss','v1','5.4','f4',283,283
284,'2025-01-31 01:05:10.768',1559,0.47,'4',1,0.70,'Hit','v2','4.5','f5,f3,f2',284,284
285,'2025-02-06 16:14:41.769',1716,0.93,'2',7,0.85,'Miss','v2','5.0','f2',285,285
286,'2025-01-24 00:11:07.769',1923,0.34,'2',8,0.26,'Miss','v1','2.1','f5,f4',286,286
287,'2025-02-06 07:34:11.769',953,0.47,'1',5,0.10,'Hit','v1','3.2','f1,f4,f2',287,287
288,'2025-02-09 20:36:46.769',1881,0.04,'1',10,0.57,'Miss','v3','5.0','f2',288,288
289,'2025-02-02 14:26:22.770',1204,0.07,'5',5,0.76,'Expired','v1','5.4','f1,f2',289,289
290,'2025-02-09 22:30:20.770',1753,0.82,'1',0,0.04,'Miss','v3','2.1','f3,f5',290,290
291,'2025-01-31 05:15:47.770',1945,0.63,'2',2,0.84,'Miss','v2','3.4','f5',291,291
292,'2025-01-27 23:45:33.770',122,0.39,'5',4,0.06,'Miss','v1','1.8','f3',292,292
293,'2025-02-01 01:47:55.770',1802,0.65,'5',1,0.08,'Hit','v1','4.3','f2,f3,f4',293,293
294,'2025-02-02 06:13:36.771',1942,0.54,'1',10,0.03,'Miss','v1','5.0','f1,f3,f2',294,294
295,'2025-02-07 11:29:55.771',1309,0.36,'4',6,0.75,'Hit','v3','3.9','f2',295,295
296,'2025-02-07 03:32:36.771',1618,0.53,'5',8,0.81,'Expired','v3','4.6','f4,f5',296,296
297,'2025-02-12 15:33:19.771',1079,0.94,'3',10,0.98,'Miss','v1','1.7','f4,f1',297,297
298,'2025-02-12 03:59:59.772',952,0.22,'2',7,0.30,'Miss','v2','4.9','f2',298,298
299,'2025-01-19 08:30:53.772',343,0.92,'0',10,0.55,'Miss','v1','5.5','f3,f4,f5',299,299
300,'2025-01-30 19:31:42.773',1018,0.58,'2',8,0.34,'Expired','v2','5.1','f2,f3,f1',300,300
301,'2025-02-04 12:54:26.773',1402,0.54,'0',6,0.77,'Hit','v3','4.1','f3,f1,f2',301,301
302,'2025-01-31 14:54:03.773',836,0.58,'1',8,0.32,'Expired','v3','1.8','f3',302,302
303,'2025-02-06 15:04:26.773',782,0.41,'5',0,0.39,'Expired','v2','5.9','f2',303,303
304,'2025-02-01 12:46:16.773',177,0.31,'1',6,0.56,'Expired','v2','5.1','f4',304,304
305,'2025-02-07 11:58:08.773',283,0.78,'1',6,0.81,'Miss','v1','1.8','f3',305,305
306,'2025-02-16 06:34:28.773',1207,0.14,'4',7,0.62,'Expired','v2','4.3','f1,f2,f4',306,306
307,'2025-02-10 11:51:13.773',1583,0.68,'1',9,0.35,'Miss','v2','4.8','f2',307,307
308,'2025-02-14 01:51:42.773',409,0.46,'0',10,0.80,'Expired','v2','5.5','f2,f5',308,308
309,'2025-01-30 05:51:05.773',1930,0.70,'5',6,0.49,'Expired','v3','1.3','f4,f1',309,309
310,'2025-02-14 10:36:38.773',540,0.50,'1',3,0.07,'Hit','v3','5.4','f3,f1,f4',310,310
311,'2025-02-03 02:44:48.773',653,0.18,'2',4,0.90,'Expired','v3','5.2','f5',311,311
312,'2025-01-26 07:22:15.773',1963,0.46,'3',4,0.28,'Hit','v1','5.0','f2,f3',312,312
313,'2025-01-26 21:08:00.773',723,0.60,'2',10,0.23,'Miss','v2','2.8','f1',313,313
314,'2025-02-09 18:38:28.773',1222,0.36,'3',6,0.90,'Expired','v3','3.5','f1,f2',314,314
315,'2025-02-03 07:38:54.773',1179,0.37,'0',1,0.21,'Miss','v3','4.4','f5,f4',315,315
316,'2025-02-17 21:03:09.773',1074,0.10,'4',5,0.79,'Expired','v2','5.9','f5',316,316
317,'2025-02-18 16:32:18.773',533,0.42,'4',1,0.29,'Expired','v1','4.3','f3,f2',317,317
318,'2025-02-07 13:40:26.773',1302,0.62,'2',3,0.43,'Hit','v1','3.7','f3,f2,f5',318,318
319,'2025-01-25 03:08:51.773',1793,0.21,'1',7,0.74,'Miss','v3','3.9','f2,f5,f3',319,319
320,'2025-02-05 04:37:02.773',71,0.99,'4',7,0.60,'Hit','v2','3.6','f4,f2',320,320
321,'2025-02-18 15:38:05.773',511,0.45,'1',0,0.13,'Hit','v3','2.5','f4,f5',321,321
322,'2025-02-18 19:03:38.773',494,0.40,'1',5,0.17,'Expired','v1','1.8','f2',322,322
323,'2025-02-15 09:13:44.773',140,0.68,'4',8,0.46,'Hit','v3','5.5','f3,f5,f1',323,323
324,'2025-02-03 03:45:00.773',577,0.37,'2',1,0.68,'Hit','v3','4.1','f4,f5',324,324
325,'2025-01-26 20:06:06.773',400,0.23,'3',0,0.61,'Hit','v1','5.5','f1,f2',325,325
326,'2025-01-26 01:39:35.779',692,0.71,'3',3,0.27,'Expired','v2','5.6','f1,f5,f2',326,326
327,'2025-02-12 22:02:49.779',698,0.98,'5',7,0.33,'Hit','v2','4.1','f3,f2,f1',327,327
328,'2025-02-18 00:14:01.780',1402,0.36,'1',8,0.74,'Hit','v3','1.2','f3,f4,f2',328,328
329,'2025-02-03 21:49:13.780',1857,0.40,'5',8,0.59,'Expired','v2','2.2','f5,f3',329,329
330,'2025-02-07 15:33:07.780',1713,0.43,'4',9,0.38,'Expired','v1','2.3','f3',330,330
331,'2025-01-21 15:33:17.780',1925,0.83,'4',0,0.27,'Miss','v3','5.1','f3,f1',331,331
332,'2025-02-09 11:16:39.781',1755,0.23,'4',4,0.15,'Miss','v1','2.3','f2',332,332
333,'2025-02-13 23:57:34.781',1798,0.39,'1',7,0.70,'Miss','v3','4.6','f1',333,333
334,'2025-02-05 14:52:12.781',1970,0.38,'4',4,0.41,'Hit','v3','2.4','f2',334,334
335,'2025-01-22 13:52:53.781',709,0.10,'3',6,0.42,'Expired','v1','4.5','f2',335,335
336,'2025-01-26 07:25:01.781',237,0.70,'2',2,0.51,'Hit','v1','4.3','f5,f3',336,336
337,'2025-01-30 23:06:07.782',268,0.98,'5',7,0.04,'Miss','v1','4.8','f3,f2,f4',337,337
338,'2025-02-01 23:18:23.782',852,0.82,'0',7,0.05,'Miss','v3','5.4','f2,f3,f5',338,338
339,'2025-01-27 08:34:03.782',704,0.99,'2',9,0.53,'Expired','v3','2.6','f2,f5',339,339
340,'2025-02-08 20:52:51.782',462,0.05,'5',8,0.25,'Expired','v2','3.3','f5,f1',340,340
341,'2025-01-19 07:37:43.783',810,0.65,'4',9,0.21,'Miss','v2','3.5','f4,f2,f3',341,341
342,'2025-02-15 20:12:16.783',629,0.05,'2',4,0.42,'Hit','v1','4.5','f5,f4',342,342
343,'2025-02-11 02:56:36.783',1065,0.24,'5',6,0.59,'Expired','v3','5.5','f4',343,343
344,'2025-02-14 11:42:42.783',753,0.14,'2',9,0.14,'Hit','v3','2.0','f1,f2,f4',344,344
345,'2025-01-29 20:16:38.784',1417,0.73,'3',2,0.86,'Expired','v3','2.2','f2,f3',345,345
346,'2025-02-18 15:34:10.784',1010,0.25,'5',10,0.30,'Hit','v3','1.7','f2,f5',346,346
347,'2025-02-09 01:08:02.784',922,0.34,'4',6,0.32,'Hit','v2','2.3','f1,f2',347,347
348,'2025-02-03 08:20:30.784',1189,0.04,'3',3,0.07,'Expired','v1','3.6','f3,f5,f4',348,348
349,'2025-02-14 06:43:16.784',79,0.96,'5',0,0.44,'Hit','v2','5.8','f2,f1,f3',349,349
350,'2025-02-09 11:41:55.785',845,0.60,'3',6,0.11,'Hit','v2','3.7','f1,f2,f5',350,350
351,'2025-01-29 22:20:53.785',1382,0.51,'1',10,0.79,'Miss','v1','5.4','f4,f1,f2',351,351
352,'2025-01-25 02:59:14.785',1407,0.43,'4',3,0.92,'Hit','v3','4.4','f1',352,352
353,'2025-02-13 10:21:03.785',1751,0.98,'1',10,0.12,'Hit','v1','2.1','f2,f4',353,353
354,'2025-02-13 15:24:03.785',1587,0.83,'4',9,0.88,'Miss','v3','3.1','f1,f2',354,354
355,'2025-02-03 22:35:01.785',256,0.11,'3',0,0.60,'Hit','v3','1.0','f1,f3,f2',355,355
356,'2025-02-18 11:14:38.786',1994,0.17,'5',4,0.97,'Miss','v2','5.6','f1,f5',356,356
357,'2025-02-17 04:50:49.786',1712,0.79,'0',0,0.41,'Hit','v3','5.9','f2,f3',357,357
358,'2025-02-03 23:11:52.786',1005,0.82,'3',10,0.21,'Miss','v3','1.5','f2,f4',358,358
359,'2025-02-02 21:13:52.786',1016,0.53,'2',7,0.12,'Expired','v3','5.5','f5',359,359
360,'2025-02-17 05:51:51.787',1939,0.13,'0',9,0.03,'Miss','v2','5.6','f3,f4',360,360
361,'2025-01-22 19:41:05.787',1496,0.89,'3',10,0.11,'Miss','v1','4.4','f1,f2',361,361
362,'2025-02-05 12:43:09.787',364,0.47,'3',0,0.09,'Miss','v3','3.7','f4,f3',362,362
363,'2025-01-27 06:29:47.787',825,0.65,'1',7,0.79,'Hit','v1','5.1','f5,f1,f4',363,363
364,'2025-01-19 22:15:23.788',1715,0.66,'4',3,0.18,'Hit','v2','2.4','f5,f4,f3',364,364
365,'2025-01-25 19:33:07.788',1221,0.43,'4',5,0.58,'Hit','v3','3.9','f2,f5',365,365
366,'2025-01-31 21:26:38.788',773,0.64,'3',8,0.96,'Expired','v1','3.9','f2,f5,f1',366,366
367,'2025-02-05 01:09:25.788',852,0.87,'5',4,0.54,'Miss','v3','3.4','f5,f1',367,367
368,'2025-02-14 05:59:47.788',1189,0.54,'1',0,0.95,'Expired','v2','5.7','f2,f3,f5',368,368
369,'2025-02-11 17:10:46.789',1177,0.44,'0',6,0.08,'Expired','v2','2.9','f4,f1,f5',369,369
370,'2025-02-15 07:08:52.789',552,0.71,'4',6,0.65,'Expired','v3','1.1','f4,f5,f3',370,370
371,'2025-02-14 10:22:43.789',764,0.77,'5',4,0.55,'Expired','v1','3.9','f5,f2',371,371
372,'2025-01-19 19:21:32.789',1361,0.55,'5',6,0.74,'Expired','v2','5.6','f5',372,372
373,'2025-02-03 07:30:20.790',1077,0.56,'2',7,0.23,'Expired','v3','2.0','f1,f5,f4',373,373
374,'2025-01-29 15:31:13.790',1804,0.09,'5',1,0.82,'Miss','v1','1.9','f4,f2,f5',374,374
375,'2025-02-13 05:47:30.790',1436,0.30,'2',4,0.44,'Miss','v2','4.0','f4',375,375
376,'2025-01-23 19:02:27.790',1747,0.20,'5',8,0.37,'Hit','v1','5.5','f4,f5,f2',376,376
377,'2025-01-20 01:21:10.791',742,0.53,'4',3,0.81,'Expired','v1','4.1','f4,f1',377,377
378,'2025-01-31 00:54:09.791',1810,0.37,'3',2,0.56,'Expired','v2','5.7','f3',378,378
379,'2025-01-25 17:42:44.791',1141,0.46,'4',7,0.85,'Expired','v1','4.6','f2,f5,f4',379,379
380,'2025-01-20 04:47:14.791',291,0.10,'0',5,0.78,'Hit','v1','4.7','f2,f5',380,380
381,'2025-01-29 04:55:27.791',1673,0.59,'3',3,0.93,'Expired','v2','4.4','f2',381,381
382,'2025-02-11 10:11:11.791',1399,0.77,'2',10,0.32,'Hit','v1','1.5','f2',382,382
383,'2025-02-17 06:50:17.791',703,0.27,'4',4,0.31,'Expired','v1','4.0','f3,f2,f5',383,383
384,'2025-02-06 02:18:00.791',652,0.63,'4',2,0.14,'Hit','v3','4.5','f4,f3',384,384
385,'2025-01-24 09:28:34.791',1104,0.77,'1',4,0.39,'Expired','v2','4.9','f3,f5',385,385
386,'2025-01-27 04:04:51.791',1035,0.67,'4',10,0.97,'Miss','v1','4.9','f4,f1',386,386
387,'2025-01-26 08:46:03.791',292,0.39,'2',9,0.78,'Expired','v3','1.8','f3',387,387
388,'2025-02-12 07:47:40.791',1906,0.87,'3',5,0.80,'Miss','v2','4.9','f5,f2,f3',388,388
389,'2025-02-11 08:08:27.791',929,0.24,'0',10,0.66,'Miss','v3','2.9','f1,f5,f4',389,389
390,'2025-02-18 18:10:58.791',689,0.99,'2',7,0.29,'Hit','v3','3.8','f5',390,390
391,'2025-02-05 04:21:51.791',1533,0.50,'3',3,0.90,'Expired','v2','5.2','f2',391,391
392,'2025-02-02 11:32:25.791',713,0.34,'1',9,0.34,'Hit','v3','3.3','f2',392,392
393,'2025-01-28 21:49:24.791',110,0.77,'2',7,0.18,'Hit','v1','1.1','f3,f4',393,393
394,'2025-01-27 01:18:01.791',155,0.12,'1',2,0.45,'Expired','v2','4.2','f3',394,394
395,'2025-02-16 15:11:54.791',1438,0.71,'5',6,0.24,'Miss','v3','3.2','f5,f4,f3',395,395
396,'2025-01-20 09:31:07.791',959,0.42,'4',0,0.24,'Hit','v1','1.5','f1,f4',396,396
397,'2025-02-16 03:26:40.791',1050,0.55,'2',8,0.99,'Miss','v2','3.0','f2,f1',397,397
398,'2025-02-08 15:07:19.791',1050,0.06,'5',1,0.95,'Expired','v2','4.4','f5',398,398
399,'2025-02-03 15:35:00.791',698,0.29,'3',7,0.54,'Expired','v1','1.8','f3',399,399
400,'2025-02-15 05:55:39.791',94,0.19,'4',7,0.17,'Miss','v2','2.6','f2,f4,f1',400,400
401,'2025-01-23 04:33:10.791',1128,0.11,'4',2,0.87,'Hit','v2','4.0','f4',401,401
402,'2025-01-30 19:09:37.791',577,0.74,'5',9,0.37,'Expired','v1','5.7','f2,f1,f5',402,402
403,'2025-02-15 08:19:35.791',306,0.55,'1',9,0.10,'Miss','v2','3.5','f1',403,403
404,'2025-02-02 05:07:58.791',1206,0.26,'1',9,0.69,'Hit','v3','5.6','f3,f2,f4',404,404
405,'2025-02-01 07:14:19.791',936,0.09,'0',7,0.94,'Hit','v1','2.9','f3,f1,f4',405,405
406,'2025-02-17 07:47:00.791',1556,0.22,'0',7,0.68,'Expired','v2','3.0','f5,f4,f1',406,406
407,'2025-02-11 17:46:32.798',649,0.81,'1',6,0.04,'Expired','v2','2.5','f5',407,407
408,'2025-01-31 18:39:29.799',255,0.97,'3',7,0.85,'Hit','v1','4.8','f4',408,408
409,'2025-02-07 08:05:41.799',719,0.74,'3',5,0.14,'Hit','v1','4.4','f4',409,409
410,'2025-02-02 22:26:26.799',1020,0.53,'5',2,0.11,'Hit','v1','2.1','f5',410,410
411,'2025-02-04 06:34:17.799',450,0.02,'4',8,0.35,'Hit','v1','2.3','f4,f5,f3',411,411
412,'2025-02-01 07:15:52.799',528,0.50,'0',4,0.50,'Miss','v2','5.6','f3',412,412
413,'2025-02-03 20:16:08.800',1455,0.25,'2',7,0.52,'Expired','v1','1.4','f4,f2,f3',413,413
414,'2025-01-28 17:27:18.800',1525,0.16,'2',10,0.60,'Miss','v2','1.9','f5',414,414
415,'2025-01-27 17:46:58.800',1330,0.13,'5',5,0.82,'Hit','v2','5.1','f1',415,415
416,'2025-02-02 09:43:43.800',1214,0.83,'1',1,0.95,'Hit','v2','1.3','f4,f3',416,416
417,'2025-02-17 18:57:46.800',915,0.44,'5',3,0.70,'Miss','v2','5.7','f3',417,417
418,'2025-02-15 15:07:07.800',209,0.76,'1',7,0.84,'Expired','v3','4.1','f4,f5',418,418
419,'2025-02-18 04:55:41.800',1706,0.05,'2',4,0.36,'Expired','v1','1.9','f5',419,419
420,'2025-01-28 17:44:37.801',791,0.09,'2',7,0.19,'Hit','v3','3.7','f2,f1',420,420
421,'2025-01-21 06:55:28.801',1330,0.34,'5',10,0.96,'Miss','v2','1.0','f3,f4,f2',421,421
422,'2025-01-22 17:53:04.801',246,0.29,'2',10,0.14,'Hit','v2','2.1','f2,f3',422,422
423,'2025-02-05 07:35:15.801',1761,0.66,'5',8,0.47,'Expired','v1','1.6','f5,f2,f3',423,423
424,'2025-01-31 08:04:18.802',1156,0.23,'3',2,0.44,'Expired','v2','1.0','f2,f5,f4',424,424
425,'2025-02-13 02:49:59.802',1205,0.14,'5',5,0.15,'Expired','v3','5.8','f3,f4,f1',425,425
426,'2025-02-06 00:14:41.802',691,0.42,'1',4,0.56,'Miss','v1','2.3','f5,f2,f3',426,426
427,'2025-02-13 05:32:20.803',128,0.78,'2',4,0.48,'Hit','v2','5.5','f3,f5',427,427
428,'2025-02-10 03:29:17.803',1296,0.39,'1',2,0.59,'Hit','v3','4.2','f2,f1,f3',428,428
429,'2025-02-03 16:12:36.803',622,0.48,'4',8,0.31,'Hit','v3','3.4','f5,f4,f2',429,429
430,'2025-02-11 06:51:37.803',74,0.61,'0',9,0.44,'Expired','v3','4.6','f1',430,430
431,'2025-02-10 10:57:19.803',423,0.79,'0',9,0.82,'Hit','v1','3.7','f3,f2',431,431
432,'2025-02-06 19:30:31.804',1543,0.13,'0',0,0.03,'Hit','v1','1.6','f2,f3',432,432
433,'2025-02-04 20:55:59.804',1866,0.32,'3',2,0.42,'Expired','v1','5.9','f3,f2',433,433
434,'2025-02-08 06:18:36.804',1387,0.98,'2',7,0.79,'Miss','v3','3.8','f3,f4',434,434
435,'2025-02-01 10:34:05.804',415,0.88,'1',4,0.67,'Hit','v3','3.3','f5,f3',435,435
436,'2025-02-13 13:58:16.805',962,0.62,'0',6,1.00,'Expired','v1','1.0','f5',436,436
437,'2025-02-10 14:49:04.805',168,0.88,'2',2,0.77,'Miss','v1','5.0','f1',437,437
438,'2025-02-16 04:26:37.805',1146,0.75,'3',10,0.62,'Hit','v1','2.2','f3',438,438
439,'2025-02-01 07:40:40.805',741,0.02,'1',7,0.81,'Miss','v1','5.0','f1',439,439
440,'2025-02-19 03:51:16.806',350,0.27,'2',10,0.33,'Expired','v1','1.3','f5,f1',440,440
441,'2025-02-07 19:00:59.806',1649,0.91,'4',1,0.04,'Hit','v3','4.4','f1',441,441
442,'2025-02-16 11:20:36.806',1773,0.36,'1',2,0.48,'Miss','v1','2.8','f3',442,442
443,'2025-02-17 07:50:00.806',1374,0.12,'4',0,0.68,'Miss','v1','2.1','f4,f3,f1',443,443
444,'2025-02-10 21:25:32.806',533,0.18,'1',4,0.45,'Miss','v3','1.9','f4,f2,f1',444,444
445,'2025-02-07 10:12:55.807',819,0.99,'3',5,0.14,'Expired','v1','1.4','f1',445,445
446,'2025-01-24 06:31:37.807',1097,0.35,'1',3,0.07,'Hit','v3','3.4','f1,f5,f4',446,446
447,'2025-01-26 02:42:18.807',589,0.81,'3',2,0.51,'Hit','v1','2.0','f2',447,447
448,'2025-02-10 21:11:11.807',676,0.59,'5',0,0.96,'Miss','v1','1.6','f5',448,448
449,'2025-02-03 19:55:52.808',165,0.67,'2',10,0.39,'Hit','v1','1.3','f4,f2',449,449
450,'2025-01-27 10:44:55.808',453,0.98,'0',9,0.84,'Hit','v2','4.2','f4,f5,f3',450,450
451,'2025-02-12 19:02:26.808',1192,0.77,'3',1,0.24,'Expired','v1','3.1','f5,f3',451,451
452,'2025-01-22 21:58:38.808',1902,0.74,'3',0,0.18,'Hit','v3','3.5','f2',452,452
453,'2025-01-20 21:38:52.809',1540,0.23,'0',5,0.47,'Expired','v2','3.9','f4,f1,f3',453,453
454,'2025-02-06 08:55:36.809',141,0.41,'5',6,0.09,'Hit','v2','5.7','f2,f3',454,454
455,'2025-02-15 06:28:42.809',1335,0.39,'2',10,0.72,'Miss','v1','1.2','f4,f2',455,455
456,'2025-01-27 21:26:43.809',422,0.04,'2',4,0.15,'Miss','v1','5.7','f5,f3',456,456
457,'2025-01-31 03:04:34.809',1328,0.10,'4',8,0.05,'Expired','v2','2.0','f2',457,457
458,'2025-01-24 03:40:58.809',751,0.62,'5',9,0.10,'Hit','v1','1.4','f4,f5',458,458
459,'2025-02-12 05:55:52.809',650,0.38,'4',7,0.02,'Expired','v2','1.3','f3',459,459
460,'2025-02-08 23:22:42.809',1481,0.28,'5',10,0.45,'Hit','v3','1.0','f4,f2',460,460
461,'2025-02-04 14:13:15.809',125,0.99,'5',3,0.39,'Expired','v1','1.1','f1,f3',461,461
462,'2025-02-09 10:06:55.809',1989,0.83,'2',0,0.15,'Expired','v3','5.3','f2,f1',462,462
463,'2025-02-08 20:54:46.809',1277,0.64,'1',3,0.54,'Expired','v2','1.1','f2,f1,f3',463,463
464,'2025-02-14 12:30:47.809',1860,0.11,'4',4,0.77,'Expired','v1','4.8','f5,f1,f4',464,464
465,'2025-02-07 06:05:38.809',761,0.01,'4',7,0.83,'Expired','v1','5.6','f4,f2',465,465
466,'2025-01-23 21:31:02.809',1196,0.60,'4',5,0.03,'Miss','v2','5.5','f1',466,466
467,'2025-02-01 05:40:42.809',1980,0.80,'5',1,0.58,'Expired','v3','4.1','f1',467,467
468,'2025-01-20 04:23:11.809',93,0.90,'5',0,0.86,'Expired','v2','5.9','f2,f3',468,468
469,'2025-02-12 02:20:09.809',843,0.08,'1',10,0.35,'Miss','v1','1.3','f4,f1',469,469
470,'2025-02-15 12:03:14.809',1096,0.38,'4',1,0.93,'Hit','v1','3.3','f3,f2,f1',470,470
471,'2025-01-31 21:08:33.809',624,0.15,'4',0,0.40,'Expired','v2','1.4','f4',471,471
472,'2025-01-30 13:37:38.809',479,0.03,'0',5,0.71,'Hit','v3','1.3','f2,f4,f3',472,472
473,'2025-01-24 02:45:41.809',564,0.85,'3',10,0.78,'Hit','v3','4.6','f3,f4,f5',473,473
474,'2025-01-26 02:16:28.809',1132,0.01,'1',4,0.07,'Expired','v1','3.9','f3',474,474
475,'2025-01-23 20:56:56.809',587,0.22,'4',4,0.60,'Expired','v3','5.5','f3',475,475
476,'2025-02-06 12:32:50.809',453,0.07,'3',4,0.80,'Hit','v3','2.4','f5,f2,f1',476,476
477,'2025-02-01 18:48:46.809',1120,0.80,'5',6,0.93,'Expired','v3','2.3','f2',477,477
478,'2025-02-06 05:44:13.809',156,0.42,'2',4,0.13,'Miss','v3','2.3','f1,f2,f5',478,478
479,'2025-01-24 07:09:20.809',1805,0.33,'5',2,0.35,'Expired','v2','1.4','f5',479,479
480,'2025-01-23 09:03:23.809',1996,0.88,'5',2,0.18,'Expired','v1','5.5','f3',480,480
481,'2025-01-28 10:36:55.809',284,0.53,'2',4,0.70,'Hit','v2','2.9','f5,f3,f1',481,481
482,'2025-02-03 20:37:03.809',1258,0.40,'2',7,0.23,'Miss','v3','4.0','f1',482,482
483,'2025-01-31 04:31:45.809',747,0.39,'3',0,0.41,'Expired','v2','4.3','f3',483,483
484,'2025-02-09 04:53:04.809',218,0.67,'5',10,0.89,'Expired','v3','2.4','f5,f2,f4',484,484
485,'2025-02-05 08:31:44.809',1937,0.38,'4',5,0.87,'Hit','v3','1.2','f2,f1,f4',485,485
486,'2025-02-07 22:01:02.809',1272,0.90,'5',9,0.73,'Expired','v2','5.9','f1',486,486
487,'2025-02-07 22:02:03.809',1100,0.14,'1',10,0.92,'Miss','v1','5.1','f2,f3,f4',487,487
488,'2025-01-27 06:13:50.809',1729,0.37,'2',6,0.20,'Hit','v1','1.8','f2',488,488
489,'2025-01-25 21:34:09.809',1152,0.09,'5',3,0.45,'Expired','v1','2.5','f3,f1',489,489
490,'2025-01-31 21:07:30.809',1532,0.00,'0',10,0.21,'Miss','v3','3.7','f2,f3,f4',490,490
491,'2025-01-31 06:07:05.809',389,0.95,'2',1,0.48,'Expired','v1','5.8','f3,f1,f4',491,491
492,'2025-02-12 11:43:18.819',254,0.25,'0',0,0.69,'Miss','v3','3.1','f4,f5',492,492
493,'2025-02-07 09:30:34.819',1697,0.03,'2',9,0.54,'Expired','v2','3.5','f3',493,493
494,'2025-01-19 23:30:26.819',1391,0.89,'3',8,0.15,'Miss','v2','3.9','f1',494,494
495,'2025-02-07 07:18:31.819',677,0.67,'1',7,0.15,'Hit','v3','1.9','f1',495,495
496,'2025-02-16 04:22:12.819',1336,0.93,'4',4,0.31,'Expired','v3','4.9','f2,f4,f3',496,496
497,'2025-02-17 10:54:32.819',490,0.10,'3',6,0.03,'Miss','v1','3.8','f1,f4,f3',497,497
498,'2025-01-31 22:12:32.820',630,0.37,'5',10,0.82,'Expired','v1','2.3','f3',498,498
499,'2025-01-24 22:21:48.820',593,0.15,'2',4,0.94,'Hit','v3','3.3','f1',499,499
500,'2025-01-21 00:05:39.820',1964,0.24,'4',5,0.91,'Expired','v2','2.2','f2,f1',500,500
501,'2025-01-25 06:11:39.820',1201,0.18,'5',8,0.07,'Expired','v1','4.7','f2,f1,f4',501,501
502,'2025-02-03 13:08:15.821',1281,0.98,'2',5,0.75,'Miss','v2','1.4','f4',502,502
503,'2025-02-16 08:12:51.821',1404,0.33,'2',8,0.40,'Hit','v1','4.5','f5,f1',503,503
504,'2025-01-20 20:10:41.821',282,0.38,'2',1,0.81,'Hit','v3','4.8','f2',504,504
505,'2025-02-15 08:03:12.821',1287,0.23,'2',6,0.58,'Expired','v1','2.3','f2,f1,f3',505,505
506,'2025-01-20 15:24:36.822',950,0.30,'5',4,0.52,'Hit','v3','5.0','f5',506,506
507,'2025-01-22 19:18:40.822',1262,0.59,'4',3,0.50,'Expired','v1','4.0','f1,f4,f2',507,507
508,'2025-02-01 22:24:16.822',356,0.85,'5',10,0.98,'Miss','v1','3.7','f1',508,508
509,'2025-02-01 10:50:33.822',114,0.35,'0',1,0.71,'Hit','v1','4.2','f4',509,509
510,'2025-01-23 22:07:27.823',565,0.54,'0',10,0.87,'Hit','v1','2.5','f2',510,510
511,'2025-02-10 05:42:48.823',1135,0.03,'4',6,0.19,'Expired','v2','1.2','f1,f4,f5',511,511
512,'2025-02-02 12:43:15.823',832,0.04,'0',9,0.14,'Miss','v3','4.2','f4',512,512
513,'2025-02-17 14:49:56.823',261,0.54,'2',10,0.53,'Miss','v1','1.2','f5,f2',513,513
514,'2025-02-06 04:23:59.823',847,0.99,'1',6,0.70,'Hit','v2','4.0','f1',514,514
515,'2025-01-27 02:23:33.824',775,0.92,'2',9,0.75,'Hit','v2','3.6','f3',515,515
516,'2025-02-13 06:36:16.824',1987,0.79,'2',2,0.05,'Expired','v2','4.2','f3',516,516
517,'2025-02-01 02:33:01.824',755,0.96,'0',6,0.17,'Hit','v1','5.8','f2,f3',517,517
518,'2025-02-10 15:12:33.824',1435,0.86,'4',6,0.16,'Hit','v2','5.9','f3',518,518
519,'2025-02-16 18:21:36.825',1695,0.68,'1',6,0.41,'Expired','v2','1.4','f4',519,519
520,'2025-02-10 16:50:37.825',1736,0.97,'2',9,0.88,'Expired','v1','3.6','f3',520,520
521,'2025-02-05 00:53:10.825',1922,0.06,'4',7,0.38,'Miss','v3','5.5','f1',521,521
522,'2025-02-12 01:01:49.825',1192,0.92,'1',10,0.88,'Miss','v1','5.3','f3,f5',522,522
523,'2025-02-18 05:15:34.826',90,0.03,'1',1,0.31,'Hit','v1','1.9','f1,f2,f4',523,523
524,'2025-02-04 11:53:12.826',1751,0.78,'5',3,0.69,'Miss','v1','4.4','f5,f2,f1',524,524
525,'2025-02-01 09:29:44.826',284,0.53,'4',2,0.85,'Expired','v3','2.8','f3,f1',525,525
526,'2025-01-25 20:04:31.826',1886,0.33,'5',4,0.96,'Hit','v3','2.6','f5,f1',526,526
527,'2025-01-30 20:50:01.827',204,0.48,'1',8,0.19,'Expired','v1','5.1','f2,f4,f3',527,527
528,'2025-02-05 04:00:56.827',1565,0.65,'4',8,0.32,'Hit','v3','4.9','f5,f3',528,528
529,'2025-01-28 00:28:12.827',428,0.42,'3',2,0.64,'Miss','v3','3.3','f4',529,529
530,'2025-02-13 11:45:44.827',202,0.35,'1',5,0.75,'Miss','v1','3.0','f4,f5',530,530
531,'2025-01-20 18:11:25.827',633,0.83,'5',9,0.03,'Miss','v2','4.2','f1,f3',531,531
532,'2025-01-21 09:10:19.827',1029,0.96,'4',0,0.03,'Miss','v3','1.6','f1',532,532
533,'2025-02-10 18:51:35.827',1065,0.86,'3',3,0.09,'Expired','v2','2.0','f5',533,533
534,'2025-02-13 23:38:03.827',380,0.40,'5',4,0.36,'Hit','v1','3.8','f5,f1',534,534
535,'2025-02-14 07:13:22.827',1523,0.96,'5',8,0.08,'Expired','v1','2.5','f5',535,535
536,'2025-02-19 07:58:30.827',474,0.35,'0',4,0.93,'Expired','v1','5.4','f2',536,536
537,'2025-02-18 20:03:00.827',179,0.94,'3',5,0.80,'Hit','v2','4.5','f1,f3',537,537
538,'2025-02-09 18:38:53.827',377,0.23,'1',6,0.84,'Miss','v2','1.3','f2,f5,f1',538,538
539,'2025-02-05 00:42:02.827',343,0.16,'2',8,0.50,'Expired','v1','2.5','f2,f1',539,539
540,'2025-02-03 00:54:04.827',1964,0.83,'3',1,0.33,'Hit','v3','1.9','f1,f4,f3',540,540
541,'2025-01-23 15:14:01.827',1641,0.90,'1',0,0.13,'Miss','v3','2.4','f2,f1',541,541
542,'2025-02-05 10:13:32.827',1464,0.41,'5',9,0.59,'Expired','v1','4.9','f5',542,542
543,'2025-01-27 20:04:52.827',922,0.30,'1',8,0.58,'Expired','v1','5.8','f2,f5,f1',543,543
544,'2025-02-01 13:50:19.827',1853,1.00,'5',10,0.15,'Hit','v3','2.0','f4',544,544
545,'2025-01-24 22:30:50.827',665,0.45,'3',6,0.03,'Miss','v2','3.8','f3,f5',195,545
546,'2025-01-30 01:56:13.827',1004,0.28,'4',6,0.21,'Hit','v2','3.7','f5,f2',545,546
547,'2025-01-29 19:49:31.827',527,0.57,'1',2,0.48,'Hit','v2','4.7','f5',546,547
548,'2025-02-11 13:17:52.827',785,0.24,'4',8,0.20,'Expired','v3','2.2','f4,f5,f1',547,548
549,'2025-02-03 00:13:09.827',816,0.84,'1',5,0.34,'Hit','v3','4.2','f4',548,549
550,'2025-02-04 06:46:20.827',1259,0.73,'4',9,0.28,'Expired','v1','2.1','f2',549,550
551,'2025-01-30 02:10:58.827',603,0.69,'3',9,0.93,'Hit','v3','4.8','f3',550,551
552,'2025-02-09 09:09:59.827',1755,0.53,'2',3,0.41,'Expired','v3','3.8','f1',551,552
553,'2025-01-20 02:46:39.827',1593,0.00,'3',8,0.55,'Miss','v1','3.3','f1,f4,f5',552,553
554,'2025-02-16 04:21:44.827',198,0.17,'5',9,0.24,'Hit','v3','2.6','f2,f4',553,554
555,'2025-02-01 10:12:55.827',870,0.86,'3',1,0.15,'Miss','v3','1.7','f2,f3,f5',554,555
556,'2025-01-31 15:04:55.827',1598,0.18,'1',10,0.15,'Expired','v1','3.1','f2,f5,f4',555,556
557,'2025-02-08 10:38:57.827',100,0.96,'4',9,0.58,'Miss','v1','1.0','f4,f2',556,557
558,'2025-02-11 00:55:13.835',494,0.34,'2',5,0.83,'Expired','v1','1.2','f2,f4,f3',557,558
559,'2025-02-16 16:54:07.835',1430,0.57,'5',5,0.74,'Miss','v2','5.9','f2,f4',558,559
560,'2025-01-25 01:41:34.836',995,0.86,'3',8,0.38,'Expired','v1','4.8','f2,f3',559,560
561,'2025-02-17 16:56:18.836',901,0.74,'5',1,0.45,'Hit','v1','1.6','f5',560,561
562,'2025-01-22 19:37:45.836',954,0.61,'1',5,0.77,'Miss','v1','2.1','f2,f5',561,562
563,'2025-01-20 08:51:02.836',130,0.22,'3',6,0.35,'Hit','v3','2.4','f4',562,563
564,'2025-02-01 00:28:19.837',1485,0.92,'1',6,0.18,'Expired','v3','2.3','f1,f2',563,564
565,'2025-02-05 14:59:48.837',1962,0.61,'0',7,0.35,'Expired','v2','4.1','f3,f4,f1',564,565
566,'2025-01-22 10:56:06.837',1238,0.09,'0',8,0.50,'Hit','v1','4.4','f5,f2,f3',565,566
567,'2025-02-17 12:12:25.837',1981,0.82,'5',5,0.20,'Hit','v3','4.3','f4,f1,f5',566,567
568,'2025-02-10 10:46:08.837',580,0.67,'0',3,0.43,'Hit','v1','4.1','f3,f1',567,568
569,'2025-01-28 20:04:19.837',1534,0.59,'0',4,0.43,'Miss','v2','5.0','f3',568,569
570,'2025-02-05 07:44:32.838',1066,0.23,'0',8,0.35,'Expired','v1','2.7','f3,f5,f1',569,570
571,'2025-02-16 16:12:24.838',908,0.34,'1',5,0.87,'Miss','v2','2.9','f2,f1,f5',570,571
572,'2025-02-18 07:54:01.838',1461,0.79,'5',6,0.43,'Expired','v1','4.1','f4,f5',571,572
573,'2025-02-08 22:41:22.838',1093,0.12,'5',9,0.28,'Expired','v2','2.5','f3,f1',572,573
574,'2025-02-09 16:26:11.839',1725,0.82,'0',9,0.50,'Expired','v2','4.6','f2,f5,f1',573,574
575,'2025-02-12 14:29:29.839',411,0.87,'3',0,0.93,'Hit','v3','3.3','f1,f2,f3',574,575
576,'2025-02-17 14:11:23.840',723,0.32,'5',4,0.99,'Miss','v3','1.7','f4,f5',575,576
577,'2025-02-17 21:27:14.840',787,0.13,'3',6,0.85,'Hit','v2','1.4','f5',576,577
578,'2025-02-08 11:13:32.840',952,0.06,'0',6,0.05,'Hit','v1','2.8','f3,f1',577,578
579,'2025-02-08 06:29:57.840',1710,0.69,'4',3,0.43,'Miss','v3','2.6','f4,f3,f1',578,579
580,'2025-01-25 18:42:42.840',434,0.31,'2',3,0.83,'Hit','v3','1.9','f5',579,580
581,'2025-02-06 04:26:57.840',1734,0.09,'2',7,0.91,'Miss','v1','1.9','f4',580,581
582,'2025-01-24 07:41:09.841',716,0.66,'3',8,0.06,'Expired','v3','2.6','f4,f5,f1',581,582
583,'2025-02-18 07:52:36.841',679,0.24,'1',9,0.92,'Miss','v2','5.6','f2,f5,f3',582,583
584,'2025-02-06 19:13:31.841',349,0.35,'2',0,0.78,'Miss','v2','5.7','f4,f2,f3',583,584
585,'2025-01-24 01:41:38.841',1938,0.38,'0',5,0.13,'Expired','v3','5.0','f3,f4,f1',584,585
586,'2025-02-02 17:46:33.842',426,0.78,'0',0,0.21,'Miss','v3','1.6','f5,f1',585,586
587,'2025-02-07 21:06:53.842',1927,0.05,'5',8,0.24,'Miss','v3','3.8','f5,f3',586,587
588,'2025-02-13 00:34:29.842',634,0.91,'1',4,0.32,'Miss','v2','5.2','f1,f4',587,588
589,'2025-01-31 08:07:02.842',138,0.66,'3',5,0.45,'Hit','v3','3.9','f2,f5',588,589
590,'2025-02-10 15:15:51.843',1702,0.84,'0',3,0.29,'Expired','v2','3.9','f1',589,590
591,'2025-02-05 03:30:29.843',1101,0.20,'5',0,0.21,'Hit','v1','5.5','f4',590,591
592,'2025-02-01 19:51:01.843',752,0.66,'3',2,0.42,'Miss','v3','3.7','f4,f3',591,592
593,'2025-02-11 22:31:38.843',793,0.32,'2',0,0.23,'Expired','v1','5.3','f3,f2,f5',592,593
594,'2025-02-11 21:15:00.844',1114,0.02,'4',10,0.19,'Hit','v3','1.1','f5',593,594
595,'2025-01-22 13:01:17.844',386,0.81,'5',8,0.69,'Hit','v1','1.1','f2,f1',594,595
596,'2025-01-30 08:59:52.844',1219,0.70,'5',8,0.55,'Hit','v3','4.7','f2,f5',595,596
597,'2025-02-16 23:37:24.844',1673,0.45,'4',4,0.29,'Expired','v1','4.2','f4',596,597
598,'2025-02-04 01:14:04.845',1718,0.03,'5',3,0.23,'Miss','v3','1.8','f5',597,598
599,'2025-01-24 06:34:42.845',430,0.58,'2',7,0.61,'Hit','v1','3.8','f5,f2,f1',598,599
600,'2025-01-19 18:28:12.846',887,0.73,'1',6,0.27,'Expired','v1','4.5','f4',599,600
601,'2025-01-23 00:50:25.846',590,0.66,'2',4,0.11,'Expired','v3','5.4','f2,f3,f5',600,601
602,'2025-01-23 01:17:16.846',1344,0.97,'5',4,0.37,'Expired','v2','5.2','f3',601,602
603,'2025-01-24 09:10:28.846',523,0.83,'5',7,0.75,'Expired','v2','2.6','f5,f4,f1',602,603
604,'2025-01-26 05:30:47.846',905,0.43,'1',8,0.12,'Expired','v2','3.9','f2,f3',603,604
605,'2025-01-30 11:31:59.847',1840,0.96,'4',5,0.58,'Miss','v3','4.5','f1,f5',604,605
606,'2025-01-24 21:21:34.847',1952,0.95,'0',0,0.16,'Hit','v2','2.8','f5,f1,f2',605,606
607,'2025-01-21 22:01:48.847',1756,0.56,'1',4,0.68,'Expired','v2','1.6','f3,f4',606,607
608,'2025-02-09 16:34:07.847',1130,0.50,'2',6,0.40,'Miss','v1','2.3','f3,f5',607,608
609,'2025-02-03 07:34:13.848',1393,0.74,'0',7,0.61,'Hit','v3','4.3','f3,f2,f4',608,609
610,'2025-02-10 05:00:11.848',1815,0.91,'1',7,0.48,'Hit','v1','3.2','f4',609,610
611,'2025-01-26 10:12:06.848',527,0.92,'0',0,0.76,'Hit','v3','2.7','f1',610,611
612,'2025-01-27 00:50:48.848',1944,0.12,'1',2,0.22,'Expired','v1','4.4','f3,f2,f1',611,612
613,'2025-01-29 22:40:41.849',1511,0.88,'4',4,0.33,'Expired','v3','5.2','f1',612,613
614,'2025-02-19 01:20:42.849',959,0.64,'1',6,0.64,'Miss','v1','2.2','f1,f3,f2',613,614
615,'2025-01-25 13:55:32.849',425,0.93,'1',2,0.16,'Miss','v1','2.4','f5,f4',614,615
616,'2025-01-31 03:05:48.849',815,0.88,'1',0,0.12,'Miss','v3','2.1','f1,f3,f4',615,616
617,'2025-01-19 13:29:40.849',893,0.50,'3',6,0.92,'Expired','v2','2.3','f5,f3,f4',616,617
618,'2025-01-21 22:13:08.850',979,0.13,'1',2,0.04,'Hit','v1','3.2','f3,f2,f5',617,618
619,'2025-02-14 05:23:40.850',1058,0.36,'3',2,0.62,'Miss','v3','3.0','f2,f3,f5',618,619
620,'2025-01-29 07:57:38.850',1454,0.69,'0',3,0.31,'Expired','v2','4.2','f3,f2,f1',619,620
621,'2025-02-15 08:15:13.850',1585,0.73,'3',0,0.79,'Hit','v2','4.4','f1,f2',620,621
622,'2025-01-19 22:52:47.851',1904,0.55,'4',10,0.69,'Miss','v3','5.9','f5',621,622
623,'2025-01-22 01:03:04.851',760,0.61,'5',1,0.93,'Expired','v3','3.3','f4,f5',622,623
624,'2025-01-25 12:20:22.851',279,0.68,'1',10,0.80,'Hit','v3','4.1','f4,f1',623,624
625,'2025-02-16 19:41:51.851',84,0.29,'1',3,0.34,'Hit','v2','4.1','f3,f1,f5',624,625
626,'2025-01-22 02:55:02.851',1632,0.95,'0',9,0.06,'Hit','v2','3.9','f3,f4,f5',625,626
627,'2025-02-14 08:26:10.852',1609,0.43,'4',3,0.14,'Miss','v3','3.4','f1',626,627
628,'2025-01-28 21:30:25.852',537,0.82,'3',4,0.02,'Hit','v1','2.0','f2,f1',627,628
629,'2025-01-21 01:18:06.852',1878,0.08,'3',1,0.13,'Expired','v2','1.0','f5,f3',628,629
630,'2025-01-21 13:27:22.852',1601,0.33,'2',8,0.18,'Miss','v3','2.5','f3',629,630
631,'2025-02-05 15:12:01.852',340,0.10,'2',8,0.70,'Miss','v2','3.6','f3',630,631
632,'2025-02-12 21:29:36.852',743,0.45,'2',4,0.43,'Expired','v2','5.0','f1,f2,f5',631,632
633,'2025-01-24 11:46:10.852',672,0.47,'2',5,0.87,'Hit','v2','2.0','f5,f3',632,633
634,'2025-02-01 08:34:31.852',1228,0.32,'3',0,0.99,'Expired','v1','3.0','f4,f3',633,634
635,'2025-01-20 08:57:32.852',1491,0.79,'2',4,0.00,'Expired','v2','3.4','f3,f5',634,635
636,'2025-01-25 14:23:26.852',732,0.75,'5',9,0.98,'Miss','v1','2.4','f3,f2,f4',635,636
637,'2025-02-09 11:14:37.852',714,0.21,'2',9,0.42,'Expired','v1','4.8','f5,f1',636,637
638,'2025-02-02 07:24:46.852',1059,0.35,'2',0,0.32,'Hit','v3','2.5','f2,f4',637,638
639,'2025-01-25 10:10:47.852',1867,0.19,'3',1,0.82,'Hit','v1','1.9','f5,f3,f2',638,639
640,'2025-01-22 23:12:36.852',1445,0.32,'4',1,0.42,'Expired','v1','5.6','f1',639,640
641,'2025-02-08 15:46:03.852',982,0.21,'4',7,0.97,'Expired','v2','5.4','f4',640,641
642,'2025-02-08 08:56:01.852',1113,0.84,'3',1,0.15,'Hit','v1','1.7','f1,f3',641,642
643,'2025-01-24 15:48:48.852',324,0.81,'0',0,0.83,'Hit','v1','2.9','f1',642,643
644,'2025-01-25 10:19:16.852',322,0.82,'4',3,0.82,'Expired','v3','4.1','f5,f1',643,644
645,'2025-02-10 07:35:49.852',1782,0.61,'2',1,0.73,'Hit','v1','3.4','f3',644,645
646,'2025-02-02 15:40:32.852',508,0.15,'3',4,0.29,'Expired','v1','2.3','f3,f5',645,646
647,'2025-02-07 05:14:58.852',1598,0.32,'1',3,0.53,'Expired','v3','5.4','f2,f5,f3',646,647
648,'2025-02-10 11:59:34.852',667,0.13,'3',10,0.87,'Hit','v3','2.1','f3',647,648
649,'2025-02-04 12:36:19.852',311,0.13,'0',2,0.91,'Expired','v1','1.7','f5,f2',648,649
650,'2025-02-14 16:01:44.852',407,0.54,'4',8,0.87,'Miss','v1','2.2','f5,f3,f1',649,650
651,'2025-02-04 02:19:39.858',460,0.71,'5',5,0.14,'Miss','v2','4.9','f4,f3',650,651
652,'2025-02-02 22:59:12.858',1730,0.62,'0',7,0.15,'Miss','v1','5.8','f5',651,652
653,'2025-02-15 08:24:26.858',928,0.21,'3',8,0.92,'Hit','v3','1.3','f3',652,653
654,'2025-02-11 09:04:24.858',583,0.64,'0',7,0.51,'Miss','v3','4.8','f3',653,654
655,'2025-02-15 00:40:19.858',1106,0.61,'1',8,0.40,'Miss','v2','1.2','f2',654,655
656,'2025-02-17 18:15:54.858',1154,0.67,'0',2,0.89,'Hit','v1','1.3','f2,f4',655,656
657,'2025-01-23 10:06:46.859',379,0.74,'3',1,0.89,'Miss','v2','3.1','f1,f3',656,657
658,'2025-02-15 01:25:51.859',1599,0.32,'3',6,0.38,'Expired','v2','4.0','f3,f4',657,658
659,'2025-01-25 09:27:07.859',793,0.93,'2',10,0.10,'Expired','v1','1.8','f2,f4',658,659
660,'2025-01-25 10:25:25.859',89,0.16,'5',7,0.19,'Expired','v3','5.8','f1,f4',659,660
661,'2025-01-19 18:32:34.860',772,0.31,'5',4,0.35,'Miss','v3','3.2','f1',660,661
662,'2025-01-30 23:44:28.860',1394,0.59,'3',6,0.19,'Miss','v2','2.4','f4',661,662
663,'2025-02-12 23:22:58.860',1907,0.03,'5',6,0.05,'Hit','v2','2.1','f2,f5',662,663
664,'2025-01-26 03:11:26.860',382,0.41,'3',10,0.68,'Expired','v3','1.8','f1',663,664
665,'2025-02-05 02:37:24.860',132,0.38,'3',6,0.69,'Expired','v1','2.4','f5',664,665
666,'2025-02-07 10:55:12.861',1061,0.86,'1',1,0.57,'Hit','v2','4.5','f1',665,666
667,'2025-02-06 19:02:10.861',965,0.86,'2',6,0.86,'Hit','v2','5.1','f1,f4',666,667
668,'2025-01-30 08:58:45.861',825,0.02,'4',10,0.22,'Expired','v3','2.5','f1,f3,f4',667,668
669,'2025-02-07 17:55:10.861',243,0.80,'3',10,0.54,'Expired','v3','2.9','f5,f4,f3',668,669
670,'2025-02-15 06:14:29.862',1614,0.38,'5',4,0.89,'Expired','v1','4.0','f1',669,670
671,'2025-01-28 05:05:35.862',618,0.47,'0',7,0.05,'Hit','v3','3.0','f5',670,671
672,'2025-02-01 14:34:55.862',905,0.88,'4',6,0.91,'Expired','v1','2.2','f4,f1',671,672
673,'2025-02-10 09:57:08.862',1449,0.85,'1',6,0.25,'Expired','v1','4.4','f5,f3',672,673
674,'2025-02-02 09:19:28.862',1579,0.93,'1',5,0.51,'Expired','v1','3.8','f4,f3,f1',673,674
675,'2025-02-03 12:41:21.863',1519,0.24,'5',7,0.51,'Expired','v2','3.6','f4,f1,f5',674,675
676,'2025-01-27 02:25:11.863',1974,0.83,'5',4,0.09,'Miss','v2','2.5','f3,f1,f2',675,676
677,'2025-02-05 06:35:45.863',1350,0.36,'5',8,0.01,'Miss','v1','3.5','f1',676,677
678,'2025-01-31 10:33:50.864',485,0.75,'1',4,0.21,'Hit','v1','4.5','f3',677,678
679,'2025-02-10 20:50:53.864',1368,0.38,'0',10,0.60,'Hit','v1','3.0','f1,f5,f2',678,679
680,'2025-02-15 13:11:40.864',602,0.02,'0',1,0.80,'Expired','v1','2.7','f4,f3',679,680
681,'2025-02-06 03:20:25.864',651,0.32,'1',5,0.62,'Miss','v3','5.3','f4',680,681
682,'2025-02-01 01:13:04.865',852,0.09,'0',8,0.94,'Hit','v2','1.8','f3,f4',681,682
683,'2025-01-31 01:29:57.865',1840,0.16,'4',8,0.06,'Miss','v1','4.7','f4,f3',682,683
684,'2025-02-02 19:03:47.865',333,0.64,'2',5,0.25,'Hit','v1','3.4','f1,f3,f4',683,684
685,'2025-01-20 22:20:20.865',905,0.38,'4',0,0.93,'Miss','v1','2.9','f5',684,685
686,'2025-02-03 22:55:12.866',1078,0.50,'1',9,0.35,'Miss','v3','5.7','f2,f4',685,686
687,'2025-01-23 19:49:42.866',434,0.05,'0',10,0.20,'Hit','v3','2.8','f2',686,687
688,'2025-01-29 04:45:11.866',1717,0.74,'2',2,0.12,'Hit','v3','3.5','f3,f2',687,688
689,'2025-01-22 09:13:42.866',1447,0.53,'3',2,0.79,'Expired','v1','5.3','f2,f1',688,689
690,'2025-02-16 03:33:40.866',82,0.29,'2',3,0.81,'Expired','v1','3.6','f5',689,690
691,'2025-01-30 12:15:09.867',1106,0.56,'2',3,0.80,'Miss','v3','2.8','f4,f2',690,691
692,'2025-02-09 09:27:11.867',466,0.74,'2',7,0.83,'Miss','v3','1.4','f3,f1,f2',691,692
693,'2025-01-22 14:24:51.867',1111,0.31,'0',0,0.21,'Expired','v3','3.9','f4,f1',692,693
694,'2025-02-17 12:40:09.867',1055,0.94,'0',1,0.83,'Miss','v3','4.1','f1,f4',693,694
695,'2025-01-21 08:16:40.868',537,0.66,'3',1,0.30,'Expired','v3','3.8','f1',694,695
696,'2025-02-02 03:55:40.868',1120,0.75,'5',3,0.98,'Hit','v2','4.5','f2,f4',695,696
697,'2025-02-03 22:05:11.868',1921,0.16,'4',0,0.87,'Expired','v1','2.7','f2,f3',696,697
698,'2025-02-04 22:02:33.868',147,0.15,'3',0,0.49,'Hit','v2','4.1','f1,f2',697,698
699,'2025-01-29 13:32:07.869',1248,0.43,'4',6,0.39,'Miss','v3','5.0','f3',698,699
700,'2025-01-27 06:59:23.869',242,0.22,'5',8,0.72,'Miss','v1','3.3','f4,f2',699,700
701,'2025-02-01 13:57:11.869',1415,0.31,'0',7,0.56,'Hit','v1','4.9','f3',700,701
702,'2025-02-08 10:21:30.869',1207,0.85,'5',7,0.67,'Expired','v1','5.3','f4',701,702
703,'2025-01-30 15:46:32.870',1317,0.39,'2',4,0.38,'Hit','v2','3.7','f4,f1,f5',702,703
704,'2025-02-09 04:25:41.870',669,0.86,'2',4,0.48,'Hit','v1','1.0','f5',703,704
705,'2025-02-12 22:39:21.870',583,0.36,'5',8,0.13,'Hit','v3','1.9','f5,f1,f2',704,705
706,'2025-01-27 12:55:54.870',439,0.11,'5',1,0.56,'Expired','v1','4.0','f2',705,706
707,'2025-01-31 16:54:00.870',1897,0.90,'3',6,0.61,'Hit','v1','2.7','f1',706,707
708,'2025-02-14 09:13:17.870',689,0.93,'1',1,0.28,'Expired','v3','4.9','f3,f4,f2',707,708
709,'2025-01-20 19:59:48.870',580,0.85,'2',8,0.40,'Hit','v2','1.8','f5',708,709
710,'2025-01-28 14:11:03.870',1271,0.64,'2',1,0.65,'Hit','v3','5.2','f1,f3,f4',709,710
711,'2025-01-20 16:45:41.870',1536,0.12,'1',1,0.95,'Hit','v1','3.0','f2,f5',710,711
712,'2025-02-01 02:05:18.870',492,0.92,'2',2,0.96,'Miss','v3','4.7','f1',711,712
713,'2025-02-16 11:58:42.870',1055,0.52,'2',3,0.82,'Hit','v2','1.2','f5',712,713
714,'2025-01-29 04:15:42.870',583,0.80,'2',0,0.99,'Expired','v3','4.6','f5',713,714
715,'2025-01-25 03:21:37.870',1039,0.94,'4',9,0.68,'Miss','v1','3.2','f3,f4',714,715
716,'2025-02-17 14:31:59.870',255,0.86,'0',4,0.48,'Expired','v3','5.7','f3,f4,f2',715,716
717,'2025-02-16 21:00:17.870',1706,0.36,'3',8,0.33,'Hit','v1','4.7','f2',716,717
718,'2025-01-24 20:30:27.870',1491,0.09,'2',8,0.00,'Hit','v3','5.8','f3,f1,f2',717,718
719,'2025-01-31 10:07:37.870',1030,0.56,'0',8,0.06,'Hit','v1','3.8','f1',718,719
720,'2025-02-18 06:38:48.870',1087,0.93,'1',10,0.84,'Expired','v2','5.0','f4,f3',719,720
721,'2025-02-04 08:40:44.870',1975,0.97,'0',1,0.29,'Hit','v2','1.3','f1',720,721
722,'2025-01-31 13:15:17.870',1663,0.59,'2',10,0.88,'Hit','v3','4.2','f5',721,722
723,'2025-01-23 20:48:13.870',584,0.32,'2',1,0.84,'Miss','v3','1.7','f5,f3',722,723
724,'2025-01-20 23:49:04.870',805,0.52,'1',10,0.91,'Expired','v1','3.0','f3',723,724
725,'2025-02-02 22:46:41.870',201,0.44,'3',0,0.92,'Hit','v2','1.3','f3,f5',724,725
726,'2025-01-28 07:47:20.870',248,0.85,'5',4,0.49,'Hit','v3','2.2','f5,f4,f1',725,726
727,'2025-02-13 01:24:01.870',1636,0.00,'2',8,0.44,'Hit','v1','2.9','f4,f1',726,727
728,'2025-02-09 02:17:56.870',1768,0.24,'3',3,0.79,'Miss','v3','5.2','f5,f2',727,728
729,'2025-02-17 10:26:01.870',74,0.86,'5',3,0.01,'Hit','v3','3.9','f3,f1',728,729
730,'2025-01-23 22:01:52.870',1006,0.58,'0',4,0.36,'Expired','v2','5.4','f5,f1',729,730
731,'2025-01-24 21:50:33.870',536,0.94,'1',8,0.53,'Miss','v1','2.0','f2,f4,f5',730,731
732,'2025-02-18 14:44:22.870',1426,0.09,'3',9,0.37,'Miss','v1','2.8','f2',731,732
733,'2025-02-18 09:32:53.870',1547,0.21,'4',2,0.21,'Miss','v3','5.6','f4',732,733
734,'2025-02-05 14:29:16.870',1071,0.67,'5',10,0.28,'Expired','v1','3.9','f4,f3',733,734
735,'2025-02-09 17:48:14.870',732,0.85,'1',7,0.44,'Miss','v3','3.7','f2',734,735
736,'2025-02-02 18:31:58.870',1494,0.73,'1',2,0.00,'Hit','v2','4.9','f5',735,736
737,'2025-02-15 01:04:44.870',510,0.71,'5',0,0.60,'Expired','v1','3.5','f4,f1,f5',736,737
738,'2025-01-29 09:36:29.870',1162,0.66,'5',7,0.47,'Expired','v1','5.4','f5',737,738
739,'2025-01-26 05:07:51.870',1424,0.03,'5',7,0.59,'Expired','v1','4.0','f4,f1',738,739
740,'2025-02-15 19:30:28.870',476,0.87,'5',2,0.36,'Miss','v3','5.0','f2,f4',739,740
741,'2025-01-23 11:26:36.870',1409,0.91,'0',1,0.51,'Miss','v2','2.5','f2,f4,f1',740,741
742,'2025-01-22 15:21:47.870',125,0.29,'2',2,0.96,'Miss','v1','3.7','f3,f1,f4',741,742
743,'2025-02-11 19:30:30.870',402,0.41,'0',9,0.34,'Hit','v1','3.3','f3,f1,f4',742,743
744,'2025-02-09 23:27:51.870',1309,0.37,'1',0,0.80,'Miss','v1','3.5','f3,f5',743,744
745,'2025-01-30 20:01:23.870',1635,0.76,'1',9,0.97,'Miss','v1','4.5','f2,f3,f5',744,745
746,'2025-02-14 12:52:15.870',528,0.03,'4',7,0.28,'Miss','v3','3.8','f5,f4,f3',745,746
747,'2025-02-18 06:57:40.870',1165,0.87,'5',7,0.63,'Miss','v3','3.6','f1,f5,f4',746,747
748,'2025-01-21 23:14:42.870',908,0.20,'5',0,0.01,'Expired','v1','4.7','f3',747,748
749,'2025-02-06 05:06:53.870',1502,0.12,'4',0,0.43,'Hit','v3','3.1','f4,f5,f1',748,749
750,'2025-02-14 14:34:41.870',1315,0.67,'5',1,0.24,'Hit','v2','4.6','f4',749,750
751,'2025-01-26 07:59:47.870',1931,0.92,'0',3,0.57,'Expired','v3','1.8','f3,f2,f5',750,751
752,'2025-01-20 19:59:17.870',96,0.86,'3',10,0.28,'Expired','v1','3.6','f2,f3',751,752
753,'2025-02-04 13:45:32.870',466,0.95,'0',1,0.87,'Expired','v1','2.4','f3,f4,f2',752,753
754,'2025-01-31 20:47:32.870',1907,0.78,'0',4,0.30,'Expired','v3','4.4','f4,f2',753,754
755,'2025-01-23 04:55:18.870',1791,0.09,'2',1,0.85,'Miss','v2','2.9','f2,f1,f3',754,755
756,'2025-02-15 13:50:12.870',1795,0.98,'3',6,0.38,'Hit','v3','5.0','f2,f5,f1',755,756
757,'2025-01-25 19:10:31.870',581,0.62,'4',8,0.70,'Hit','v2','3.3','f5,f4',756,757
758,'2025-02-14 03:25:48.870',1188,0.24,'4',10,0.17,'Expired','v2','4.0','f2',757,758
759,'2025-02-15 00:45:50.870',512,0.50,'5',10,0.00,'Hit','v3','4.7','f5,f4',758,759
760,'2025-01-21 09:04:16.870',144,0.47,'3',5,0.76,'Expired','v2','5.0','f2',759,760
761,'2025-02-19 03:21:48.870',528,0.30,'3',1,0.44,'Miss','v2','2.6','f1',760,761
762,'2025-02-16 17:48:22.870',449,0.40,'5',0,0.57,'Expired','v1','1.1','f3',761,762
763,'2025-02-03 18:54:30.870',1620,0.23,'1',10,0.30,'Miss','v1','3.6','f2,f4',762,763
764,'2025-02-14 04:30:59.870',1910,0.93,'0',2,0.58,'Miss','v2','3.3','f2,f1',763,764
765,'2025-02-13 23:57:02.870',508,0.32,'2',5,0.66,'Hit','v1','2.5','f2,f3',764,765
766,'2025-01-19 22:05:54.870',759,0.58,'0',5,0.66,'Miss','v3','2.6','f5,f2,f3',765,766
767,'2025-01-26 02:10:30.870',934,0.23,'2',4,0.91,'Expired','v1','5.0','f5,f4',766,767
768,'2025-01-20 10:34:10.870',1590,0.12,'2',9,0.34,'Hit','v3','4.3','f2,f4',767,768
769,'2025-02-04 16:44:08.886',1149,0.82,'3',6,0.47,'Miss','v3','2.9','f5',768,769
770,'2025-01-26 18:09:03.886',1114,0.07,'5',4,0.30,'Hit','v2','4.6','f2,f4',769,770
771,'2025-02-12 01:22:23.886',1087,0.67,'5',9,0.32,'Hit','v1','3.2','f3',770,771
772,'2025-02-08 11:18:11.886',71,0.05,'1',5,0.46,'Hit','v2','4.5','f5,f4',771,772
773,'2025-02-08 02:28:46.886',1903,0.28,'4',6,0.07,'Hit','v1','1.7','f1,f2',772,773
774,'2025-01-26 09:07:22.886',572,0.75,'3',10,0.08,'Hit','v1','3.7','f2,f1',773,774
775,'2025-02-10 17:08:20.886',1914,0.54,'1',3,0.73,'Hit','v2','4.4','f4,f2,f1',774,775
776,'2025-01-26 14:11:30.886',411,0.01,'0',8,0.07,'Expired','v2','5.0','f2,f4,f5',775,776
777,'2025-02-08 01:14:38.886',1706,0.85,'4',8,0.97,'Miss','v2','5.5','f5',776,777
778,'2025-01-31 00:06:59.886',427,0.50,'0',10,0.17,'Miss','v1','1.4','f4,f2,f5',777,778
779,'2025-02-17 02:30:18.886',1516,0.82,'3',4,0.47,'Hit','v1','2.3','f5,f4,f2',778,779
780,'2025-02-15 06:57:53.886',1880,0.19,'3',9,0.05,'Hit','v3','1.1','f2,f4,f1',779,780
781,'2025-02-02 21:41:29.886',424,0.42,'4',0,0.61,'Expired','v1','2.1','f1,f5,f2',780,781
782,'2025-01-25 10:42:35.886',532,0.94,'3',7,0.99,'Hit','v3','4.2','f5,f3,f1',781,782
783,'2025-02-03 17:38:51.886',813,0.49,'3',2,0.95,'Miss','v3','3.6','f3,f5,f2',782,783
784,'2025-02-13 07:50:41.886',1720,0.82,'0',1,0.67,'Hit','v3','4.5','f2,f3,f1',783,784
785,'2025-02-17 08:15:36.886',1910,0.35,'3',8,0.58,'Miss','v2','5.2','f2,f4',784,785
786,'2025-02-15 16:54:45.886',134,0.49,'4',9,0.98,'Expired','v3','1.1','f1,f5',785,786
787,'2025-01-23 20:29:30.886',929,0.04,'3',7,0.67,'Expired','v2','1.8','f3,f4',786,787
788,'2025-02-07 20:47:31.886',1360,0.30,'0',5,0.83,'Miss','v1','3.0','f4,f5',787,788
789,'2025-01-30 03:46:41.886',1747,0.08,'2',10,0.12,'Hit','v1','4.3','f2,f1,f5',788,789
790,'2025-02-11 10:29:19.886',1223,0.15,'1',9,0.96,'Miss','v2','5.4','f1,f4',789,790
791,'2025-01-31 14:30:05.886',1853,0.66,'3',0,0.97,'Expired','v2','4.4','f2,f5',790,791
792,'2025-01-19 14:02:47.886',1270,0.73,'2',2,0.03,'Expired','v1','4.5','f5,f2,f4',791,792
793,'2025-01-30 14:45:11.886',666,0.06,'4',8,0.96,'Hit','v2','3.7','f2',792,793
794,'2025-01-30 09:57:39.886',1725,0.18,'2',7,0.62,'Hit','v1','5.1','f5,f3',238,794
795,'2025-01-25 12:03:20.886',1608,0.97,'3',5,0.19,'Miss','v2','3.5','f1,f3',793,795
796,'2025-02-02 22:08:45.886',685,0.99,'1',10,0.92,'Hit','v1','4.8','f4,f1',794,796
797,'2025-02-02 19:51:45.886',1668,0.93,'2',4,0.68,'Expired','v3','3.1','f2,f3',795,797
798,'2025-02-06 01:14:49.886',874,0.05,'2',6,0.61,'Expired','v1','5.7','f5,f4,f2',796,798
799,'2025-01-31 18:34:06.886',1421,0.34,'2',3,0.24,'Expired','v3','4.6','f5',797,799
800,'2025-01-20 05:32:52.886',147,0.09,'3',0,0.71,'Expired','v1','2.0','f1,f4',798,800
801,'2025-02-10 23:41:28.886',838,0.18,'0',1,0.30,'Expired','v2','1.8','f4,f2,f3',799,801
802,'2025-01-24 00:33:31.886',58,0.74,'1',1,0.86,'Hit','v3','2.7','f4,f2,f3',800,802
803,'2025-02-01 08:58:19.886',933,0.98,'0',1,0.29,'Expired','v3','3.6','f5',801,803
804,'2025-02-17 20:43:18.886',700,0.89,'2',1,0.36,'Expired','v2','4.5','f5',802,804
805,'2025-01-27 12:30:17.886',1039,0.01,'2',5,0.85,'Hit','v3','5.7','f4,f3',803,805
806,'2025-02-09 07:28:01.886',1889,0.91,'0',8,0.09,'Hit','v3','5.5','f2,f4',804,806
807,'2025-01-20 08:06:50.886',977,0.90,'2',3,0.62,'Hit','v1','1.0','f1',805,807
808,'2025-02-13 18:42:11.886',799,0.08,'4',8,0.17,'Expired','v2','4.0','f5,f1',806,808
809,'2025-02-01 12:20:11.886',464,0.46,'2',1,0.39,'Miss','v2','4.1','f5,f3',807,809
810,'2025-01-28 21:30:19.886',1713,0.93,'0',4,0.12,'Hit','v2','3.0','f3,f4,f5',808,810
811,'2025-01-31 16:55:33.886',1242,0.50,'2',0,0.51,'Miss','v3','1.4','f1,f3',809,811
812,'2025-01-22 08:33:44.886',1870,0.63,'1',0,0.73,'Miss','v3','4.0','f4,f1,f3',810,812
813,'2025-02-16 22:21:20.886',1701,0.33,'2',5,0.54,'Expired','v1','5.6','f3,f1',811,813
814,'2025-02-05 08:57:46.886',136,0.61,'1',10,0.45,'Miss','v3','2.3','f3',812,814
815,'2025-02-04 21:12:07.886',1783,0.47,'0',10,0.91,'Expired','v3','3.7','f5,f1',813,815
816,'2025-01-27 02:42:30.886',935,0.98,'1',3,0.80,'Expired','v3','4.4','f1,f4',814,816
817,'2025-01-20 01:04:37.886',162,0.99,'2',9,0.49,'Hit','v1','1.1','f5,f1,f3',815,817
818,'2025-02-05 02:15:20.886',196,0.21,'3',7,0.17,'Expired','v2','5.6','f4',816,818
819,'2025-02-11 04:53:05.886',967,0.77,'4',10,0.63,'Miss','v3','5.5','f2,f3',817,819
820,'2025-01-31 04:54:25.886',1018,0.08,'5',0,0.40,'Miss','v1','1.7','f2',818,820
821,'2025-02-05 08:43:49.886',120,0.18,'3',1,0.80,'Miss','v1','4.1','f1,f2,f5',819,821
822,'2025-02-04 08:33:49.886',1554,0.37,'4',5,0.47,'Miss','v1','2.6','f4,f5',820,822
823,'2025-01-23 19:05:15.886',1890,0.93,'0',2,0.38,'Expired','v1','3.9','f4,f5',821,823
824,'2025-02-16 07:24:19.886',1328,0.64,'0',4,0.58,'Hit','v3','2.6','f1,f2',822,824
825,'2025-02-12 10:32:56.886',338,0.27,'4',8,0.14,'Hit','v1','2.0','f3,f2,f1',823,825
826,'2025-02-16 22:04:16.886',782,0.57,'2',7,0.98,'Miss','v3','4.7','f2',824,826
827,'2025-01-27 00:31:04.886',1588,0.48,'0',5,0.31,'Miss','v1','4.7','f2,f4,f5',825,827
828,'2025-02-02 15:41:08.886',1443,0.37,'2',10,0.13,'Expired','v2','4.5','f2,f1',826,828
829,'2025-02-13 07:59:09.886',901,0.36,'1',2,0.85,'Hit','v2','5.0','f2,f3',827,829
830,'2025-02-03 08:23:50.886',183,0.20,'1',5,0.67,'Hit','v1','4.0','f1,f4,f3',828,830
831,'2025-02-16 23:25:44.886',1060,0.32,'5',6,0.21,'Hit','v1','3.2','f2,f1',829,831
832,'2025-01-19 10:55:36.886',502,0.13,'3',1,0.11,'Hit','v2','3.2','f3,f1',830,832
833,'2025-02-02 07:26:18.886',997,0.90,'1',4,0.37,'Hit','v1','4.2','f4,f2,f3',831,833
834,'2025-02-17 01:25:31.886',1814,0.28,'3',0,0.05,'Expired','v1','2.2','f5,f1',832,834
835,'2025-02-10 05:39:38.901',1490,0.22,'3',8,0.94,'Expired','v1','2.4','f3',833,835
836,'2025-02-08 21:22:51.901',1202,0.01,'4',3,0.92,'Hit','v2','2.3','f4,f1,f5',834,836
837,'2025-01-30 16:39:32.901',293,0.51,'0',5,0.90,'Expired','v2','4.5','f1,f5,f4',835,837
838,'2025-02-17 07:00:21.901',1996,0.64,'4',0,0.07,'Expired','v2','1.5','f3,f5,f4',26,838
839,'2025-02-10 20:11:16.901',803,0.85,'0',2,0.04,'Hit','v2','1.1','f4,f2',836,839
840,'2025-01-23 04:30:19.901',1343,0.83,'5',1,0.13,'Hit','v1','4.6','f1,f2',837,840
841,'2025-02-02 18:55:15.901',358,0.17,'2',6,0.68,'Expired','v2','5.0','f3,f5',838,841
842,'2025-01-30 22:05:10.901',128,0.79,'5',10,0.72,'Expired','v3','2.3','f2',839,842
843,'2025-02-18 12:37:41.901',105,0.06,'4',9,0.88,'Miss','v2','4.1','f5,f1',840,843
844,'2025-02-01 18:12:36.901',60,0.72,'0',9,0.00,'Hit','v1','4.8','f5',841,844
845,'2025-02-12 04:46:25.901',382,0.82,'2',1,0.51,'Expired','v2','3.7','f4',842,845
846,'2025-02-16 19:22:42.901',210,0.97,'0',6,0.87,'Expired','v2','2.4','f2',843,846
847,'2025-02-03 00:25:24.901',288,0.89,'5',1,0.95,'Miss','v2','2.0','f4',844,847
848,'2025-02-13 20:04:27.901',1285,0.53,'5',8,0.49,'Miss','v3','5.1','f4',845,848
849,'2025-02-14 09:30:28.901',1556,0.64,'3',9,0.27,'Expired','v3','3.3','f1,f4,f3',846,849
850,'2025-01-31 10:08:28.901',832,0.86,'0',8,0.13,'Expired','v1','3.2','f1,f2',847,850
851,'2025-02-01 16:09:18.901',131,0.64,'3',0,0.18,'Hit','v2','5.4','f3,f5',848,851
852,'2025-01-26 01:43:42.901',818,0.18,'4',3,0.85,'Expired','v2','4.4','f5,f4,f3',849,852
853,'2025-01-30 11:12:05.901',1072,0.00,'3',3,0.09,'Miss','v2','3.2','f5',850,853
854,'2025-02-14 23:30:15.901',1850,0.15,'3',10,0.87,'Miss','v1','1.8','f1',851,854
855,'2025-02-06 06:43:24.901',1846,0.26,'4',9,0.26,'Expired','v2','3.4','f4',852,855
856,'2025-01-22 09:24:07.901',979,0.92,'5',3,0.29,'Expired','v2','1.0','f5,f3',853,856
857,'2025-02-12 02:48:30.901',865,0.88,'1',8,0.10,'Hit','v3','2.2','f5,f4,f2',854,857
858,'2025-02-04 07:51:51.901',1268,0.01,'1',5,0.59,'Miss','v2','1.4','f3,f2,f4',855,858
859,'2025-01-21 03:49:16.901',1045,0.02,'0',7,0.16,'Hit','v2','1.6','f2,f1,f5',856,859
860,'2025-01-28 20:46:55.901',1936,0.30,'2',8,0.15,'Hit','v1','2.6','f5,f3,f1',857,860
861,'2025-02-07 02:09:04.901',382,0.67,'4',8,0.79,'Hit','v3','3.9','f2,f5',858,861
862,'2025-02-07 11:42:27.901',1572,0.30,'5',6,0.65,'Expired','v2','2.2','f3',859,862
863,'2025-01-27 05:12:27.901',1214,0.36,'1',0,0.21,'Expired','v3','2.6','f1,f3,f4',860,863
864,'2025-01-24 08:42:39.901',1242,0.08,'5',2,0.99,'Hit','v2','2.5','f3,f4',861,864
865,'2025-02-09 22:16:48.901',1894,0.75,'0',0,0.21,'Miss','v3','4.3','f1',862,865
866,'2025-01-24 06:54:55.901',1298,0.80,'2',6,0.59,'Miss','v1','4.3','f1,f4',863,866
867,'2025-01-24 03:04:39.901',663,0.37,'2',4,0.52,'Miss','v1','2.1','f2,f3,f1',864,867
868,'2025-02-13 16:59:42.901',1821,0.05,'5',9,0.18,'Miss','v1','2.5','f1,f2',865,868
869,'2025-02-13 18:49:18.901',1158,0.99,'4',6,0.93,'Expired','v1','1.7','f4,f1',866,869
870,'2025-02-16 08:47:43.901',1811,0.54,'5',3,0.40,'Expired','v2','3.7','f2',867,870
871,'2025-02-01 18:19:31.901',1419,0.49,'4',0,0.42,'Miss','v3','5.5','f3',868,871
872,'2025-02-17 20:42:59.901',113,0.49,'3',8,0.63,'Expired','v3','4.8','f5,f4',869,872
873,'2025-02-14 14:15:23.901',1385,0.26,'5',8,0.11,'Miss','v1','5.6','f3,f4',870,873
874,'2025-02-11 18:58:54.901',553,0.61,'1',9,0.83,'Miss','v2','4.6','f4,f2',871,874
875,'2025-02-12 21:15:54.901',1460,0.29,'5',2,0.86,'Expired','v3','4.6','f2,f3,f4',872,875
876,'2025-02-04 23:47:06.901',237,0.41,'4',10,0.63,'Expired','v3','4.1','f3,f4',873,876
877,'2025-02-17 15:46:12.901',1294,0.17,'4',3,0.78,'Miss','v3','5.7','f4,f1',874,877
878,'2025-01-26 16:13:18.901',1084,0.59,'2',7,0.96,'Miss','v2','2.2','f2,f4,f3',324,878
879,'2025-01-28 02:17:14.901',1042,0.66,'3',7,0.71,'Expired','v3','5.6','f3',875,879
880,'2025-02-02 19:44:46.901',184,0.16,'0',2,0.04,'Expired','v1','4.3','f1,f5',876,880
881,'2025-01-26 12:10:17.901',1817,0.93,'4',7,0.32,'Expired','v3','1.0','f1',877,881
882,'2025-01-27 16:12:36.901',1940,0.48,'5',6,0.46,'Expired','v1','1.4','f2,f4',878,882
883,'2025-01-24 09:30:02.901',688,0.88,'2',10,0.40,'Expired','v3','4.5','f1,f4',879,883
884,'2025-01-31 11:57:19.901',639,0.20,'0',8,0.85,'Miss','v2','5.8','f5,f1',880,884
885,'2025-02-01 05:56:41.901',1090,0.13,'0',3,0.44,'Miss','v2','1.7','f1,f2',881,885
886,'2025-02-17 08:13:14.901',403,0.18,'2',6,0.71,'Expired','v3','4.8','f4,f3',882,886
887,'2025-02-05 16:01:06.901',211,0.88,'0',10,0.57,'Hit','v3','3.2','f5',883,887
888,'2025-02-14 13:55:48.901',1809,0.39,'5',8,0.82,'Expired','v2','2.4','f2',884,888
889,'2025-01-29 00:28:29.901',1082,0.82,'0',3,0.80,'Miss','v3','2.5','f4,f2',885,889
890,'2025-02-09 21:21:45.901',154,0.19,'4',9,0.56,'Hit','v2','5.2','f3,f4',886,890
891,'2025-01-25 06:37:17.901',241,0.01,'3',3,0.97,'Miss','v1','4.2','f2,f3,f5',887,891
892,'2025-01-22 05:34:07.901',1588,0.54,'0',2,0.30,'Expired','v1','1.4','f5,f2',888,892
893,'2025-02-11 15:01:18.901',1182,0.62,'4',10,0.34,'Miss','v3','2.2','f2,f3',889,893
894,'2025-02-01 22:44:46.901',786,0.33,'2',4,0.06,'Hit','v2','1.2','f4,f3',890,894
895,'2025-02-05 04:03:18.901',78,0.07,'3',5,0.07,'Miss','v1','1.7','f3',891,895
896,'2025-02-03 10:41:15.901',1767,0.81,'4',0,0.75,'Hit','v2','4.5','f1,f3',892,896
897,'2025-02-03 17:48:17.901',1292,0.56,'0',10,0.53,'Miss','v1','5.3','f1,f4,f3',893,897
898,'2025-01-22 14:02:48.901',1319,0.37,'1',1,0.47,'Hit','v1','5.5','f5',894,898
899,'2025-02-16 00:57:39.917',920,0.25,'4',2,0.04,'Hit','v2','3.5','f4,f2',895,899
900,'2025-01-31 06:49:15.917',945,0.23,'1',10,0.26,'Expired','v3','3.2','f2',896,900
901,'2025-01-24 01:07:47.917',1810,0.32,'1',4,0.98,'Hit','v3','3.0','f5,f1,f4',897,901
902,'2025-01-29 00:29:00.917',1006,0.47,'2',7,0.35,'Expired','v3','3.0','f3,f1',898,902
903,'2025-01-30 21:25:32.917',1382,0.49,'5',10,0.83,'Hit','v2','3.5','f1,f3,f4',899,903
904,'2025-01-23 19:03:43.917',849,0.29,'5',7,0.44,'Miss','v2','4.5','f5,f4,f1',900,904
905,'2025-02-13 08:47:56.917',1402,0.79,'1',4,0.07,'Hit','v2','5.0','f1,f4,f2',901,905
906,'2025-01-26 17:09:22.917',1666,0.49,'4',3,0.93,'Hit','v3','3.1','f1,f5,f2',902,906
907,'2025-01-27 04:29:36.917',784,0.24,'1',0,0.36,'Expired','v2','4.6','f2,f4',903,907
908,'2025-01-28 10:56:49.917',1388,0.15,'1',6,0.66,'Expired','v1','3.1','f4,f5',904,908
909,'2025-01-30 18:15:29.917',825,0.77,'0',4,0.54,'Hit','v3','3.1','f1',905,909
910,'2025-02-11 05:18:03.917',1579,0.53,'3',9,0.19,'Hit','v3','2.9','f4',906,910
911,'2025-01-25 10:46:15.917',288,0.99,'5',10,0.23,'Miss','v2','2.7','f5,f1',907,911
912,'2025-01-26 19:14:34.917',1242,0.71,'2',10,0.01,'Expired','v1','2.4','f1',908,912
913,'2025-01-28 15:22:43.917',1172,0.13,'0',7,0.60,'Miss','v1','3.5','f2,f1',909,913
914,'2025-01-30 07:47:11.917',104,0.86,'1',2,0.79,'Expired','v3','3.2','f2,f3,f5',910,914
915,'2025-02-19 03:49:04.917',292,1.00,'2',6,0.68,'Hit','v1','1.2','f1',911,915
916,'2025-01-24 19:53:55.917',967,0.37,'0',3,0.19,'Expired','v2','5.8','f1,f3,f5',912,916
917,'2025-02-10 08:37:29.917',1461,0.53,'1',1,0.27,'Expired','v2','4.3','f1',913,917
918,'2025-01-19 23:35:18.917',902,0.23,'2',1,0.28,'Hit','v1','3.9','f2,f5',914,918
919,'2025-01-28 14:18:25.917',587,0.23,'3',4,0.74,'Hit','v2','3.7','f4',915,919
920,'2025-01-30 10:42:41.917',96,0.97,'4',3,0.56,'Expired','v3','4.7','f3,f1',916,920
921,'2025-02-06 19:27:11.917',195,0.37,'2',3,0.02,'Hit','v2','4.4','f1,f5,f3',917,921
922,'2025-02-08 20:30:29.917',781,0.71,'3',10,0.09,'Expired','v1','4.8','f1,f2',918,922
923,'2025-01-23 02:37:20.917',320,0.70,'5',5,0.63,'Miss','v3','2.0','f5,f3',919,923
924,'2025-02-17 11:23:58.917',1903,0.03,'1',7,0.48,'Expired','v3','1.6','f1',920,924
925,'2025-02-17 18:46:25.917',860,0.85,'3',3,0.16,'Miss','v2','3.2','f5,f4,f3',921,925
926,'2025-01-23 04:56:17.917',845,0.39,'4',10,0.80,'Miss','v1','3.3','f5',922,926
927,'2025-02-02 22:11:17.917',1014,0.15,'0',2,0.66,'Hit','v3','2.1','f1',923,927
928,'2025-01-19 10:07:21.917',222,0.58,'1',1,0.20,'Miss','v3','3.4','f4,f1,f2',924,928
929,'2025-02-06 01:13:55.917',1977,0.86,'5',7,0.26,'Expired','v3','1.9','f4',925,929
930,'2025-02-01 23:18:51.917',1793,0.67,'1',6,0.12,'Miss','v3','5.6','f5,f2,f4',926,930
931,'2025-01-29 06:23:16.917',1621,0.48,'0',7,0.00,'Miss','v3','2.7','f4,f2',927,931
932,'2025-02-08 13:31:13.917',1819,0.84,'5',5,0.47,'Expired','v1','1.7','f1',928,932
933,'2025-02-11 03:13:16.917',1972,0.05,'4',3,0.12,'Hit','v3','2.6','f1,f4',929,933
934,'2025-01-19 22:32:27.917',1582,0.49,'5',4,0.28,'Expired','v2','1.9','f3',930,934
935,'2025-01-20 17:37:15.917',1718,0.16,'3',2,0.59,'Miss','v1','1.5','f5,f4',931,935
936,'2025-02-18 23:46:14.917',1406,0.46,'4',3,0.29,'Expired','v1','1.0','f3',932,936
937,'2025-01-31 16:17:37.917',953,0.17,'1',8,0.95,'Miss','v3','3.5','f2,f1',933,937
938,'2025-02-10 07:03:02.917',1105,0.78,'1',10,0.35,'Miss','v1','2.7','f5,f4,f2',934,938
939,'2025-01-22 12:21:26.917',1699,1.00,'2',3,0.93,'Hit','v2','1.9','f5',935,939
940,'2025-01-31 12:27:03.917',1713,0.60,'1',5,0.52,'Hit','v1','3.7','f1',936,940
941,'2025-01-22 17:31:57.917',979,0.43,'0',10,1.00,'Hit','v1','2.4','f2,f3',937,941
942,'2025-02-15 21:31:39.917',1336,0.18,'2',5,0.01,'Miss','v1','5.6','f1,f5,f3',938,942
943,'2025-02-17 01:18:32.917',499,0.54,'0',3,0.70,'Expired','v3','2.2','f4',939,943
944,'2025-02-10 17:47:32.917',333,0.47,'0',7,0.59,'Hit','v2','3.6','f3',940,944
945,'2025-01-27 02:47:16.917',1981,0.48,'0',10,0.29,'Hit','v3','3.7','f3,f4,f1',821,945
946,'2025-01-21 13:33:30.917',1877,0.99,'4',6,0.65,'Miss','v3','1.2','f5,f4,f1',941,946
947,'2025-02-16 05:38:59.917',1413,0.17,'3',0,0.98,'Hit','v3','3.4','f5',942,947
948,'2025-02-03 09:23:39.917',407,0.24,'2',5,0.96,'Miss','v2','5.2','f4,f2',943,948
949,'2025-02-08 03:27:45.917',1657,0.03,'5',5,0.20,'Hit','v3','1.9','f2',767,949
950,'2025-01-31 02:45:28.917',122,0.52,'4',2,0.95,'Hit','v2','3.6','f2',944,950
951,'2025-02-18 10:59:05.917',50,0.44,'5',5,0.65,'Hit','v2','1.4','f1,f2,f3',945,951
952,'2025-02-17 22:55:35.917',164,0.76,'1',7,0.80,'Hit','v1','5.9','f1,f5,f3',946,952
953,'2025-02-11 08:05:27.917',1344,0.33,'4',0,0.36,'Hit','v2','2.4','f1,f3',947,953
954,'2025-02-13 05:43:20.917',1614,0.31,'2',10,0.14,'Expired','v2','4.8','f2,f5,f3',948,954
955,'2025-02-16 20:46:12.917',1014,0.15,'1',7,0.53,'Expired','v1','2.6','f2',949,955
956,'2025-02-09 23:35:24.917',1574,0.49,'3',10,0.29,'Hit','v3','5.3','f2,f5',950,956
957,'2025-02-14 19:09:46.917',713,0.03,'3',5,0.05,'Hit','v3','1.1','f1,f2,f4',951,957
958,'2025-02-10 17:28:13.917',308,0.50,'1',3,0.70,'Miss','v2','5.1','f5,f4,f3',952,958
959,'2025-01-22 09:17:21.917',538,0.30,'2',2,0.91,'Miss','v1','3.9','f1,f3',953,959
960,'2025-02-10 07:49:28.917',220,0.95,'5',2,0.67,'Hit','v2','1.5','f5,f2',954,960
961,'2025-01-27 05:56:59.917',831,0.59,'3',10,0.32,'Hit','v2','1.5','f2',955,961
962,'2025-02-10 16:00:40.917',301,0.40,'3',5,0.45,'Miss','v3','4.8','f4,f1,f5',956,962
963,'2025-02-13 15:30:32.917',1871,0.96,'3',1,0.50,'Hit','v2','3.5','f3',957,963
964,'2025-02-04 00:56:40.933',1006,0.93,'1',6,0.11,'Expired','v2','5.2','f4,f1',958,964
965,'2025-01-31 05:41:32.933',1256,0.66,'4',10,0.45,'Expired','v3','1.4','f5',959,965
966,'2025-02-07 15:55:48.933',591,0.38,'4',5,0.44,'Miss','v2','2.7','f1,f4',960,966
967,'2025-02-07 01:36:52.933',1606,0.07,'1',5,0.91,'Miss','v2','3.2','f5',961,967
968,'2025-01-23 06:07:10.933',1913,0.04,'1',7,0.81,'Hit','v1','4.0','f2,f4,f3',962,968
969,'2025-02-18 23:01:57.933',861,0.47,'1',5,0.72,'Hit','v3','5.2','f2,f4',733,969
970,'2025-01-25 04:46:42.933',1950,0.98,'5',9,0.13,'Hit','v2','2.5','f3,f4,f1',963,970
971,'2025-02-08 07:41:24.933',1965,0.61,'1',2,0.31,'Expired','v1','3.7','f1,f5',964,971
972,'2025-01-21 13:09:20.933',1761,0.56,'0',2,0.20,'Miss','v3','4.4','f3',965,972
973,'2025-02-11 20:32:16.933',1536,0.32,'3',0,0.38,'Expired','v3','1.9','f2',966,973
974,'2025-02-07 15:21:56.933',247,0.76,'4',4,0.06,'Hit','v3','1.2','f2,f5,f4',967,974
975,'2025-02-03 13:34:22.933',1300,0.12,'4',3,0.49,'Hit','v1','2.0','f2,f5',968,975
976,'2025-02-17 10:58:25.933',1143,0.06,'0',9,0.87,'Expired','v3','5.9','f3,f2,f5',969,976
977,'2025-02-07 15:31:10.933',143,0.54,'5',1,0.85,'Hit','v2','5.2','f1,f5',970,977
978,'2025-02-10 18:12:38.933',1837,0.10,'1',4,0.50,'Expired','v3','3.9','f5,f3,f2',971,978
979,'2025-01-31 22:36:30.933',399,0.83,'2',1,0.69,'Miss','v2','5.1','f5,f3',972,979
980,'2025-02-08 16:39:42.933',1372,0.38,'1',0,0.14,'Miss','v3','1.6','f1,f4,f5',973,980
981,'2025-01-25 07:31:40.933',1140,0.51,'5',10,0.57,'Miss','v3','4.3','f4,f3',974,981
982,'2025-02-17 02:16:51.933',1352,0.47,'0',2,0.39,'Miss','v3','4.1','f1',975,982
983,'2025-02-14 04:09:41.933',1262,0.60,'1',4,0.52,'Hit','v1','5.4','f3',976,983
984,'2025-02-17 06:38:50.933',993,0.05,'5',3,0.40,'Miss','v2','3.2','f4,f5,f2',977,984
985,'2025-01-23 03:53:24.933',814,0.72,'2',7,0.64,'Hit','v1','3.7','f2,f1,f5',978,985
986,'2025-01-29 07:21:46.939',1737,0.33,'2',1,0.94,'Hit','v2','5.2','f5,f4',979,986
987,'2025-02-09 16:20:36.939',896,0.95,'3',7,0.84,'Miss','v1','2.2','f4,f5,f3',980,987
988,'2025-02-02 17:05:59.939',1017,0.94,'2',5,0.34,'Expired','v1','2.6','f2',981,988
989,'2025-02-12 19:06:02.939',211,0.61,'0',5,0.91,'Miss','v3','1.7','f3,f5,f2',982,989
990,'2025-02-09 07:52:06.939',1786,0.13,'2',4,0.30,'Expired','v3','1.3','f5',983,990
991,'2025-02-09 08:32:48.940',1571,0.04,'5',4,0.17,'Expired','v2','2.4','f2,f5',984,991
992,'2025-02-11 23:50:53.940',1877,0.02,'5',0,0.87,'Expired','v1','2.0','f3,f1,f5',985,992
993,'2025-02-01 13:56:14.940',830,0.98,'2',2,0.51,'Miss','v2','2.0','f4,f3,f2',986,993
994,'2025-01-27 05:22:52.940',54,0.69,'1',6,0.76,'Hit','v3','5.0','f2,f3,f4',987,994
995,'2025-01-24 11:43:39.941',1756,0.38,'0',3,0.35,'Expired','v2','4.5','f1,f5,f3',988,995
996,'2025-01-24 09:49:09.941',567,0.29,'2',10,0.43,'Expired','v2','1.2','f4,f2',989,996
997,'2025-02-19 00:39:32.941',1217,0.07,'4',1,0.72,'Miss','v2','1.6','f4',990,997
998,'2025-01-27 05:15:12.941',1831,0.98,'4',7,0.37,'Expired','v2','4.6','f4,f1',991,998
999,'2025-02-14 06:53:21.942',1606,0.77,'3',3,0.22,'Hit','v1','1.1','f2,f4',992,999
1000,'2025-02-18 19:30:30.942',753,0.55,'5',10,0.60,'Hit','v3','4.8','f2,f4',993,1000
