'RF100725','2025-02-19 00:10:46.275','RB2073'
'RF506310','2025-02-18 08:48:23.275','RB9067'
'RF422033','2025-02-18 12:20:12.276','RB2996'
'RF806459','2025-02-18 09:16:40.276','RB4545'
'RF478822','2025-02-19 03:00:05.276','RB8530'
'RF196869','2025-02-18 11:55:53.276','RB4962'
'RF982879','2025-02-19 00:20:21.276','RB6554'
'RF966272','2025-02-18 19:38:57.276','RB5210'
'RF419468','2025-02-19 00:12:27.276','RB6405'
'RF119293','2025-02-18 16:34:36.276','RB3783'
'RF977036','2025-02-19 01:49:27.276','RB7520'
'RF616012','2025-02-18 19:49:08.276','RB4705'
'RF997271','2025-02-18 18:47:41.276','RB6552'
'RF789089','2025-02-19 04:53:48.276','RB1035'
'RF258464','2025-02-18 20:34:18.276','RB5898'
'RF527980','2025-02-19 00:46:15.276','RB9010'
'RF369276','2025-02-18 14:35:17.276','RB2707'
'RF399618','2025-02-18 21:18:54.276','RB9004'
'RF221032','2025-02-19 05:21:24.276','RB3016'
'RF316276','2025-02-18 18:35:15.276','RB6792'
'RF659402','2025-02-18 15:22:17.277','RB6851'
'RF365945','2025-02-18 22:20:12.277','RB8894'
'RF274021','2025-02-18 13:22:21.277','RB7215'
'RF936479','2025-02-18 09:51:04.277','RB9390'
'RF132253','2025-02-18 09:34:11.277','RB4618'
'RF619014','2025-02-19 00:16:40.277','RB8822'
'RF708196','2025-02-18 12:12:28.277','RB9078'
'RF850168','2025-02-18 16:40:48.277','RB3634'
'RF644501','2025-02-18 13:50:45.277','RB7612'
'RF937310','2025-02-18 16:09:00.277','RB9198'
'RF886638','2025-02-19 04:17:43.277','RB2017'
'RF403411','2025-02-18 21:30:27.277','RB7500'
'RF994878','2025-02-18 19:18:35.277','RB5894'
'RF504159','2025-02-19 07:27:52.277','RB8678'
'RF747386','2025-02-19 03:17:45.277','RB1568'
'RF891634','2025-02-19 06:46:49.277','RB6284'
'RF216105','2025-02-18 20:24:47.277','RB3666'
'RF634500','2025-02-18 10:23:07.278','RB8103'
'RF180250','2025-02-18 11:15:32.278','RB7327'
'RF372917','2025-02-18 15:57:09.278','RB8986'
'RF288975','2025-02-19 04:45:08.278','RB1412'
'RF672279','2025-02-18 15:10:26.278','RB1690'
'RF161301','2025-02-19 05:40:37.278','RB9083'
'RF365550','2025-02-18 13:14:02.278','RB9225'
'RF360664','2025-02-18 12:14:31.278','RB3316'
'RF741454','2025-02-18 17:07:09.278','RB8400'
'RF542180','2025-02-18 17:01:47.278','RB7318'
'RF154227','2025-02-18 21:12:50.278','RB2445'
'RF146348','2025-02-18 11:21:02.278','RB5656'
'RF216516','2025-02-18 13:03:29.279','RB7982'
'RF914542','2025-02-18 15:34:36.279','RB9690'
'RF698685','2025-02-18 14:12:40.279','RB5914'
'RF907457','2025-02-18 15:52:12.279','RB7092'
'RF737644','2025-02-19 03:43:18.279','RB9626'
'RF157692','2025-02-18 14:45:14.279','RB6760'
'RF916551','2025-02-18 15:43:33.279','RB1136'
'RF168527','2025-02-19 06:29:40.279','RB8974'
'RF343649','2025-02-18 09:01:41.279','RB3971'
'RF498433','2025-02-19 05:32:54.279','RB4179'
'RF557809','2025-02-18 15:12:55.279','RB4361'
'RF775638','2025-02-18 16:38:39.279','RB1770'
'RF607890','2025-02-19 05:24:54.279','RB7375'
'RF712636','2025-02-18 14:17:21.279','RB3381'
'RF965516','2025-02-18 15:21:18.279','RB9099'
'RF184167','2025-02-18 14:19:52.279','RB4678'
'RF527754','2025-02-19 02:56:14.279','RB8312'
'RF391526','2025-02-18 11:24:38.279','RB4092'
'RF665005','2025-02-18 16:53:58.279','RB5969'
'RF952308','2025-02-18 21:18:19.279','RB2191'
'RF109008','2025-02-19 00:19:35.279','RB3807'
'RF855214','2025-02-19 00:33:50.279','RB3632'
'RF293543','2025-02-19 01:39:38.279','RB1771'
'RF674555','2025-02-18 20:23:45.279','RB7462'
'RF904171','2025-02-19 06:06:26.279','RB3253'
'RF609947','2025-02-18 10:40:24.280','RB9407'
'RF324255','2025-02-19 03:46:24.280','RB8485'
'RF675281','2025-02-19 04:29:29.280','RB8186'
'RF895348','2025-02-18 13:41:32.280','RB4057'
'RF472878','2025-02-19 04:32:46.280','RB3851'
'RF814700','2025-02-18 16:57:21.280','RB4020'
'RF593300','2025-02-18 09:39:46.280','RB6378'
'RF874684','2025-02-19 01:46:19.280','RB1501'
'RF911158','2025-02-19 03:50:32.280','RB2580'
'RF275152','2025-02-18 16:27:09.280','RB4455'
'RF125808','2025-02-18 18:45:02.280','RB9426'
'RF390255','2025-02-19 04:17:52.280','RB3685'
'RF954883','2025-02-18 10:47:35.280','RB5814'
'RF726861','2025-02-18 17:32:12.280','RB4166'
'RF480448','2025-02-18 12:11:36.280','RB6406'
'RF938675','2025-02-18 14:25:22.280','RB8391'
'RF769341','2025-02-18 12:51:58.280','RB3902'
'RF867327','2025-02-18 11:46:13.280','RB2701'
'RF844824','2025-02-19 04:52:00.280','RB8050'
'RF522167','2025-02-18 10:43:10.280','RB7520'
'RF241959','2025-02-18 16:16:39.281','RB3862'
'RF989040','2025-02-18 17:05:26.281','RB6029'
'RF414946','2025-02-18 10:53:02.281','RB7196'
'RF261738','2025-02-19 02:35:15.281','RB7993'
'RF818311','2025-02-18 12:38:52.281','RB9466'
'RF181945','2025-02-18 19:56:43.281','RB8920'
'RF866159','2025-02-18 12:50:02.281','RB5882'
'RF977071','2025-02-19 06:52:39.281','RB8079'
'RF509160','2025-02-18 10:25:14.281','RB8270'
'RF761759','2025-02-19 05:46:55.281','RB9920'
'RF644045','2025-02-19 05:47:04.281','RB8659'
'RF972390','2025-02-19 00:16:01.281','RB5585'
'RF901915','2025-02-19 02:27:58.281','RB9323'
'RF837425','2025-02-18 12:01:29.281','RB4167'
'RF639884','2025-02-19 02:01:35.281','RB1507'
'RF565641','2025-02-19 05:57:51.281','RB8399'
'RF422866','2025-02-18 22:13:27.281','RB4638'
'RF193695','2025-02-19 06:42:08.281','RB6640'
'RF453473','2025-02-19 04:38:54.281','RB8581'
'RF416555','2025-02-19 04:40:03.282','RB3789'
'RF863248','2025-02-18 19:34:08.282','RB5153'
'RF431080','2025-02-19 04:04:09.282','RB4769'
'RF166053','2025-02-18 15:23:22.282','RB9481'
'RF194669','2025-02-19 06:20:23.282','RB8970'
'RF784515','2025-02-18 14:01:54.282','RB6647'
'RF292373','2025-02-18 16:22:42.282','RB1958'
'RF973159','2025-02-18 12:45:47.282','RB7518'
'RF402055','2025-02-18 16:54:03.282','RB3399'
'RF468052','2025-02-18 09:35:36.282','RB8389'
'RF649638','2025-02-18 22:50:37.282','RB7048'
'RF246937','2025-02-18 22:49:24.282','RB4149'
'RF763549','2025-02-18 15:03:49.282','RB5253'
'RF790777','2025-02-19 02:25:45.282','RB1875'
'RF765469','2025-02-19 01:49:30.282','RB4399'
'RF146599','2025-02-18 18:04:40.282','RB2017'
'RF889499','2025-02-19 01:45:44.283','RB8426'
'RF757573','2025-02-19 07:55:29.283','RB3184'
'RF710334','2025-02-18 11:56:02.283','RB5290'
'RF721820','2025-02-18 08:54:14.283','RB3508'
'RF129103','2025-02-18 19:25:22.283','RB3119'
'RF614476','2025-02-18 16:50:48.283','RB1693'
'RF347750','2025-02-18 10:41:53.283','RB2085'
'RF522841','2025-02-19 07:40:15.283','RB2454'
'RF838539','2025-02-19 04:30:27.283','RB2995'
'RF761653','2025-02-18 17:10:12.283','RB5284'
'RF860842','2025-02-18 17:56:08.283','RB4670'
'RF961916','2025-02-18 11:07:34.283','RB9758'
'RF679044','2025-02-18 17:16:52.283','RB1383'
'RF228505','2025-02-18 13:18:59.283','RB4191'
'RF745094','2025-02-18 16:07:50.283','RB9841'
'RF389121','2025-02-19 08:03:50.283','RB5459'
'RF622966','2025-02-19 05:07:11.283','RB5037'
'RF235081','2025-02-19 01:18:07.283','RB9634'
'RF456090','2025-02-18 08:56:15.283','RB2966'
'RF212399','2025-02-19 02:46:29.284','RB4288'
'RF184997','2025-02-19 03:39:24.284','RB2367'
'RF884879','2025-02-18 13:13:16.284','RB7377'
'RF772409','2025-02-18 23:21:18.284','RB7987'
'RF948855','2025-02-18 22:12:31.284','RB9068'
'RF816767','2025-02-19 07:31:21.284','RB9238'
'RF364852','2025-02-18 18:41:06.284','RB6680'
'RF307325','2025-02-18 10:57:28.284','RB6385'
'RF707494','2025-02-18 21:12:42.284','RB3016'
'RF993498','2025-02-19 05:44:33.284','RB5152'
'RF453137','2025-02-18 14:50:26.284','RB7141'
'RF143407','2025-02-18 14:07:02.284','RB1074'
'RF458769','2025-02-18 11:27:51.285','RB3532'
'RF532802','2025-02-19 02:20:28.285','RB3656'
'RF307427','2025-02-18 19:40:37.285','RB1228'
'RF933983','2025-02-19 05:52:55.285','RB7337'
'RF265996','2025-02-18 18:27:10.285','RB8619'
'RF385705','2025-02-19 02:19:22.285','RB8991'
'RF249745','2025-02-18 15:40:54.285','RB6948'
'RF108748','2025-02-19 02:56:42.285','RB7569'
'RF114876','2025-02-18 13:39:57.285','RB7563'
'RF246372','2025-02-19 08:24:17.285','RB1726'
'RF112007','2025-02-18 17:00:48.285','RB2393'
'RF962402','2025-02-18 20:09:53.285','RB9332'
'RF479735','2025-02-19 03:45:39.285','RB2634'
'RF482914','2025-02-18 21:35:51.285','RB3637'
'RF748135','2025-02-19 02:01:05.285','RB4560'
'RF798508','2025-02-18 17:27:50.285','RB6300'
'RF516789','2025-02-18 10:38:52.285','RB8656'
'RF441540','2025-02-18 15:37:14.285','RB8870'
'RF589755','2025-02-18 09:43:06.285','RB8702'
'RF692698','2025-02-19 02:37:57.285','RB1042'
'RF613768','2025-02-18 17:20:13.285','RB3444'
'RF451741','2025-02-19 05:10:00.285','RB9624'
'RF456794','2025-02-18 15:22:33.286','RB6920'
'RF824654','2025-02-18 18:38:07.286','RB7335'
'RF769126','2025-02-18 14:38:14.286','RB9203'
'RF282904','2025-02-19 04:43:32.286','RB1013'
'RF817104','2025-02-18 19:04:23.286','RB6252'
'RF390397','2025-02-19 04:30:47.286','RB2456'
'RF568912','2025-02-18 14:53:49.286','RB9819'
'RF523254','2025-02-18 11:40:21.286','RB2802'
'RF568529','2025-02-19 00:38:02.286','RB2646'
'RF936996','2025-02-19 07:27:14.286','RB8049'
'RF842731','2025-02-19 05:42:01.286','RB8934'
'RF119413','2025-02-19 00:42:46.286','RB6266'
'RF533172','2025-02-18 22:54:10.286','RB2045'
'RF508118','2025-02-18 18:28:05.286','RB6526'
'RF446603','2025-02-18 19:32:37.286','RB7334'
'RF674694','2025-02-18 18:32:53.286','RB8096'
'RF883079','2025-02-18 23:42:54.286','RB1764'
'RF353782','2025-02-19 04:06:40.286','RB2427'
'RF398795','2025-02-18 12:19:40.286','RB3364'
'RF109148','2025-02-18 14:10:50.287','RB2624'
'RF658083','2025-02-19 06:46:30.287','RB7144'
'RF337442','2025-02-19 06:00:29.287','RB1162'
'RF738130','2025-02-18 22:24:20.287','RB9505'
'RF766123','2025-02-18 16:46:59.287','RB1015'
'RF872198','2025-02-18 08:45:46.287','RB9285'
'RF861539','2025-02-18 13:57:30.287','RB1952'
'RF231656','2025-02-19 02:57:04.287','RB1191'
'RF697096','2025-02-19 02:46:07.287','RB2067'
'RF845318','2025-02-19 01:19:14.287','RB8945'
'RF750508','2025-02-19 00:20:14.287','RB5121'
'RF979434','2025-02-19 01:00:35.287','RB9431'
'RF115822','2025-02-19 03:23:57.287','RB8622'
'RF478228','2025-02-18 15:42:11.287','RB6407'
'RF680971','2025-02-19 02:25:51.287','RB9118'
'RF606916','2025-02-18 21:34:05.287','RB2878'
'RF237927','2025-02-18 16:21:09.287','RB8901'
'RF425049','2025-02-18 11:55:11.287','RB2396'
'RF299810','2025-02-18 22:33:56.288','RB5386'
'RF346305','2025-02-18 19:40:44.288','RB6644'
'RF722692','2025-02-18 11:48:45.288','RB5564'
'RF848953','2025-02-19 06:12:45.288','RB9515'
'RF900950','2025-02-18 15:46:47.288','RB8729'
'RF759729','2025-02-18 10:03:03.288','RB9943'
'RF624828','2025-02-19 05:29:25.288','RB1834'
'RF203555','2025-02-18 21:05:17.288','RB1037'
'RF743685','2025-02-18 19:57:42.288','RB4125'
'RF621762','2025-02-19 04:59:26.288','RB8132'
'RF966482','2025-02-18 20:53:21.288','RB8416'
'RF636249','2025-02-19 04:58:51.288','RB3076'
'RF101634','2025-02-19 07:13:48.288','RB9052'
'RF332024','2025-02-18 23:58:54.288','RB5343'
'RF640825','2025-02-18 20:17:41.288','RB2734'
'RF287320','2025-02-18 10:35:51.288','RB9985'
'RF898490','2025-02-18 22:04:09.288','RB5107'
'RF498733','2025-02-19 01:16:31.288','RB9874'
'RF246188','2025-02-18 19:47:01.288','RB9409'
'RF632611','2025-02-19 03:37:44.289','RB1594'
'RF132376','2025-02-18 11:01:16.289','RB9127'
'RF258719','2025-02-18 10:17:09.289','RB2828'
'RF575911','2025-02-18 17:50:43.289','RB9032'
'RF853928','2025-02-18 22:48:18.289','RB2947'
'RF838923','2025-02-18 15:04:17.289','RB9315'
'RF839341','2025-02-18 12:09:34.289','RB8833'
'RF953879','2025-02-19 02:33:40.289','RB8437'
'RF131152','2025-02-18 17:03:05.289','RB3854'
'RF888669','2025-02-19 03:00:43.289','RB6317'
'RF429445','2025-02-18 13:48:13.289','RB6446'
'RF333798','2025-02-19 02:03:56.289','RB1909'
'RF614567','2025-02-18 21:12:50.289','RB3889'
'RF739212','2025-02-18 23:25:43.289','RB8305'
'RF150993','2025-02-19 08:05:16.289','RB6598'
'RF125914','2025-02-18 14:50:49.289','RB7866'
'RF189963','2025-02-18 17:43:28.289','RB8526'
'RF842554','2025-02-18 20:05:43.289','RB8787'
'RF250840','2025-02-18 11:30:27.289','RB6053'
'RF657012','2025-02-18 15:56:21.290','RB2997'
'RF545816','2025-02-18 22:06:56.290','RB7111'
'RF171712','2025-02-18 21:34:43.290','RB7548'
'RF816580','2025-02-19 03:10:17.290','RB8557'
'RF306587','2025-02-18 23:49:40.290','RB1900'
'RF604902','2025-02-18 23:28:13.290','RB8392'
'RF439654','2025-02-18 10:09:44.290','RB7358'
'RF479636','2025-02-18 17:30:23.290','RB6865'
'RF528813','2025-02-18 19:31:29.290','RB3648'
'RF787159','2025-02-19 06:13:02.290','RB1804'
'RF420504','2025-02-18 21:51:59.290','RB3634'
'RF332281','2025-02-19 00:36:31.290','RB1365'
'RF687152','2025-02-19 01:47:15.290','RB9585'
'RF261351','2025-02-19 06:22:18.291','RB3746'
'RF711693','2025-02-18 16:51:04.291','RB9823'
'RF506726','2025-02-19 03:55:38.291','RB5514'
'RF344580','2025-02-18 11:46:12.291','RB6127'
'RF879722','2025-02-18 14:28:55.291','RB2311'
'RF979531','2025-02-19 07:24:48.291','RB6194'
'RF931536','2025-02-18 19:42:00.291','RB4679'
'RF666264','2025-02-18 22:11:32.291','RB4085'
'RF218240','2025-02-18 12:06:36.291','RB5883'
'RF356095','2025-02-19 01:24:40.291','RB7475'
'RF380441','2025-02-18 13:31:06.291','RB7999'
'RF685178','2025-02-18 20:54:06.291','RB3228'
'RF741009','2025-02-19 03:23:35.291','RB6154'
'RF388557','2025-02-19 02:08:06.291','RB6910'
'RF833861','2025-02-19 01:57:07.291','RB5315'
'RF697583','2025-02-18 11:28:18.291','RB2205'
'RF626528','2025-02-19 05:23:59.291','RB8157'
'RF685646','2025-02-19 04:52:06.291','RB5917'
'RF378099','2025-02-19 00:43:46.291','RB5093'
'RF622512','2025-02-18 11:30:26.291','RB8252'
'RF305880','2025-02-18 12:21:25.291','RB7121'
'RF477454','2025-02-18 23:45:34.292','RB9382'
'RF850212','2025-02-19 04:04:17.292','RB3297'
'RF929806','2025-02-18 12:58:46.292','RB1253'
'RF566477','2025-02-18 23:34:44.292','RB5556'
'RF208035','2025-02-18 13:57:22.292','RB8463'
'RF564665','2025-02-19 02:34:14.292','RB3493'
'RF159381','2025-02-19 01:13:22.292','RB6251'
'RF426261','2025-02-19 02:04:51.292','RB4970'
'RF229393','2025-02-19 04:36:19.292','RB2612'
'RF109251','2025-02-18 11:32:58.292','RB9675'
'RF836627','2025-02-18 18:03:02.292','RB3129'
'RF882616','2025-02-19 06:09:37.292','RB6836'
'RF280108','2025-02-19 04:39:31.292','RB7668'
'RF223692','2025-02-18 23:21:55.292','RB2809'
'RF297616','2025-02-18 13:48:16.292','RB8718'
'RF655095','2025-02-18 10:15:29.292','RB6444'
'RF818470','2025-02-18 10:44:50.292','RB2072'
'RF979686','2025-02-19 04:09:47.292','RB7594'
'RF686977','2025-02-19 00:15:29.292','RB9343'
'RF615078','2025-02-19 06:41:47.293','RB9084'
'RF927905','2025-02-19 03:51:50.293','RB7760'
'RF381157','2025-02-18 09:32:48.293','RB7305'
'RF674459','2025-02-18 17:20:20.293','RB6560'
'RF855272','2025-02-19 04:32:22.293','RB9624'
'RF932504','2025-02-18 15:46:09.293','RB2790'
'RF982608','2025-02-18 17:01:57.293','RB8558'
'RF683127','2025-02-18 12:54:40.293','RB5237'
'RF712117','2025-02-19 04:44:10.293','RB4372'
'RF415446','2025-02-18 22:58:01.293','RB1059'
'RF143816','2025-02-18 08:37:10.293','RB6381'
'RF308408','2025-02-18 21:33:38.293','RB7271'
'RF596423','2025-02-19 02:27:11.293','RB9006'
'RF135710','2025-02-19 01:36:22.293','RB8019'
'RF895484','2025-02-18 09:04:33.293','RB4229'
'RF116568','2025-02-19 02:46:12.293','RB1177'
'RF842127','2025-02-19 08:29:58.293','RB2570'
'RF152341','2025-02-18 12:03:39.293','RB4814'
'RF602945','2025-02-18 17:45:31.293','RB5150'
'RF807998','2025-02-18 09:52:41.293','RB7153'
'RF123690','2025-02-18 22:35:59.293','RB3901'
'RF608285','2025-02-18 09:43:49.294','RB8014'
'RF724487','2025-02-18 12:44:08.294','RB3630'
'RF778994','2025-02-18 15:51:25.294','RB9089'
'RF648710','2025-02-18 12:56:26.294','RB5839'
'RF877750','2025-02-19 06:08:24.294','RB9399'
'RF498665','2025-02-18 14:28:06.294','RB5571'
'RF559899','2025-02-18 15:59:47.294','RB1423'
'RF923432','2025-02-19 05:02:05.294','RB6876'
'RF802630','2025-02-19 06:44:05.294','RB6949'
'RF427612','2025-02-19 01:28:35.294','RB3127'
'RF933676','2025-02-19 03:17:06.294','RB6159'
'RF423954','2025-02-19 01:33:48.294','RB8489'
'RF988074','2025-02-18 09:01:50.294','RB5625'
'RF559975','2025-02-18 11:10:18.294','RB8714'
'RF869970','2025-02-18 16:42:21.295','RB4888'
'RF532992','2025-02-18 23:03:18.295','RB3592'
'RF473731','2025-02-18 14:40:17.295','RB6369'
'RF221519','2025-02-19 04:19:35.295','RB7990'
'RF714197','2025-02-18 22:07:35.295','RB1798'
'RF558602','2025-02-19 08:21:05.295','RB5750'
'RF804961','2025-02-18 10:44:37.295','RB5186'
'RF153435','2025-02-18 14:27:57.295','RB7806'
'RF345609','2025-02-19 07:31:58.295','RB8559'
'RF888611','2025-02-18 23:26:33.295','RB6384'
'RF989712','2025-02-18 12:29:24.295','RB8685'
'RF855237','2025-02-19 02:11:33.295','RB5603'
'RF303836','2025-02-18 10:54:27.295','RB9899'
'RF650574','2025-02-19 05:07:42.295','RB7578'
'RF843604','2025-02-18 21:04:50.295','RB3175'
'RF531394','2025-02-18 19:28:49.295','RB5556'
'RF871870','2025-02-18 12:48:02.295','RB5464'
'RF149923','2025-02-18 15:02:11.295','RB5902'
'RF791964','2025-02-18 17:26:05.295','RB7646'
'RF202537','2025-02-18 09:11:05.296','RB8472'
'RF849215','2025-02-18 16:24:24.296','RB5916'
'RF941361','2025-02-19 06:56:42.296','RB2452'
'RF397868','2025-02-18 13:53:38.296','RB8647'
'RF554490','2025-02-18 10:26:27.296','RB1450'
'RF868710','2025-02-19 02:17:50.296','RB4584'
'RF336709','2025-02-18 15:59:56.296','RB7227'
'RF208267','2025-02-19 01:34:21.296','RB5865'
'RF447490','2025-02-18 12:58:55.296','RB2489'
'RF393041','2025-02-19 06:53:20.297','RB8713'
'RF725417','2025-02-18 12:22:18.297','RB2444'
'RF673536','2025-02-18 08:57:24.297','RB9442'
'RF445029','2025-02-19 07:15:18.297','RB8901'
'RF233893','2025-02-19 06:52:36.297','RB2913'
'RF487013','2025-02-18 17:57:39.297','RB7137'
'RF300574','2025-02-19 03:43:38.297','RB7452'
'RF112586','2025-02-18 15:18:27.297','RB8814'
'RF465768','2025-02-18 14:29:04.297','RB5162'
'RF791266','2025-02-19 04:56:44.297','RB1561'
'RF856387','2025-02-18 19:49:06.297','RB4213'
'RF761509','2025-02-18 12:00:10.297','RB3758'
'RF764358','2025-02-18 19:56:17.297','RB9606'
'RF924875','2025-02-18 18:22:40.297','RB7062'
'RF424682','2025-02-18 12:34:47.297','RB7235'
'RF208257','2025-02-19 07:03:12.297','RB3097'
'RF322066','2025-02-19 03:05:14.297','RB1806'
'RF477372','2025-02-19 04:25:53.297','RB3621'
'RF436697','2025-02-19 03:05:16.297','RB8984'
'RF979807','2025-02-19 00:50:30.297','RB1153'
'RF783592','2025-02-18 16:02:24.297','RB7542'
'RF215413','2025-02-19 04:01:55.297','RB4485'
'RF727467','2025-02-18 10:15:56.297','RB8998'
'RF899270','2025-02-19 03:16:05.297','RB6707'
'RF444060','2025-02-19 06:32:17.298','RB4054'
'RF550878','2025-02-18 21:31:34.298','RB8510'
'RF377428','2025-02-19 05:14:57.298','RB4883'
'RF325456','2025-02-19 01:46:38.298','RB9319'
'RF826898','2025-02-18 21:12:51.298','RB1588'
'RF912056','2025-02-18 21:57:21.298','RB1562'
'RF417040','2025-02-19 05:30:43.298','RB3312'
'RF930475','2025-02-18 17:23:31.298','RB2017'
'RF867906','2025-02-19 07:03:40.298','RB2205'
'RF920197','2025-02-18 22:39:54.298','RB7700'
'RF450906','2025-02-19 03:39:49.298','RB7900'
'RF764269','2025-02-18 12:22:44.298','RB2537'
'RF894605','2025-02-19 08:02:21.298','RB4852'
'RF463035','2025-02-18 14:06:22.298','RB3047'
'RF794061','2025-02-18 13:59:34.298','RB2594'
'RF351074','2025-02-18 15:36:39.298','RB9191'
'RF149830','2025-02-19 00:27:16.298','RB8316'
'RF338848','2025-02-19 04:04:38.298','RB6404'
'RF467649','2025-02-19 08:00:03.299','RB1360'
'RF154335','2025-02-18 18:42:19.299','RB9678'
'RF529626','2025-02-18 23:14:49.299','RB3335'
'RF677732','2025-02-19 04:56:48.299','RB5401'
'RF123317','2025-02-19 01:03:16.299','RB6437'
'RF454038','2025-02-18 09:18:53.299','RB6318'
'RF650327','2025-02-18 20:50:17.299','RB5022'
'RF598308','2025-02-18 20:16:50.299','RB6869'
'RF508771','2025-02-18 11:28:03.299','RB4915'
'RF557560','2025-02-18 14:38:57.299','RB3790'
'RF535950','2025-02-19 05:02:10.299','RB6524'
'RF964041','2025-02-19 04:13:02.299','RB7062'
'RF249879','2025-02-19 05:08:02.299','RB8799'
'RF271132','2025-02-18 19:43:00.299','RB2012'
'RF189724','2025-02-18 18:54:47.299','RB1733'
'RF369883','2025-02-18 18:50:55.299','RB7684'
'RF380031','2025-02-18 19:38:12.299','RB1649'
'RF897797','2025-02-18 15:08:32.299','RB8986'
'RF299667','2025-02-18 13:11:39.299','RB6799'
'RF633674','2025-02-19 00:34:28.299','RB9544'
'RF859780','2025-02-19 07:03:29.300','RB5363'
'RF257188','2025-02-18 13:20:28.300','RB3393'
'RF270480','2025-02-18 23:19:02.300','RB9913'
'RF387981','2025-02-18 12:31:08.300','RB2209'
'RF661419','2025-02-19 04:37:09.300','RB1033'
'RF130167','2025-02-18 20:39:57.300','RB8445'
'RF515467','2025-02-19 06:48:45.300','RB9580'
'RF625420','2025-02-19 07:53:37.300','RB1070'
'RF850662','2025-02-18 08:36:27.300','RB9675'
'RF492517','2025-02-18 22:38:05.300','RB2408'
'RF528090','2025-02-18 10:23:37.300','RB1730'
'RF878933','2025-02-18 08:40:46.300','RB3629'
'RF588323','2025-02-18 13:51:31.300','RB5321'
'RF334587','2025-02-19 08:06:10.300','RB6522'
'RF292162','2025-02-18 22:11:38.300','RB1175'
'RF484570','2025-02-18 20:41:41.300','RB1191'
'RF293412','2025-02-19 03:33:10.300','RB5156'
'RF968378','2025-02-18 15:14:58.300','RB3284'
'RF994241','2025-02-18 16:17:15.301','RB9525'
'RF796084','2025-02-18 19:02:37.301','RB7123'
'RF196603','2025-02-18 12:32:04.301','RB9871'
'RF488881','2025-02-18 22:34:29.301','RB2362'
'RF462452','2025-02-18 23:18:51.301','RB7515'
'RF446037','2025-02-18 15:23:41.301','RB8245'
'RF486955','2025-02-19 06:21:35.301','RB4129'
'RF995832','2025-02-19 02:23:55.301','RB7992'
'RF255474','2025-02-19 05:20:28.301','RB7835'
'RF756857','2025-02-18 19:21:01.301','RB1977'
'RF671229','2025-02-19 02:37:16.301','RB2019'
'RF509224','2025-02-18 11:26:30.301','RB9930'
'RF376366','2025-02-18 23:41:03.301','RB2504'
'RF866337','2025-02-19 08:03:47.301','RB6625'
'RF468304','2025-02-18 10:13:07.301','RB1737'
'RF540037','2025-02-19 02:56:18.301','RB5766'
'RF461967','2025-02-18 10:17:07.301','RB5418'
'RF291990','2025-02-18 11:37:28.301','RB9537'
'RF919019','2025-02-18 17:25:35.301','RB3773'
'RF155209','2025-02-18 19:21:52.302','RB7990'
'RF319372','2025-02-18 10:02:46.302','RB9348'
'RF449832','2025-02-18 13:25:15.302','RB1604'
'RF758342','2025-02-19 07:49:37.302','RB3706'
'RF157974','2025-02-18 18:07:35.302','RB9265'
'RF255506','2025-02-18 13:26:55.302','RB8084'
'RF617538','2025-02-18 12:43:52.302','RB8868'
'RF353178','2025-02-18 22:56:59.302','RB2484'
'RF386025','2025-02-18 18:50:40.302','RB1133'
'RF936384','2025-02-19 00:22:11.302','RB2013'
'RF984943','2025-02-18 16:42:50.302','RB4783'
'RF242578','2025-02-19 04:09:13.302','RB9429'
'RF952546','2025-02-19 07:42:54.302','RB3784'
'RF569706','2025-02-19 03:33:31.302','RB9931'
'RF370675','2025-02-18 10:18:27.302','RB1214'
'RF982889','2025-02-18 23:51:02.303','RB7780'
'RF365624','2025-02-18 22:26:46.303','RB2420'
'RF387072','2025-02-19 04:10:42.303','RB4760'
'RF306493','2025-02-19 03:27:47.303','RB2519'
'RF814221','2025-02-19 00:28:59.303','RB1520'
'RF849023','2025-02-18 14:14:40.303','RB8120'
'RF941774','2025-02-18 22:07:40.303','RB7104'
'RF229774','2025-02-18 08:49:09.303','RB3135'
'RF204541','2025-02-18 09:55:01.303','RB9893'
'RF884753','2025-02-18 18:24:50.303','RB1938'
'RF951053','2025-02-18 12:47:17.303','RB1948'
'RF148264','2025-02-18 19:39:48.303','RB9694'
'RF888536','2025-02-18 11:19:16.303','RB8044'
'RF373817','2025-02-18 09:46:22.303','RB9055'
'RF752245','2025-02-18 23:15:46.303','RB1716'
'RF862072','2025-02-18 13:00:48.303','RB8614'
'RF265002','2025-02-19 02:50:26.303','RB5636'
'RF550408','2025-02-18 16:55:56.304','RB9794'
'RF376660','2025-02-18 22:49:11.304','RB9570'
'RF522668','2025-02-19 01:29:01.304','RB2769'
'RF116463','2025-02-18 19:29:21.304','RB6285'
'RF623505','2025-02-18 20:19:15.304','RB9042'
'RF589478','2025-02-18 10:07:17.304','RB1636'
'RF364752','2025-02-19 07:36:30.304','RB9535'
'RF306748','2025-02-18 18:43:48.304','RB6946'
'RF972461','2025-02-18 10:46:46.304','RB4545'
'RF259325','2025-02-18 16:34:15.304','RB7409'
'RF612970','2025-02-18 22:22:26.304','RB7498'
'RF942805','2025-02-18 12:33:48.304','RB5721'
'RF785480','2025-02-19 07:38:21.304','RB3097'
'RF159899','2025-02-18 13:29:54.304','RB2573'
'RF114929','2025-02-18 23:51:20.304','RB7346'
'RF499351','2025-02-18 18:13:16.304','RB1932'
'RF829843','2025-02-18 23:27:38.304','RB5526'
'RF801674','2025-02-18 11:32:11.304','RB9919'
'RF358607','2025-02-19 03:55:07.304','RB1672'
'RF456069','2025-02-18 16:05:36.305','RB4527'
'RF352546','2025-02-19 03:56:21.305','RB2636'
'RF150571','2025-02-18 18:39:41.305','RB2999'
'RF815199','2025-02-18 10:37:39.305','RB5740'
'RF971439','2025-02-18 23:13:11.305','RB7536'
'RF311968','2025-02-19 04:22:18.305','RB7702'
'RF144272','2025-02-18 16:03:58.305','RB5729'
'RF420092','2025-02-18 21:35:39.305','RB8330'
'RF728749','2025-02-18 16:35:48.305','RB3982'
'RF688791','2025-02-19 04:05:58.305','RB2674'
'RF415664','2025-02-18 11:51:00.305','RB8376'
'RF528564','2025-02-19 00:24:59.305','RB4718'
'RF998038','2025-02-18 15:23:16.305','RB7945'
'RF891094','2025-02-19 05:51:07.305','RB5423'
'RF195008','2025-02-19 05:02:37.305','RB2693'
'RF566976','2025-02-19 07:53:52.305','RB1362'
'RF523342','2025-02-18 15:52:53.305','RB9946'
'RF263497','2025-02-18 13:56:41.305','RB2466'
'RF840366','2025-02-18 15:31:59.306','RB9014'
'RF150786','2025-02-18 08:35:13.306','RB5682'
'RF556364','2025-02-19 06:30:16.306','RB2147'
'RF774714','2025-02-19 07:22:59.306','RB4699'
'RF976405','2025-02-18 13:58:02.306','RB4804'
'RF382512','2025-02-18 09:17:48.306','RB7599'
'RF293804','2025-02-18 23:28:59.306','RB8367'
'RF709422','2025-02-18 17:13:52.306','RB1998'
'RF486827','2025-02-19 00:23:31.306','RB4141'
'RF457263','2025-02-18 12:15:23.306','RB8404'
'RF611119','2025-02-18 12:47:44.306','RB4506'
'RF855545','2025-02-18 15:27:26.306','RB5958'
'RF381892','2025-02-18 23:29:58.306','RB6533'
'RF918416','2025-02-18 20:28:41.306','RB3630'
'RF197356','2025-02-18 10:25:02.306','RB1602'
'RF268120','2025-02-18 16:53:36.306','RB6347'
'RF769458','2025-02-19 05:03:48.306','RB6200'
'RF330462','2025-02-18 14:24:05.306','RB4991'
'RF737769','2025-02-18 09:44:05.307','RB4152'
'RF819338','2025-02-18 14:31:44.307','RB5135'
'RF497336','2025-02-18 09:37:22.307','RB4573'
'RF650243','2025-02-19 08:18:31.307','RB7246'
'RF156933','2025-02-18 20:03:56.307','RB9717'
'RF592775','2025-02-18 09:37:55.307','RB5014'
'RF513537','2025-02-18 13:48:26.307','RB4409'
'RF328321','2025-02-18 13:39:50.307','RB4743'
'RF384677','2025-02-18 19:28:06.307','RB1866'
'RF383585','2025-02-19 02:56:27.307','RB5512'
'RF939446','2025-02-19 00:13:44.307','RB6877'
'RF419322','2025-02-18 19:40:18.307','RB7426'
'RF495567','2025-02-19 05:31:44.307','RB8269'
'RF344973','2025-02-19 06:27:09.307','RB4778'
'RF485876','2025-02-18 22:26:16.307','RB2827'
'RF650909','2025-02-18 17:24:08.307','RB1180'
'RF503581','2025-02-18 15:23:05.307','RB5765'
'RF741492','2025-02-18 19:19:14.307','RB7832'
'RF387452','2025-02-18 18:40:40.307','RB8722'
'RF681528','2025-02-18 18:15:23.308','RB4863'
'RF932700','2025-02-18 10:32:58.308','RB5355'
'RF688114','2025-02-18 21:03:34.308','RB5401'
'RF910985','2025-02-18 09:14:19.308','RB8962'
'RF273646','2025-02-18 22:50:11.308','RB3729'
'RF925116','2025-02-19 04:56:01.308','RB1295'
'RF123146','2025-02-18 11:02:45.308','RB9993'
'RF861858','2025-02-19 07:46:41.308','RB7235'
'RF760982','2025-02-18 08:42:38.308','RB8047'
'RF346180','2025-02-19 07:25:50.308','RB1210'
'RF828868','2025-02-18 11:47:57.308','RB5111'
'RF759319','2025-02-19 04:04:03.308','RB4866'
'RF207678','2025-02-18 21:58:57.308','RB1401'
'RF249212','2025-02-19 08:05:27.308','RB1080'
'RF184470','2025-02-19 01:03:46.309','RB2052'
'RF262858','2025-02-19 08:31:43.309','RB5591'
'RF971987','2025-02-18 20:40:21.309','RB2536'
'RF713878','2025-02-19 08:27:15.309','RB6714'
'RF501833','2025-02-19 07:30:04.309','RB6715'
'RF117188','2025-02-18 19:42:07.309','RB3311'
'RF260973','2025-02-19 08:23:37.309','RB3208'
'RF134889','2025-02-19 05:26:02.309','RB4091'
'RF950672','2025-02-19 06:32:40.309','RB1419'
'RF909122','2025-02-18 10:16:41.309','RB7094'
'RF570699','2025-02-18 12:47:38.309','RB2300'
'RF958451','2025-02-19 00:06:30.309','RB3040'
'RF785779','2025-02-19 05:22:32.309','RB9936'
'RF838406','2025-02-18 11:38:11.309','RB3284'
'RF651236','2025-02-18 12:08:56.309','RB8317'
'RF345831','2025-02-18 21:33:09.309','RB4408'
'RF780407','2025-02-18 17:08:29.309','RB5730'
'RF741181','2025-02-19 02:59:44.309','RB1660'
'RF984272','2025-02-19 06:12:43.310','RB1435'
'RF322689','2025-02-18 13:47:35.310','RB6476'
'RF317367','2025-02-19 03:16:35.310','RB2969'
'RF659896','2025-02-18 13:44:30.310','RB2768'
'RF358414','2025-02-18 08:41:27.310','RB5397'
'RF998448','2025-02-18 21:58:52.310','RB6682'
'RF407494','2025-02-18 23:21:49.310','RB4943'
'RF570504','2025-02-18 22:25:03.310','RB1668'
'RF492325','2025-02-18 17:00:07.310','RB4985'
'RF994389','2025-02-19 05:04:39.310','RB4149'
'RF277749','2025-02-18 10:32:42.310','RB7282'
'RF872374','2025-02-18 09:53:03.310','RB6568'
'RF418685','2025-02-18 14:31:15.310','RB5727'
'RF314437','2025-02-18 18:36:33.310','RB1155'
'RF456546','2025-02-18 14:13:29.310','RB4453'
'RF630731','2025-02-18 12:06:25.310','RB4384'
'RF275618','2025-02-18 15:08:42.310','RB3090'
'RF174589','2025-02-18 18:45:26.310','RB6546'
'RF104162','2025-02-19 00:14:19.310','RB8614'
'RF512831','2025-02-19 02:47:23.310','RB9324'
'RF792386','2025-02-19 02:03:09.311','RB6109'
'RF707321','2025-02-18 09:51:40.311','RB4990'
'RF902909','2025-02-18 15:25:41.311','RB7844'
'RF727827','2025-02-19 04:49:19.311','RB8505'
'RF341127','2025-02-18 23:07:08.311','RB8281'
'RF205881','2025-02-18 10:09:50.311','RB5523'
'RF952737','2025-02-18 14:41:44.311','RB6922'
'RF136708','2025-02-18 15:22:35.311','RB7140'
'RF920724','2025-02-19 01:40:59.311','RB2846'
'RF781092','2025-02-19 03:33:45.311','RB1857'
'RF616547','2025-02-19 02:15:55.311','RB4070'
'RF703299','2025-02-19 00:51:29.311','RB6520'
'RF741638','2025-02-18 18:18:12.311','RB5151'
'RF448836','2025-02-18 17:39:22.311','RB5335'
'RF649253','2025-02-18 17:38:16.311','RB8956'
'RF484885','2025-02-18 20:09:19.311','RB2445'
'RF685170','2025-02-19 04:47:04.312','RB7249'
'RF168699','2025-02-18 10:40:52.312','RB1542'
'RF711324','2025-02-18 12:05:13.312','RB1219'
'RF913611','2025-02-19 04:15:38.312','RB2789'
'RF900260','2025-02-18 22:30:00.312','RB2629'
'RF842995','2025-02-18 14:18:20.312','RB4947'
'RF545628','2025-02-19 03:47:45.312','RB5844'
'RF847740','2025-02-18 19:48:27.312','RB4476'
'RF629442','2025-02-18 18:14:56.312','RB6031'
'RF164919','2025-02-19 01:16:52.312','RB5885'
'RF253601','2025-02-18 18:09:54.312','RB9437'
'RF603372','2025-02-18 18:49:51.312','RB2145'
'RF337813','2025-02-18 15:05:43.312','RB6492'
'RF664627','2025-02-18 17:20:57.312','RB4109'
'RF556502','2025-02-18 14:29:57.312','RB1115'
'RF939893','2025-02-18 13:45:55.312','RB8784'
'RF920410','2025-02-18 15:26:23.312','RB2554'
'RF548328','2025-02-18 10:28:24.312','RB9403'
'RF727087','2025-02-18 23:33:13.313','RB2420'
'RF699712','2025-02-18 09:08:31.313','RB2969'
'RF423849','2025-02-19 02:52:01.313','RB6488'
'RF350353','2025-02-18 22:59:00.313','RB3318'
'RF735567','2025-02-18 10:12:14.313','RB5432'
'RF326093','2025-02-18 13:25:39.313','RB1750'
'RF461506','2025-02-18 11:36:25.313','RB4391'
'RF876610','2025-02-18 21:58:57.313','RB1624'
'RF838089','2025-02-18 19:12:12.313','RB8737'
'RF685148','2025-02-18 13:36:00.313','RB8058'
'RF845453','2025-02-19 00:16:44.313','RB8118'
'RF464542','2025-02-18 22:30:17.313','RB8062'
'RF741572','2025-02-18 20:03:06.313','RB4013'
'RF543454','2025-02-19 05:52:27.313','RB9280'
'RF966005','2025-02-18 17:56:54.313','RB7829'
'RF516514','2025-02-18 11:06:11.313','RB9075'
'RF300835','2025-02-18 13:26:48.313','RB7393'
'RF707875','2025-02-18 23:51:41.314','RB8284'
'RF209297','2025-02-18 17:16:50.314','RB3908'
'RF767698','2025-02-19 05:45:26.314','RB5387'
'RF263797','2025-02-18 10:30:27.314','RB4681'
'RF803032','2025-02-18 17:26:03.314','RB6345'
'RF260870','2025-02-18 13:46:14.314','RB7184'
'RF334216','2025-02-18 12:05:02.314','RB3805'
'RF493319','2025-02-19 00:05:20.314','RB6207'
'RF786930','2025-02-18 19:48:55.314','RB5021'
'RF902843','2025-02-19 03:54:22.314','RB9162'
'RF422924','2025-02-19 07:09:38.315','RB8412'
'RF853802','2025-02-19 01:23:53.315','RB4369'
'RF435217','2025-02-18 11:55:11.315','RB8016'
'RF888448','2025-02-18 19:41:55.315','RB8105'
'RF196666','2025-02-18 12:11:26.315','RB7776'
'RF415557','2025-02-18 08:35:16.315','RB5670'
'RF304028','2025-02-19 08:05:08.315','RB5195'
'RF733013','2025-02-19 00:17:36.315','RB9086'
'RF432461','2025-02-19 02:04:46.315','RB2867'
'RF521926','2025-02-18 23:21:44.315','RB5531'
'RF255100','2025-02-18 17:23:58.315','RB4775'
'RF177228','2025-02-18 15:32:45.315','RB9495'
'RF491664','2025-02-18 22:51:46.315','RB7072'
'RF656359','2025-02-19 03:07:30.315','RB3747'
'RF145436','2025-02-19 00:10:20.315','RB9246'
'RF582690','2025-02-18 15:25:56.315','RB8009'
'RF785460','2025-02-19 06:19:16.315','RB7992'
'RF108918','2025-02-18 10:50:56.315','RB6219'
'RF792155','2025-02-19 02:46:56.315','RB9744'
'RF765221','2025-02-19 03:24:50.315','RB5188'
'RF592406','2025-02-18 15:21:57.315','RB4751'
'RF832273','2025-02-18 14:42:25.315','RB9674'
'RF611971','2025-02-19 02:39:29.315','RB9775'
'RF654426','2025-02-19 02:32:08.315','RB6962'
'RF938883','2025-02-18 13:46:28.315','RB5230'
'RF385596','2025-02-19 01:45:46.316','RB4703'
'RF973812','2025-02-19 08:14:29.316','RB6970'
'RF267673','2025-02-18 15:23:51.316','RB4962'
'RF332550','2025-02-18 23:53:50.316','RB8084'
'RF146147','2025-02-18 11:02:10.316','RB5421'
'RF128667','2025-02-18 14:36:18.316','RB2180'
'RF499702','2025-02-18 17:08:07.316','RB6590'
'RF956484','2025-02-18 14:18:59.316','RB1711'
'RF517509','2025-02-18 21:03:14.316','RB9143'
'RF367874','2025-02-19 03:35:17.316','RB3136'
'RF349434','2025-02-18 20:11:44.316','RB7520'
'RF370452','2025-02-18 22:33:03.316','RB1178'
'RF768355','2025-02-19 05:32:13.316','RB5034'
'RF213254','2025-02-18 17:58:56.316','RB5074'
'RF409314','2025-02-19 01:07:10.316','RB3563'
'RF205102','2025-02-18 10:40:39.316','RB7005'
'RF237729','2025-02-18 19:52:20.316','RB5631'
'RF288467','2025-02-18 23:49:21.316','RB2962'
'RF788339','2025-02-19 00:04:08.317','RB7540'
'RF912679','2025-02-19 00:24:52.317','RB1296'
'RF711928','2025-02-19 04:56:36.317','RB5427'
'RF472622','2025-02-18 10:44:23.317','RB6622'
'RF960392','2025-02-18 10:25:20.317','RB6470'
'RF763604','2025-02-18 19:45:06.317','RB2658'
'RF265378','2025-02-19 00:26:52.317','RB9486'
'RF711232','2025-02-18 20:25:28.317','RB4801'
'RF320743','2025-02-19 07:35:11.317','RB9970'
'RF944904','2025-02-18 19:33:04.317','RB3778'
'RF530007','2025-02-19 08:07:20.317','RB9251'
'RF870612','2025-02-18 11:54:25.317','RB3046'
'RF201411','2025-02-18 15:09:03.317','RB1461'
'RF555131','2025-02-18 23:50:37.317','RB4294'
'RF300322','2025-02-18 22:21:49.317','RB2191'
'RF881417','2025-02-19 01:36:00.317','RB3122'
'RF498919','2025-02-18 20:43:16.317','RB6898'
'RF563446','2025-02-19 01:27:11.317','RB5562'
'RF717588','2025-02-19 01:20:42.318','RB2886'
'RF144663','2025-02-18 23:54:11.318','RB2862'
'RF257445','2025-02-18 11:18:00.318','RB1301'
'RF525215','2025-02-19 03:59:24.318','RB1219'
'RF176485','2025-02-18 09:20:54.318','RB4142'
'RF696595','2025-02-19 08:24:52.318','RB5499'
'RF689998','2025-02-19 00:03:39.318','RB9130'
'RF380556','2025-02-18 19:44:49.318','RB6174'
'RF257259','2025-02-18 19:58:59.318','RB9750'
'RF803522','2025-02-19 08:02:36.318','RB1054'
'RF498329','2025-02-18 10:28:15.318','RB7047'
'RF713024','2025-02-19 07:01:57.318','RB4087'
'RF115769','2025-02-19 02:47:15.318','RB6952'
'RF172829','2025-02-18 09:53:38.318','RB3891'
'RF808978','2025-02-18 16:27:51.318','RB5083'
'RF258967','2025-02-19 01:15:24.318','RB3474'
'RF698693','2025-02-18 10:25:05.318','RB4268'
'RF439766','2025-02-18 10:54:00.318','RB4520'
'RF275988','2025-02-19 07:37:31.319','RB7807'
'RF929261','2025-02-18 20:52:55.319','RB7503'
'RF255929','2025-02-19 00:33:49.319','RB2380'
'RF161349','2025-02-19 05:33:24.319','RB1755'
'RF276337','2025-02-19 08:20:36.319','RB9411'
'RF358199','2025-02-18 17:25:08.319','RB6667'
'RF288969','2025-02-18 16:27:22.319','RB7976'
'RF750221','2025-02-18 12:26:33.319','RB3783'
'RF952586','2025-02-18 19:06:24.319','RB5474'
'RF178236','2025-02-18 15:37:02.319','RB5008'
'RF556940','2025-02-18 20:37:45.319','RB8012'
'RF763573','2025-02-18 10:54:27.319','RB5390'
'RF832321','2025-02-19 05:00:47.319','RB6170'
'RF462670','2025-02-19 05:39:49.319','RB3367'
'RF290296','2025-02-19 02:45:09.319','RB8930'
'RF736620','2025-02-19 04:10:00.319','RB6908'
'RF932521','2025-02-18 18:25:16.319','RB4694'
'RF168629','2025-02-18 09:52:46.319','RB2027'
'RF413843','2025-02-19 04:08:20.320','RB3174'
'RF229705','2025-02-18 15:47:09.320','RB4737'
'RF306642','2025-02-18 19:10:41.320','RB8038'
'RF462770','2025-02-19 07:00:28.320','RB4803'
'RF530217','2025-02-18 22:50:57.320','RB4968'
'RF757725','2025-02-19 04:22:37.320','RB2789'
'RF870319','2025-02-19 03:40:51.320','RB4180'
'RF637015','2025-02-18 16:47:46.320','RB3534'
'RF901533','2025-02-19 04:36:22.320','RB3499'
'RF693745','2025-02-18 13:26:49.320','RB7595'
'RF959081','2025-02-18 15:23:55.320','RB6933'
'RF721679','2025-02-18 16:56:20.321','RB4363'
'RF292967','2025-02-19 02:16:46.321','RB7555'
'RF822534','2025-02-18 08:57:17.321','RB4715'
'RF204524','2025-02-18 23:10:08.321','RB4625'
'RF575656','2025-02-19 03:41:30.321','RB3916'
'RF480424','2025-02-19 05:59:16.321','RB4902'
'RF419563','2025-02-19 04:47:01.321','RB8647'
'RF279778','2025-02-18 16:22:56.321','RB9193'
'RF299774','2025-02-18 23:07:47.321','RB5675'
'RF436576','2025-02-18 17:40:21.321','RB2322'
'RF221030','2025-02-18 16:03:01.321','RB6534'
'RF663220','2025-02-18 22:15:04.321','RB6474'
'RF595007','2025-02-19 03:34:35.321','RB9732'
'RF203499','2025-02-19 08:02:44.321','RB6733'
'RF654701','2025-02-18 14:40:43.321','RB9376'
'RF159288','2025-02-18 19:51:28.321','RB8810'
'RF852052','2025-02-19 00:38:19.321','RB7304'
'RF703353','2025-02-18 16:04:22.321','RB8612'
'RF462178','2025-02-19 06:01:11.321','RB2569'
'RF758493','2025-02-18 15:48:41.321','RB3543'
'RF842425','2025-02-19 03:17:11.321','RB4123'
'RF336467','2025-02-18 19:53:25.321','RB3193'
'RF189619','2025-02-19 02:31:00.321','RB9312'
'RF815177','2025-02-18 11:17:06.321','RB3760'
'RF214426','2025-02-18 17:20:13.321','RB1472'
'RF649370','2025-02-19 05:28:41.321','RB5304'
'RF947343','2025-02-18 21:02:09.321','RB7495'
'RF666501','2025-02-18 22:48:55.322','RB7089'
'RF909909','2025-02-18 22:10:58.322','RB3244'
'RF619525','2025-02-18 12:43:36.322','RB8169'
'RF532856','2025-02-18 23:12:47.322','RB6331'
'RF454701','2025-02-19 05:53:13.322','RB3995'
'RF451185','2025-02-18 16:38:32.322','RB7250'
'RF230792','2025-02-19 04:19:38.322','RB7811'
'RF756010','2025-02-18 21:54:54.322','RB7410'
'RF159967','2025-02-18 14:25:12.322','RB6166'
'RF606174','2025-02-19 04:58:28.322','RB2722'
'RF755849','2025-02-18 13:19:19.322','RB2770'
'RF713000','2025-02-18 22:32:34.322','RB6431'
'RF857324','2025-02-18 10:39:58.322','RB4945'
'RF365844','2025-02-18 12:25:32.322','RB2108'
'RF197627','2025-02-18 21:49:01.322','RB7429'
'RF758364','2025-02-18 09:02:40.323','RB9230'
'RF141002','2025-02-19 03:36:50.323','RB7263'
'RF111243','2025-02-19 02:59:46.323','RB9452'
'RF231851','2025-02-19 03:26:42.323','RB2598'
'RF626479','2025-02-18 21:58:15.323','RB4546'
'RF864638','2025-02-19 00:44:20.323','RB6521'
'RF595192','2025-02-18 22:31:56.323','RB9440'
'RF270690','2025-02-19 04:42:41.323','RB1083'
'RF404627','2025-02-18 16:05:27.323','RB6090'
'RF412379','2025-02-18 14:54:42.323','RB5717'
'RF999921','2025-02-19 01:40:51.323','RB4393'
'RF290228','2025-02-18 14:48:33.323','RB3352'
'RF799528','2025-02-19 05:15:59.323','RB6847'
'RF847121','2025-02-18 12:15:59.323','RB4361'
'RF378256','2025-02-18 14:48:11.323','RB6698'
'RF142242','2025-02-18 14:07:35.323','RB2733'
'RF876836','2025-02-18 15:45:17.323','RB6414'
'RF387650','2025-02-18 09:13:36.323','RB1699'
'RF885170','2025-02-18 20:47:56.324','RB7653'
'RF213489','2025-02-19 07:43:06.324','RB1563'
'RF557709','2025-02-18 10:23:39.324','RB9104'
'RF775893','2025-02-18 08:43:49.324','RB9792'
'RF445113','2025-02-19 02:36:39.324','RB4707'
'RF885964','2025-02-18 18:31:48.324','RB9090'
'RF385736','2025-02-19 08:15:53.324','RB8363'
'RF226169','2025-02-19 01:07:58.324','RB7965'
'RF782908','2025-02-18 23:15:33.324','RB3894'
'RF656156','2025-02-18 20:48:46.324','RB3776'
'RF221196','2025-02-18 11:18:02.324','RB8988'
'RF152001','2025-02-18 09:30:26.324','RB4696'
'RF661401','2025-02-19 02:21:52.324','RB3353'
'RF366170','2025-02-19 06:05:16.324','RB6573'
'RF895940','2025-02-18 13:46:19.324','RB6672'
'RF357570','2025-02-18 16:28:43.324','RB6169'
'RF480416','2025-02-19 00:45:43.324','RB1340'
'RF762848','2025-02-18 13:34:11.324','RB2867'
'RF851358','2025-02-18 08:41:30.324','RB3219'
'RF139711','2025-02-18 22:44:28.324','RB3325'
'RF606570','2025-02-18 19:02:13.325','RB9493'
'RF731462','2025-02-18 08:55:21.325','RB9790'
'RF494997','2025-02-19 00:21:33.325','RB7089'
'RF960324','2025-02-18 20:00:00.325','RB6341'
'RF536085','2025-02-18 09:44:55.325','RB8682'
'RF476863','2025-02-19 06:59:51.325','RB1756'
'RF759847','2025-02-19 02:00:15.325','RB8780'
'RF536962','2025-02-19 01:06:46.325','RB3505'
'RF879308','2025-02-18 21:09:39.325','RB4464'
'RF386191','2025-02-19 03:45:59.325','RB1298'
'RF116998','2025-02-18 13:20:18.325','RB4842'
'RF418961','2025-02-18 22:11:09.325','RB7585'
'RF710639','2025-02-19 04:37:59.325','RB4639'
'RF378102','2025-02-18 15:59:45.325','RB9857'
'RF953079','2025-02-18 18:22:06.325','RB6707'
'RF611548','2025-02-19 08:21:55.325','RB1063'
'RF592510','2025-02-19 07:04:13.325','RB9083'
'RF813642','2025-02-19 03:01:46.326','RB8048'
'RF519149','2025-02-19 05:50:04.326','RB5606'
'RF233780','2025-02-18 19:48:09.326','RB2501'
'RF965306','2025-02-18 20:28:44.326','RB2909'
'RF190838','2025-02-18 10:32:05.326','RB1357'
'RF578667','2025-02-19 00:12:59.326','RB3385'
'RF315045','2025-02-18 22:41:05.326','RB8228'
'RF739100','2025-02-18 17:36:52.326','RB3292'
'RF923414','2025-02-18 22:26:22.326','RB9113'
'RF921483','2025-02-19 04:28:44.326','RB7514'
'RF542289','2025-02-19 06:27:20.326','RB7889'
'RF778068','2025-02-18 12:30:52.326','RB2888'
'RF860100','2025-02-18 19:33:36.327','RB4225'
'RF851371','2025-02-19 00:43:10.327','RB5000'
'RF846319','2025-02-18 22:23:22.327','RB1170'
'RF507707','2025-02-19 02:00:42.327','RB9171'
'RF484401','2025-02-18 20:12:16.327','RB9344'
'RF872232','2025-02-18 22:32:26.327','RB2525'
'RF995583','2025-02-19 00:00:48.327','RB4791'
'RF772599','2025-02-18 16:00:46.327','RB4985'
'RF465941','2025-02-19 00:35:04.327','RB1388'
'RF655102','2025-02-18 12:00:32.327','RB7605'
'RF377001','2025-02-19 01:07:05.327','RB1604'
'RF449351','2025-02-19 07:55:38.327','RB7070'
'RF627255','2025-02-18 12:09:42.327','RB4253'
'RF236171','2025-02-19 01:47:09.327','RB7493'
'RF130158','2025-02-18 18:16:38.327','RB4370'
'RF388506','2025-02-18 13:03:24.327','RB9658'
'RF571668','2025-02-19 00:06:42.327','RB4143'
'RF876336','2025-02-18 13:54:09.327','RB8377'
'RF506134','2025-02-19 03:14:25.327','RB4687'
'RF524144','2025-02-18 22:24:11.327','RB6355'
'RF152393','2025-02-19 04:54:13.327','RB6642'
'RF260951','2025-02-19 01:00:42.327','RB3613'
'RF709210','2025-02-18 10:52:35.328','RB4780'
'RF483895','2025-02-19 03:00:28.328','RB7395'
'RF520817','2025-02-18 20:01:36.328','RB6573'
'RF164756','2025-02-18 17:08:25.328','RB1203'
'RF488054','2025-02-18 21:23:49.328','RB5483'
'RF829085','2025-02-19 04:20:10.328','RB3655'
'RF859627','2025-02-18 23:44:42.328','RB4318'
'RF476747','2025-02-19 05:39:20.328','RB6075'
'RF985187','2025-02-18 23:42:06.328','RB4966'
'RF510758','2025-02-18 15:02:16.328','RB7159'
'RF183709','2025-02-18 12:33:05.328','RB2725'
'RF788674','2025-02-18 11:44:55.328','RB5982'
'RF639294','2025-02-18 09:44:15.328','RB3134'
'RF223599','2025-02-18 21:57:16.328','RB2724'
'RF224606','2025-02-19 06:14:39.328','RB1478'
'RF625020','2025-02-18 12:19:09.328','RB3641'
'RF318792','2025-02-18 13:59:30.328','RB7113'
'RF518871','2025-02-18 13:58:23.328','RB7786'
'RF423934','2025-02-19 02:52:51.329','RB7280'
'RF984332','2025-02-18 18:21:33.329','RB7551'
'RF673813','2025-02-18 20:23:37.329','RB8860'
'RF379334','2025-02-19 01:08:17.329','RB3021'
'RF165285','2025-02-19 00:09:06.329','RB7038'
'RF423588','2025-02-18 23:02:44.329','RB9959'
'RF114230','2025-02-19 06:34:00.329','RB7356'
'RF461045','2025-02-19 04:21:06.329','RB5188'
'RF318787','2025-02-19 01:16:39.329','RB4556'
'RF157438','2025-02-19 00:41:00.329','RB6217'
'RF755277','2025-02-18 17:22:33.329','RB8894'
'RF922789','2025-02-18 12:42:52.329','RB9306'
'RF137791','2025-02-18 08:46:30.329','RB1233'
'RF484963','2025-02-18 11:44:34.329','RB1897'
'RF228104','2025-02-18 11:48:18.329','RB5904'
'RF215881','2025-02-18 13:48:35.329','RB6112'
'RF704351','2025-02-19 03:06:20.329','RB7337'
'RF944376','2025-02-19 08:22:10.330','RB7358'
'RF363355','2025-02-19 01:50:57.330','RB8954'
'RF821695','2025-02-19 00:00:49.330','RB4837'
'RF603490','2025-02-18 12:47:07.330','RB7668'
'RF853213','2025-02-19 05:00:36.330','RB2238'
'RF666070','2025-02-18 15:24:35.330','RB7356'
'RF402478','2025-02-18 10:27:33.330','RB4964'
'RF703084','2025-02-19 06:26:54.330','RB7691'
'RF100347','2025-02-19 02:35:38.330','RB5798'
'RF825274','2025-02-18 17:19:03.330','RB3515'
'RF831368','2025-02-19 07:57:11.330','RB8774'
'RF131043','2025-02-18 17:34:53.330','RB8111'
'RF303824','2025-02-19 05:33:38.330','RB8610'
'RF523544','2025-02-18 20:28:16.330','RB8089'
'RF843121','2025-02-18 16:16:34.330','RB4724'
'RF618890','2025-02-19 04:07:03.330','RB6609'
'RF998036','2025-02-19 06:00:57.330','RB3173'
'RF987180','2025-02-19 02:11:42.330','RB6047'
'RF453097','2025-02-18 14:21:35.331','RB8256'
'RF739009','2025-02-18 17:23:52.331','RB1014'
'RF665207','2025-02-18 12:16:14.331','RB6654'
'RF850495','2025-02-18 09:41:33.331','RB9888'
'RF401199','2025-02-18 16:01:28.331','RB5223'
'RF865672','2025-02-19 06:46:46.331','RB9709'
'RF897298','2025-02-18 14:41:24.331','RB9482'
'RF638414','2025-02-19 04:15:13.331','RB6559'
'RF809785','2025-02-19 08:06:21.331','RB9092'
'RF770558','2025-02-18 17:27:09.331','RB1514'
'RF124966','2025-02-18 23:18:27.331','RB1677'
'RF874494','2025-02-18 16:32:37.331','RB5294'
'RF635756','2025-02-18 12:36:57.331','RB5473'
'RF712755','2025-02-19 06:51:22.331','RB1591'
'RF151268','2025-02-18 10:11:58.331','RB5977'
'RF180917','2025-02-19 02:10:40.331','RB2949'
'RF796608','2025-02-18 13:05:18.331','RB9010'
